2026-05-10 01:39:46,160 - VehicleCounter - INFO - Starting Vehicle Counter & Traffic Analytics System...
2026-05-10 01:40:08,486 - VehicleCounter - INFO - Starting Vehicle Counter & Traffic Analytics System...
2026-05-10 01:40:13,475 - VehicleCounter - INFO - Loaded video: E:/EAUT/Python/final_test/test/cam1.mp4
2026-05-10 01:40:18,068 - VehicleCounter - INFO - Loading model from E:/EAUT/Python/final_test/model/lastest.pt...
2026-05-10 01:40:19,954 - VehicleCounter - INFO - Model loaded successfully.
2026-05-10 01:41:42,559 - VehicleCounter - INFO - Starting Vehicle Counter & Traffic Analytics System...
2026-05-10 01:42:03,537 - VehicleCounter - INFO - Starting Vehicle Counter & Traffic Analytics System...
2026-05-10 01:42:08,456 - VehicleCounter - INFO - Loaded video: E:/EAUT/Python/final_test/test/cam2.mp4
2026-05-10 01:42:11,439 - VehicleCounter - INFO - Loading model from E:/EAUT/Python/final_test/model/lastest.pt...
2026-05-10 01:42:11,618 - VehicleCounter - INFO - Model loaded successfully.
2026-05-10 01:44:23,859 - VehicleCounter - INFO - Starting Vehicle Counter & Traffic Analytics System...
2026-05-10 01:44:27,823 - VehicleCounter - INFO - Loaded video: E:/EAUT/Python/final_test/test/cam1.mp4
2026-05-10 01:44:29,830 - VehicleCounter - INFO - Loading model from E:/EAUT/Python/final_test/model/lastest.pt...
2026-05-10 01:44:30,002 - VehicleCounter - INFO - Model loaded successfully.
2026-05-10 01:46:21,584 - VehicleCounter - INFO - Starting Vehicle Counter & Traffic Analytics System...
2026-05-10 01:46:25,367 - VehicleCounter - INFO - Loaded video: E:/EAUT/Python/final_test/test/cam1.mp4
2026-05-10 01:46:27,389 - VehicleCounter - INFO - Loading model from E:/EAUT/Python/final_test/model/lastest.pt...
2026-05-10 01:46:27,537 - VehicleCounter - INFO - Model loaded successfully.
2026-05-10 01:50:42,901 - VehicleCounter - INFO - Starting Vehicle Counter & Traffic Analytics System...
2026-05-10 01:50:47,144 - VehicleCounter - INFO - Loaded video: E:/EAUT/Python/final_test/test/cam1.mp4
2026-05-10 01:50:50,780 - VehicleCounter - INFO - Loading model from E:/EAUT/Python/final_test/model/lastest.pt...
2026-05-10 01:50:50,945 - VehicleCounter - INFO - Model loaded successfully.
2026-05-10 01:51:53,510 - VehicleCounter - INFO - Starting Vehicle Counter & Traffic Analytics System...
2026-05-10 01:51:56,578 - VehicleCounter - INFO - Loaded video: E:/EAUT/Python/final_test/test/cam1.mp4
2026-05-10 01:51:58,428 - VehicleCounter - INFO - Loading model from E:/EAUT/Python/final_test/model/lastest.pt...
2026-05-10 01:51:58,578 - VehicleCounter - INFO - Model loaded successfully.
2026-05-10 09:27:13,562 - VehicleCounter - INFO - Starting Vehicle Counter & Traffic Analytics System...
2026-05-10 09:27:17,126 - VehicleCounter - INFO - Loaded video: E:/EAUT/Python/final_test/test/cam3.mp4
2026-05-10 09:27:19,619 - VehicleCounter - INFO - Loading model from E:/EAUT/Python/final_test/model/lastest.pt...
2026-05-10 09:27:21,361 - VehicleCounter - INFO - Model loaded successfully.
2026-05-10 09:30:45,016 - VehicleCounter - INFO - Starting Vehicle Counter & Traffic Analytics System...
2026-05-10 09:30:47,521 - VehicleCounter - INFO - Loaded video: E:/EAUT/Python/final_test/test/cam2.mp4
2026-05-10 09:30:48,959 - VehicleCounter - INFO - Loading model from E:/EAUT/Python/final_test/model/lastest.pt...
2026-05-10 09:30:49,123 - VehicleCounter - INFO - Model loaded successfully.
2026-05-10 09:32:22,515 - VehicleCounter - INFO - Starting Vehicle Counter & Traffic Analytics System...
2026-05-10 09:32:26,312 - VehicleCounter - INFO - Loaded video: E:/EAUT/Python/final_test/test/cam2.mp4
2026-05-10 09:32:28,032 - VehicleCounter - INFO - Loading model from E:/EAUT/Python/final_test/model/lastest.pt...
2026-05-10 09:32:28,176 - VehicleCounter - INFO - Model loaded successfully.
2026-05-10 09:35:39,290 - VehicleCounter - INFO - Starting Vehicle Counter & Traffic Analytics System...
2026-05-10 09:35:43,135 - VehicleCounter - INFO - Loaded video: E:/EAUT/Python/final_test/test/cam2.mp4
2026-05-10 09:35:44,939 - VehicleCounter - INFO - Loading model from E:/EAUT/Python/final_test/model/lastest.pt...
2026-05-10 09:35:45,088 - VehicleCounter - INFO - Model loaded successfully.
2026-05-10 09:43:58,444 - VehicleCounter - INFO - Starting Vehicle Counter & Traffic Analytics System...
2026-05-10 09:44:04,015 - VehicleCounter - INFO - Loaded video: E:/EAUT/Python/final_test/test/cam2.mp4
2026-05-10 09:44:05,581 - VehicleCounter - INFO - Loading model from E:/EAUT/Python/final_test/model/lastest.pt...
2026-05-10 09:44:05,771 - VehicleCounter - INFO - Model loaded successfully.
2026-05-10 09:45:08,700 - VehicleCounter - INFO - Loaded video: E:/EAUT/Python/final_test/test/cam1.mp4
2026-05-10 09:45:09,757 - VehicleCounter - INFO - Loading model from E:/EAUT/Python/final_test/model/lastest.pt...
2026-05-10 09:45:10,008 - VehicleCounter - INFO - Model loaded successfully.
2026-05-10 09:56:36,454 - VehicleCounter - INFO - Starting Vehicle Counter & Traffic Analytics System...
2026-05-10 09:56:41,180 - VehicleCounter - INFO - Loaded video: E:/EAUT/Python/final_test/test/cam1.mp4
2026-05-10 09:56:42,533 - VehicleCounter - INFO - Loading model from E:/EAUT/Python/final_test/model/lastest.pt...
2026-05-10 09:56:42,710 - VehicleCounter - INFO - Model loaded successfully.
2026-05-10 10:01:15,913 - VehicleCounter - INFO - Starting Vehicle Counter & Traffic Analytics System...
2026-05-10 10:01:20,787 - VehicleCounter - INFO - Loaded video: E:/EAUT/Python/final_test/test/cam2.mp4
2026-05-10 10:01:22,036 - VehicleCounter - INFO - Loading model from E:/EAUT/Python/final_test/model/lastest.pt...
2026-05-10 10:01:22,183 - VehicleCounter - INFO - Model loaded successfully.
2026-05-10 10:03:20,924 - VehicleCounter - INFO - Loaded video: E:/EAUT/Python/final_test/test/cam1.mp4
2026-05-10 10:03:21,990 - VehicleCounter - INFO - Loading model from E:/EAUT/Python/final_test/model/lastest.pt...
2026-05-10 10:03:22,133 - VehicleCounter - INFO - Model loaded successfully.
2026-05-10 10:17:22,070 - VehicleCounter - INFO - Starting Vehicle Counter & Traffic Analytics System...
2026-05-10 10:17:33,411 - VehicleCounter - INFO - Loaded video: E:/EAUT/Python/final_test/test/cam1.mp4
2026-05-10 10:17:34,532 - VehicleCounter - INFO - Loading model from E:/EAUT/Python/final_test/model/lastest.pt...
2026-05-10 10:17:34,711 - VehicleCounter - INFO - Model loaded successfully.
2026-05-10 10:20:58,988 - VehicleCounter - INFO - Starting Vehicle Counter & Traffic Analytics System...
2026-05-10 10:21:32,537 - VehicleCounter - INFO - Loaded video: E:/EAUT/Python/final_test/test/cam1.mp4
2026-05-10 10:21:33,435 - VehicleCounter - INFO - Loading model from E:/EAUT/Python/final_test/model/lastest.pt...
2026-05-10 10:21:33,586 - VehicleCounter - INFO - Model loaded successfully.
2026-05-10 10:22:05,338 - VehicleCounter - INFO - Loaded video: E:/EAUT/Python/final_test/test/cam2.mp4
2026-05-10 10:22:06,115 - VehicleCounter - INFO - Loading model from E:/EAUT/Python/final_test/model/lastest.pt...
2026-05-10 10:22:06,278 - VehicleCounter - INFO - Model loaded successfully.
2026-05-10 10:30:19,543 - VehicleCounter - INFO - Starting Vehicle Counter & Traffic Analytics System...
2026-05-10 10:30:27,393 - VehicleCounter - INFO - Loaded video: E:/EAUT/Python/final_test/test/cam1.mp4
2026-05-10 10:30:29,531 - VehicleCounter - INFO - Loaded video: E:/EAUT/Python/final_test/test/cam2.mp4
2026-05-10 10:30:30,471 - VehicleCounter - INFO - Loading model from E:/EAUT/Python/final_test/model/lastest.pt...
2026-05-10 10:30:30,645 - VehicleCounter - INFO - Model loaded successfully.
2026-05-10 10:33:17,581 - VehicleCounter - INFO - End of video stream reached.
2026-05-10 12:48:36,202 - VehicleCounter - INFO - Loading model from E:/EAUT/Python/final_test/model/lastest.pt...
2026-05-10 12:48:38,056 - VehicleCounter - INFO - Model loaded successfully.
2026-05-10 12:49:43,132 - VehicleCounter - INFO - Loaded video: E:/EAUT/Python/final_test/test/cam1.mp4
2026-05-10 12:49:46,021 - VehicleCounter - INFO - Loading model from E:/EAUT/Python/final_test/model/lastest.pt...
2026-05-10 12:49:46,356 - VehicleCounter - INFO - Model loaded successfully.
2026-05-10 12:55:50,997 - VehicleCounter - INFO - Starting Vehicle Counter & Traffic Analytics System...
2026-05-10 13:08:04,640 - VehicleCounter - INFO - Starting Vehicle Counter & Traffic Analytics System...
2026-05-10 13:16:08,984 - VehicleCounter - INFO - Starting Vehicle Counter & Traffic Analytics System...
2026-05-10 13:19:03,602 - VehicleCounter - INFO - Loaded video: E:/EAUT/Python/final_test/test/cam1.mp4
2026-05-10 13:19:21,260 - VehicleCounter - INFO - Loading model from E:/EAUT/Python/final_test/model/lastest.pt...
2026-05-10 13:19:21,423 - VehicleCounter - INFO - Model loaded successfully.
2026-05-10 13:20:37,879 - VehicleCounter - INFO - Loading model from E:/EAUT/Python/final_test/model/lastest.pt...
2026-05-10 13:20:38,164 - VehicleCounter - INFO - Model loaded successfully.
2026-05-10 13:21:07,618 - VehicleCounter - INFO - Loading model from E:/EAUT/Python/final_test/model/lastest.pt...
2026-05-10 13:21:07,761 - VehicleCounter - INFO - Model loaded successfully.
2026-05-10 13:22:56,042 - VehicleCounter - INFO - Loading model from E:/EAUT/Python/final_test/model/lastest.pt...
2026-05-10 13:22:56,186 - VehicleCounter - INFO - Model loaded successfully.
2026-05-10 13:25:32,484 - VehicleCounter - INFO - End of video stream reached.
2026-05-10 13:28:47,880 - VehicleCounter - INFO - Starting Vehicle Counter & Traffic Analytics System...
2026-05-10 13:29:03,121 - VehicleCounter - INFO - Loaded video: E:/EAUT/Python/final_test/test/cam1.mp4
2026-05-10 13:29:18,960 - VehicleCounter - INFO - Loading model from E:/EAUT/Python/final_test/model/lastest.pt...
2026-05-10 13:29:19,159 - VehicleCounter - INFO - Model loaded successfully.
2026-05-10 13:34:37,552 - VehicleCounter - INFO - Starting Vehicle Counter & Traffic Analytics System...
2026-05-10 13:34:44,432 - VehicleCounter - INFO - Loaded video: E:/EAUT/Python/final_test/test/cam2.mp4
2026-05-10 13:34:53,800 - VehicleCounter - INFO - Loading model from E:/EAUT/Python/final_test/model/lastest.pt...
2026-05-10 13:34:53,953 - VehicleCounter - INFO - Model loaded successfully.
2026-05-10 13:37:28,951 - VehicleCounter - INFO - End of video stream reached.
2026-05-10 13:37:58,900 - VehicleCounter - INFO - Loading model from E:/EAUT/Python/final_test/model/lastest.pt...
2026-05-10 13:37:59,041 - VehicleCounter - INFO - Model loaded successfully.
2026-05-10 13:40:36,434 - VehicleCounter - INFO - End of video stream reached.
2026-05-10 13:52:14,579 - VehicleCounter - INFO - Starting Vehicle Counter & Traffic Analytics System...
2026-05-10 13:52:34,677 - VehicleCounter - INFO - Loaded video: E:/EAUT/Python/final_test/test/cam1.mp4
2026-05-10 13:52:45,668 - VehicleCounter - INFO - Loading model from E:/EAUT/Python/final_test/model/lastest.pt...
2026-05-10 13:52:45,814 - VehicleCounter - INFO - Model loaded successfully.
2026-05-10 13:52:46,297 - VehicleCounter - ERROR - Error in VideoWorker: '[31m[1mtrack_buffer[0m' is not a valid YOLO argument. Similar arguments are i.e. ['stream_buffer=False', 'tracker=botsort.yaml'].

    Arguments received: ['yolo']. Ultralytics 'yolo' commands use the following syntax:

        yolo TASK MODE ARGS

        Where   TASK (optional) is one of ['classify', 'pose', 'obb', 'detect', 'segment']
                MODE (required) is one of ['track', 'export', 'benchmark', 'predict', 'train', 'val']
                ARGS (optional) are any number of custom 'arg=value' pairs like 'imgsz=320' that override defaults.
                    See all ARGS at https://docs.ultralytics.com/usage/cfg or with 'yolo cfg'

    1. Train a detection model for 10 epochs with an initial learning_rate of 0.01
        yolo train data=coco8.yaml model=yolo11n.pt epochs=10 lr0=0.01

    2. Predict a YouTube video using a pretrained segmentation model at image size 320:
        yolo predict model=yolo11n-seg.pt source='https://youtu.be/LNwODJXcvt4' imgsz=320

    3. Validate a pretrained detection model at batch-size 1 and image size 640:
        yolo val model=yolo11n.pt data=coco8.yaml batch=1 imgsz=640

    4. Export a YOLO11n classification model to ONNX format at image size 224 by 128 (no TASK required)
        yolo export model=yolo11n-cls.pt format=onnx imgsz=224,128

    5. Ultralytics solutions usage
        yolo solutions count or any of ['crop', 'blur', 'workout', 'heatmap', 'isegment', 'visioneye', 'speed', 'queue', 'analytics', 'inference', 'trackzone'] source="path/to/video.mp4"

    6. Run special commands:
        yolo help
        yolo checks
        yolo version
        yolo settings
        yolo copy-cfg
        yolo cfg
        yolo solutions help

    Docs: https://docs.ultralytics.com
    Solutions: https://docs.ultralytics.com/solutions/
    Community: https://community.ultralytics.com
    GitHub: https://github.com/ultralytics/ultralytics
    
Traceback (most recent call last):
  File "E:\EAUT\Python\final_test\vehicle-counter-v1\gui\workers.py", line 91, in run
    tracks = self.detector.track(frame)
             ^^^^^^^^^^^^^^^^^^^^^^^^^^
  File "E:\EAUT\Python\final_test\vehicle-counter-v1\models\yolo_model.py", line 30, in track
    results = self.model.track(
              ^^^^^^^^^^^^^^^^^
  File "C:\Users\edoga\AppData\Roaming\Python\Python311\site-packages\ultralytics\engine\model.py", line 578, in track
    return self.predict(source=source, stream=stream, **kwargs)
           ^^^^^^^^^^^^^^^^^^^^^^^^^^^^^^^^^^^^^^^^^^^^^^^^^^^^
  File "C:\Users\edoga\AppData\Roaming\Python\Python311\site-packages\ultralytics\engine\model.py", line 527, in predict
    self.predictor = (predictor or self._smart_load("predictor"))(overrides=args, _callbacks=self.callbacks)
                     ^^^^^^^^^^^^^^^^^^^^^^^^^^^^^^^^^^^^^^^^^^^^^^^^^^^^^^^^^^^^^^^^^^^^^^^^^^^^^^^^^^^^^^^
  File "C:\Users\edoga\AppData\Roaming\Python\Python311\site-packages\ultralytics\engine\predictor.py", line 124, in __init__
    self.args = get_cfg(cfg, overrides)
                ^^^^^^^^^^^^^^^^^^^^^^^
  File "C:\Users\edoga\AppData\Roaming\Python\Python311\site-packages\ultralytics\cfg\__init__.py", line 310, in get_cfg
    check_dict_alignment(cfg, overrides)
  File "C:\Users\edoga\AppData\Roaming\Python\Python311\site-packages\ultralytics\cfg\__init__.py", line 505, in check_dict_alignment
    raise SyntaxError(string + CLI_HELP_MSG) from e
SyntaxError: '[31m[1mtrack_buffer[0m' is not a valid YOLO argument. Similar arguments are i.e. ['stream_buffer=False', 'tracker=botsort.yaml'].

    Arguments received: ['yolo']. Ultralytics 'yolo' commands use the following syntax:

        yolo TASK MODE ARGS

        Where   TASK (optional) is one of ['classify', 'pose', 'obb', 'detect', 'segment']
                MODE (required) is one of ['track', 'export', 'benchmark', 'predict', 'train', 'val']
                ARGS (optional) are any number of custom 'arg=value' pairs like 'imgsz=320' that override defaults.
                    See all ARGS at https://docs.ultralytics.com/usage/cfg or with 'yolo cfg'

    1. Train a detection model for 10 epochs with an initial learning_rate of 0.01
        yolo train data=coco8.yaml model=yolo11n.pt epochs=10 lr0=0.01

    2. Predict a YouTube video using a pretrained segmentation model at image size 320:
        yolo predict model=yolo11n-seg.pt source='https://youtu.be/LNwODJXcvt4' imgsz=320

    3. Validate a pretrained detection model at batch-size 1 and image size 640:
        yolo val model=yolo11n.pt data=coco8.yaml batch=1 imgsz=640

    4. Export a YOLO11n classification model to ONNX format at image size 224 by 128 (no TASK required)
        yolo export model=yolo11n-cls.pt format=onnx imgsz=224,128

    5. Ultralytics solutions usage
        yolo solutions count or any of ['crop', 'blur', 'workout', 'heatmap', 'isegment', 'visioneye', 'speed', 'queue', 'analytics', 'inference', 'trackzone'] source="path/to/video.mp4"

    6. Run special commands:
        yolo help
        yolo checks
        yolo version
        yolo settings
        yolo copy-cfg
        yolo cfg
        yolo solutions help

    Docs: https://docs.ultralytics.com
    Solutions: https://docs.ultralytics.com/solutions/
    Community: https://community.ultralytics.com
    GitHub: https://github.com/ultralytics/ultralytics
    
2026-05-10 13:52:58,559 - VehicleCounter - INFO - Loading model from E:/EAUT/Python/final_test/model/lastest.pt...
2026-05-10 13:52:58,701 - VehicleCounter - INFO - Model loaded successfully.
2026-05-10 13:52:58,728 - VehicleCounter - ERROR - Error in VideoWorker: '[31m[1mtrack_buffer[0m' is not a valid YOLO argument. Similar arguments are i.e. ['stream_buffer=False', 'tracker=botsort.yaml'].

    Arguments received: ['yolo']. Ultralytics 'yolo' commands use the following syntax:

        yolo TASK MODE ARGS

        Where   TASK (optional) is one of ['classify', 'pose', 'obb', 'detect', 'segment']
                MODE (required) is one of ['track', 'export', 'benchmark', 'predict', 'train', 'val']
                ARGS (optional) are any number of custom 'arg=value' pairs like 'imgsz=320' that override defaults.
                    See all ARGS at https://docs.ultralytics.com/usage/cfg or with 'yolo cfg'

    1. Train a detection model for 10 epochs with an initial learning_rate of 0.01
        yolo train data=coco8.yaml model=yolo11n.pt epochs=10 lr0=0.01

    2. Predict a YouTube video using a pretrained segmentation model at image size 320:
        yolo predict model=yolo11n-seg.pt source='https://youtu.be/LNwODJXcvt4' imgsz=320

    3. Validate a pretrained detection model at batch-size 1 and image size 640:
        yolo val model=yolo11n.pt data=coco8.yaml batch=1 imgsz=640

    4. Export a YOLO11n classification model to ONNX format at image size 224 by 128 (no TASK required)
        yolo export model=yolo11n-cls.pt format=onnx imgsz=224,128

    5. Ultralytics solutions usage
        yolo solutions count or any of ['crop', 'blur', 'workout', 'heatmap', 'isegment', 'visioneye', 'speed', 'queue', 'analytics', 'inference', 'trackzone'] source="path/to/video.mp4"

    6. Run special commands:
        yolo help
        yolo checks
        yolo version
        yolo settings
        yolo copy-cfg
        yolo cfg
        yolo solutions help

    Docs: https://docs.ultralytics.com
    Solutions: https://docs.ultralytics.com/solutions/
    Community: https://community.ultralytics.com
    GitHub: https://github.com/ultralytics/ultralytics
    
Traceback (most recent call last):
  File "E:\EAUT\Python\final_test\vehicle-counter-v1\gui\workers.py", line 91, in run
    tracks = self.detector.track(frame)
             ^^^^^^^^^^^^^^^^^^^^^^^^^^
  File "E:\EAUT\Python\final_test\vehicle-counter-v1\models\yolo_model.py", line 30, in track
    results = self.model.track(
              ^^^^^^^^^^^^^^^^^
  File "C:\Users\edoga\AppData\Roaming\Python\Python311\site-packages\ultralytics\engine\model.py", line 578, in track
    return self.predict(source=source, stream=stream, **kwargs)
           ^^^^^^^^^^^^^^^^^^^^^^^^^^^^^^^^^^^^^^^^^^^^^^^^^^^^
  File "C:\Users\edoga\AppData\Roaming\Python\Python311\site-packages\ultralytics\engine\model.py", line 527, in predict
    self.predictor = (predictor or self._smart_load("predictor"))(overrides=args, _callbacks=self.callbacks)
                     ^^^^^^^^^^^^^^^^^^^^^^^^^^^^^^^^^^^^^^^^^^^^^^^^^^^^^^^^^^^^^^^^^^^^^^^^^^^^^^^^^^^^^^^
  File "C:\Users\edoga\AppData\Roaming\Python\Python311\site-packages\ultralytics\engine\predictor.py", line 124, in __init__
    self.args = get_cfg(cfg, overrides)
                ^^^^^^^^^^^^^^^^^^^^^^^
  File "C:\Users\edoga\AppData\Roaming\Python\Python311\site-packages\ultralytics\cfg\__init__.py", line 310, in get_cfg
    check_dict_alignment(cfg, overrides)
  File "C:\Users\edoga\AppData\Roaming\Python\Python311\site-packages\ultralytics\cfg\__init__.py", line 505, in check_dict_alignment
    raise SyntaxError(string + CLI_HELP_MSG) from e
SyntaxError: '[31m[1mtrack_buffer[0m' is not a valid YOLO argument. Similar arguments are i.e. ['stream_buffer=False', 'tracker=botsort.yaml'].

    Arguments received: ['yolo']. Ultralytics 'yolo' commands use the following syntax:

        yolo TASK MODE ARGS

        Where   TASK (optional) is one of ['classify', 'pose', 'obb', 'detect', 'segment']
                MODE (required) is one of ['track', 'export', 'benchmark', 'predict', 'train', 'val']
                ARGS (optional) are any number of custom 'arg=value' pairs like 'imgsz=320' that override defaults.
                    See all ARGS at https://docs.ultralytics.com/usage/cfg or with 'yolo cfg'

    1. Train a detection model for 10 epochs with an initial learning_rate of 0.01
        yolo train data=coco8.yaml model=yolo11n.pt epochs=10 lr0=0.01

    2. Predict a YouTube video using a pretrained segmentation model at image size 320:
        yolo predict model=yolo11n-seg.pt source='https://youtu.be/LNwODJXcvt4' imgsz=320

    3. Validate a pretrained detection model at batch-size 1 and image size 640:
        yolo val model=yolo11n.pt data=coco8.yaml batch=1 imgsz=640

    4. Export a YOLO11n classification model to ONNX format at image size 224 by 128 (no TASK required)
        yolo export model=yolo11n-cls.pt format=onnx imgsz=224,128

    5. Ultralytics solutions usage
        yolo solutions count or any of ['crop', 'blur', 'workout', 'heatmap', 'isegment', 'visioneye', 'speed', 'queue', 'analytics', 'inference', 'trackzone'] source="path/to/video.mp4"

    6. Run special commands:
        yolo help
        yolo checks
        yolo version
        yolo settings
        yolo copy-cfg
        yolo cfg
        yolo solutions help

    Docs: https://docs.ultralytics.com
    Solutions: https://docs.ultralytics.com/solutions/
    Community: https://community.ultralytics.com
    GitHub: https://github.com/ultralytics/ultralytics
    
2026-05-10 13:56:10,883 - VehicleCounter - INFO - Starting Vehicle Counter & Traffic Analytics System...
2026-05-10 13:57:18,085 - VehicleCounter - INFO - Loaded video: E:/EAUT/Python/final_test/test/cam1.mp4
2026-05-10 13:57:24,609 - VehicleCounter - INFO - Loading model from E:/EAUT/Python/final_test/model/lastest.pt...
2026-05-10 13:57:24,756 - VehicleCounter - INFO - Model loaded successfully.
2026-05-10 13:58:50,997 - VehicleCounter - INFO - End of video stream reached.
2026-05-10 14:13:37,154 - VehicleCounter - INFO - Starting Vehicle Counter & Traffic Analytics System...
2026-05-10 14:13:42,055 - VehicleCounter - INFO - Loaded video: E:/EAUT/Python/final_test/test/cam2.mp4
2026-05-10 14:13:55,519 - VehicleCounter - INFO - Loading model from E:/EAUT/Python/final_test/model/lastest.pt...
2026-05-10 14:13:55,666 - VehicleCounter - INFO - Model loaded successfully.
2026-05-10 14:15:38,158 - VehicleCounter - INFO - End of video stream reached.
2026-05-10 17:00:41,623 - VehicleCounter - INFO - Starting Vehicle Counter & Traffic Analytics System...
2026-05-10 17:04:24,117 - VehicleCounter - INFO - Loaded video: E:/EAUT/Python/final_test/test/cam2.mp4
2026-05-10 17:04:44,369 - VehicleCounter - INFO - Loading model from E:/EAUT/Python/final_test/model/lastest.pt...
2026-05-10 17:04:46,086 - VehicleCounter - INFO - Model loaded successfully.
2026-05-10 17:06:16,838 - VehicleCounter - INFO - End of video stream reached.
2026-05-10 17:25:58,069 - VehicleCounter - INFO - Starting Vehicle Counter & Traffic Analytics System...
2026-05-10 17:26:02,984 - VehicleCounter - INFO - Loaded video: E:/EAUT/Python/final_test/test/cam4.mp4
2026-05-10 17:26:19,932 - VehicleCounter - INFO - Loading model from E:/EAUT/Python/final_test/model/lastest.pt...
2026-05-10 17:26:20,106 - VehicleCounter - INFO - Model loaded successfully.
2026-05-10 17:28:21,259 - VehicleCounter - INFO - End of video stream reached.
2026-05-10 17:43:42,178 - VehicleCounter - INFO - Starting Vehicle Counter & Traffic Analytics System...
2026-05-10 17:44:17,245 - VehicleCounter - INFO - Loaded video: E:/EAUT/Python/final_test/test/cam4.mp4
2026-05-10 17:44:26,794 - VehicleCounter - INFO - Loading model from E:/EAUT/Python/final_test/model/lastest.pt...
2026-05-10 17:44:26,943 - VehicleCounter - INFO - Model loaded successfully.
2026-05-10 17:57:37,688 - VehicleCounter - INFO - Starting Vehicle Counter & Traffic Analytics System...
2026-05-10 18:10:08,114 - VehicleCounter - INFO - Starting Vehicle Counter & Traffic Analytics System...
2026-05-10 18:11:09,268 - VehicleCounter - INFO - Starting Vehicle Counter & Traffic Analytics System...
2026-05-10 18:11:13,492 - VehicleCounter - INFO - Loaded video: E:/EAUT/Python/final_test/test/cam4.mp4
2026-05-10 18:11:26,666 - VehicleCounter - INFO - Loading model from E:/EAUT/Python/final_test/model/lastest.pt...
2026-05-10 18:11:26,817 - VehicleCounter - INFO - Model loaded successfully.
2026-05-10 18:13:44,073 - VehicleCounter - INFO - End of video stream reached.
2026-05-10 18:17:56,880 - VehicleCounter - INFO - Starting Vehicle Counter & Traffic Analytics System...
2026-05-10 18:21:41,830 - VehicleCounter - INFO - Starting Vehicle Counter & Traffic Analytics System...
2026-05-10 18:22:13,110 - VehicleCounter - INFO - Starting Vehicle Counter & Traffic Analytics System...
2026-05-10 18:23:26,701 - VehicleCounter - INFO - Starting Vehicle Counter & Traffic Analytics System...
2026-05-10 18:23:47,330 - VehicleCounter - INFO - Loaded video: E:/EAUT/Python/final_test/test/cam4.mp4
2026-05-10 18:23:58,312 - VehicleCounter - INFO - Loading model from E:/EAUT/Python/final_test/model/lastest.pt...
2026-05-10 18:23:58,492 - VehicleCounter - INFO - Model loaded successfully.
2026-05-10 18:24:36,984 - VehicleCounter - INFO - Starting Vehicle Counter & Traffic Analytics System...
2026-05-10 18:39:09,837 - VehicleCounter - INFO - Starting Vehicle Counter & Traffic Analytics System...
2026-05-10 18:40:21,454 - VehicleCounter - INFO - Starting Vehicle Counter & Traffic Analytics System...
2026-05-10 18:41:01,185 - VehicleCounter - INFO - Loaded video: E:/EAUT/Python/final_test/test/cam4.mp4
2026-05-10 18:41:18,351 - VehicleCounter - INFO - Loading model from E:/EAUT/Python/final_test/model/lastest.pt...
2026-05-10 18:41:18,520 - VehicleCounter - INFO - Model loaded successfully.
2026-05-10 18:52:25,138 - VehicleCounter - INFO - Starting Vehicle Counter & Traffic Analytics System...
2026-05-10 18:54:12,163 - VehicleCounter - INFO - Starting Vehicle Counter & Traffic Analytics System...
2026-05-10 18:54:35,690 - VehicleCounter - INFO - Loaded video: E:/EAUT/Python/final_test/test/cam1.mp4
2026-05-10 18:54:53,909 - VehicleCounter - INFO - Loading model from E:/EAUT/Python/final_test/model/lastest.pt...
2026-05-10 18:54:54,058 - VehicleCounter - INFO - Model loaded successfully.
2026-05-10 18:55:28,493 - VehicleCounter - INFO - Starting Vehicle Counter & Traffic Analytics System...
2026-05-10 18:55:28,593 - VehicleCounter - ERROR - Failed to start application: 'MainWindow' object has no attribute 'lbl_icon_car'
2026-05-10 19:02:07,148 - VehicleCounter - INFO - Starting Vehicle Counter & Traffic Analytics System...
2026-05-10 19:11:33,516 - VehicleCounter - INFO - Starting Vehicle Counter & Traffic Analytics System...
2026-05-10 19:17:07,126 - VehicleCounter - INFO - Starting Vehicle Counter & Traffic Analytics System...
2026-05-10 19:17:19,525 - VehicleCounter - INFO - Loaded video source: E:/EAUT/Python/final_test/test/cam2.mp4
2026-05-10 19:17:22,978 - VehicleCounter - INFO - Loaded video source: E:/EAUT/Python/final_test/test/cam4.mp4
2026-05-10 19:17:34,786 - VehicleCounter - INFO - Loading model from E:/EAUT/Python/final_test/model/lastest.pt...
2026-05-10 19:17:34,956 - VehicleCounter - INFO - Model loaded successfully.
2026-05-10 19:19:58,696 - VehicleCounter - INFO - End of video stream reached.
2026-05-10 20:43:22,446 - VehicleCounter - INFO - Starting Vehicle Counter & Traffic Analytics System...
2026-05-10 20:43:38,418 - VehicleCounter - INFO - Loaded video source: E:/EAUT/Python/final_test/test/cam4.mp4
2026-05-10 20:44:15,264 - VehicleCounter - INFO - Loading model from E:/EAUT/Python/final_test/model/lastest.pt...
2026-05-10 20:44:15,416 - VehicleCounter - INFO - Model loaded successfully.
2026-05-10 20:46:39,706 - VehicleCounter - INFO - End of video stream reached.
2026-05-10 21:03:26,386 - VehicleCounter - INFO - Starting Vehicle Counter & Traffic Analytics System...
2026-05-10 21:03:26,417 - VehicleCounter - ERROR - Failed to start application: 'MainWindow' object has no attribute 'btn_load_youtube'
2026-05-10 21:16:30,911 - VehicleCounter - INFO - Starting Vehicle Counter & Traffic Analytics System...
2026-05-10 21:16:30,939 - VehicleCounter - ERROR - Failed to start application: 'MainWindow' object has no attribute 'lbl_icon_car'
2026-05-10 21:17:31,589 - VehicleCounter - INFO - Starting Vehicle Counter & Traffic Analytics System...
2026-05-10 21:18:52,339 - VehicleCounter - INFO - Starting Vehicle Counter & Traffic Analytics System...
2026-05-10 21:20:57,310 - VehicleCounter - INFO - Loaded video source: https://manifest.googlevideo.com/api/manifest/hls_playlist/expire/1778444455/ei/R5QAaqGkNaScvcAP1dyRuAw/ip/2402:800:3e5f:116b:a0d0:e5f8:f4e6:2600/id/sJvEFrG0wq0.1/itag/96/source/yt_live_broadcast/requiressl/yes/ratebypass/yes/live/1/sgoap/gir%3Dyes%3Bitag%3D140/sgovp/gir%3Dyes%3Bitag%3D137/rqh/1/hls_chunk_host/rr7---sn-8pxuuxa-i5ol7.googlevideo.com/xpc/EgVo2aDSNQ%3D%3D/bui/AbKmrwojH9J_XwiCYVrk0VyXlsgC7OblxMPksc0BA2wXhkaFlQ0rQoeG0eg0Y9dC_Ls-I3VudtscfsLF/spc/96Xrv5PGxUZY2PtiUWYv4k7XB4y3FjjBy8ZooMQffs6I9m-uRw/vprv/1/reg/0/playlist_type/DVR/initcwndbps/526250/met/1778422856,/mh/za/mm/44/mn/sn-8pxuuxa-i5ol7/ms/lva/mv/m/mvi/7/pcm2cms/yes/pl/48/rms/lva,lva/dover/11/pacing/0/keepalive/yes/fexp/51565115,51565681/mt/1778422349/sparams/expire,ei,ip,id,itag,source,requiressl,ratebypass,live,sgoap,sgovp,rqh,xpc,bui,spc,vprv,reg,playlist_type/sig/AHEqNM4wRQIgF-sCz-VWI0SX8v1Kg89wmJa7xc34qZjuZouyxqGf0qQCIQDTmhLrCuunnzVHpRl4V8TEHvP7o7huEOAhODZeLtAoFw%3D%3D/lsparams/hls_chunk_host,initcwndbps,met,mh,mm,mn,ms,mv,mvi,pcm2cms,pl,rms/lsig/APaTxxMwRQIgXF4HXjK0vHxHYucGEkmB0CxqqZLisAGnTRnI0E4LMnECIQDaFGHtveaokJrQtez8-r7Bq6Acqf1v7Uagrso_1Xb7iQ%3D%3D/playlist/index.m3u8
2026-05-10 21:21:10,308 - VehicleCounter - INFO - Loading model from E:/EAUT/Python/final_test/model/lastest.pt...
2026-05-10 21:21:10,466 - VehicleCounter - INFO - Model loaded successfully.
2026-05-10 21:28:49,283 - VehicleCounter - INFO - Starting Vehicle Counter & Traffic Analytics System...
2026-05-10 21:28:58,824 - VehicleCounter - INFO - Loaded video source: E:/EAUT/Python/final_test/test/cam2.mp4
2026-05-10 21:29:13,063 - VehicleCounter - INFO - Loading model from E:/EAUT/Python/final_test/model/lastest.pt...
2026-05-10 21:29:13,225 - VehicleCounter - INFO - Model loaded successfully.
2026-05-10 21:31:56,085 - VehicleCounter - INFO - Starting Vehicle Counter & Traffic Analytics System...
2026-05-10 21:32:40,141 - VehicleCounter - INFO - Starting Vehicle Counter & Traffic Analytics System...
2026-05-10 21:32:49,460 - VehicleCounter - INFO - Loaded video source: E:/EAUT/Python/final_test/test/cam1.mp4
2026-05-10 21:32:53,830 - VehicleCounter - INFO - Loaded video source: E:/EAUT/Python/final_test/test/cam4.mp4
2026-05-10 21:32:57,023 - VehicleCounter - INFO - Loaded video source: E:/EAUT/Python/final_test/test/cam2.mp4
2026-05-10 21:33:06,232 - VehicleCounter - INFO - Loading model from E:/EAUT/Python/final_test/model/lastest.pt...
2026-05-10 21:33:06,386 - VehicleCounter - INFO - Model loaded successfully.
2026-05-10 21:33:08,334 - VehicleCounter - INFO - [Track] ID=1 | car | Pos=(148, 484)
2026-05-10 21:33:08,335 - VehicleCounter - INFO - [Track] ID=2 | car | Pos=(27, 188)
2026-05-10 21:33:08,335 - VehicleCounter - INFO - [Track] ID=3 | motorbike | Pos=(564, 406)
2026-05-10 21:33:08,335 - VehicleCounter - INFO - [Track] ID=4 | motorbike | Pos=(179, 282)
2026-05-10 21:33:08,335 - VehicleCounter - INFO - [Track] ID=5 | motorbike | Pos=(106, 323)
2026-05-10 21:33:08,335 - VehicleCounter - INFO - [Track] ID=6 | motorbike | Pos=(330, 330)
2026-05-10 21:33:08,336 - VehicleCounter - INFO - [Track] ID=7 | motorbike | Pos=(287, 344)
2026-05-10 21:33:08,336 - VehicleCounter - INFO - [Track] ID=8 | motorbike | Pos=(235, 217)
2026-05-10 21:33:08,337 - VehicleCounter - INFO - [Track] ID=10 | motorbike | Pos=(130, 218)
2026-05-10 21:33:08,337 - VehicleCounter - INFO - [Track] ID=11 | motorbike | Pos=(105, 202)
2026-05-10 21:33:08,913 - VehicleCounter - INFO - [Track] ID=1 | car | Pos=(147, 478)
2026-05-10 21:33:08,913 - VehicleCounter - INFO - [Track] ID=2 | car | Pos=(28, 188)
2026-05-10 21:33:08,913 - VehicleCounter - INFO - [Track] ID=3 | motorbike | Pos=(565, 406)
2026-05-10 21:33:08,913 - VehicleCounter - INFO - [Track] ID=4 | motorbike | Pos=(178, 279)
2026-05-10 21:33:08,914 - VehicleCounter - INFO - [Track] ID=5 | motorbike | Pos=(103, 322)
2026-05-10 21:33:08,914 - VehicleCounter - INFO - [Track] ID=6 | motorbike | Pos=(329, 328)
2026-05-10 21:33:08,914 - VehicleCounter - INFO - [Track] ID=7 | motorbike | Pos=(282, 336)
2026-05-10 21:33:08,914 - VehicleCounter - INFO - [Track] ID=8 | motorbike | Pos=(234, 217)
2026-05-10 21:33:08,917 - VehicleCounter - INFO - [Track] ID=10 | motorbike | Pos=(130, 216)
2026-05-10 21:33:08,919 - VehicleCounter - INFO - [Track] ID=11 | motorbike | Pos=(106, 201)
2026-05-10 21:33:08,925 - VehicleCounter - INFO - [Track] ID=9 | motorbike | Pos=(194, 207)
2026-05-10 21:33:09,636 - VehicleCounter - INFO - [Track] ID=1 | car | Pos=(144, 470)
2026-05-10 21:33:09,636 - VehicleCounter - INFO - [Track] ID=2 | car | Pos=(28, 187)
2026-05-10 21:33:09,636 - VehicleCounter - INFO - [Track] ID=3 | motorbike | Pos=(563, 404)
2026-05-10 21:33:09,636 - VehicleCounter - INFO - [Track] ID=4 | motorbike | Pos=(176, 276)
2026-05-10 21:33:09,637 - VehicleCounter - INFO - [Track] ID=5 | motorbike | Pos=(98, 319)
2026-05-10 21:33:09,637 - VehicleCounter - INFO - [Track] ID=6 | motorbike | Pos=(328, 323)
2026-05-10 21:33:09,637 - VehicleCounter - INFO - [Track] ID=7 | motorbike | Pos=(277, 332)
2026-05-10 21:33:09,637 - VehicleCounter - INFO - [Track] ID=8 | motorbike | Pos=(233, 215)
2026-05-10 21:33:09,870 - VehicleCounter - INFO - [Track] ID=1 | car | Pos=(141, 461)
2026-05-10 21:33:09,870 - VehicleCounter - INFO - [Track] ID=2 | car | Pos=(28, 187)
2026-05-10 21:33:09,870 - VehicleCounter - INFO - [Track] ID=3 | motorbike | Pos=(563, 405)
2026-05-10 21:33:09,886 - VehicleCounter - INFO - [Track] ID=4 | motorbike | Pos=(174, 273)
2026-05-10 21:33:09,887 - VehicleCounter - INFO - [Track] ID=5 | motorbike | Pos=(93, 317)
2026-05-10 21:33:09,887 - VehicleCounter - INFO - [Track] ID=6 | motorbike | Pos=(328, 320)
2026-05-10 21:33:09,889 - VehicleCounter - INFO - [Track] ID=7 | motorbike | Pos=(272, 330)
2026-05-10 21:33:09,890 - VehicleCounter - INFO - [Track] ID=8 | motorbike | Pos=(230, 214)
2026-05-10 21:33:09,891 - VehicleCounter - INFO - [Track] ID=10 | motorbike | Pos=(129, 215)
2026-05-10 21:33:09,891 - VehicleCounter - INFO - [Track] ID=9 | motorbike | Pos=(193, 206)
2026-05-10 21:33:10,276 - VehicleCounter - INFO - [Track] ID=1 | car | Pos=(140, 458)
2026-05-10 21:33:10,277 - VehicleCounter - INFO - [Track] ID=2 | car | Pos=(28, 187)
2026-05-10 21:33:10,277 - VehicleCounter - INFO - [Track] ID=3 | motorbike | Pos=(563, 404)
2026-05-10 21:33:10,277 - VehicleCounter - INFO - [Track] ID=4 | motorbike | Pos=(174, 271)
2026-05-10 21:33:10,277 - VehicleCounter - INFO - [Track] ID=5 | motorbike | Pos=(90, 315)
2026-05-10 21:33:10,277 - VehicleCounter - INFO - [Track] ID=6 | motorbike | Pos=(328, 318)
2026-05-10 21:33:10,277 - VehicleCounter - INFO - [Track] ID=7 | motorbike | Pos=(270, 327)
2026-05-10 21:33:10,278 - VehicleCounter - INFO - [Track] ID=8 | motorbike | Pos=(229, 213)
2026-05-10 21:33:10,677 - VehicleCounter - INFO - [Track] ID=1 | car | Pos=(137, 448)
2026-05-10 21:33:10,678 - VehicleCounter - INFO - [Track] ID=2 | car | Pos=(28, 187)
2026-05-10 21:33:10,678 - VehicleCounter - INFO - [Track] ID=3 | motorbike | Pos=(564, 404)
2026-05-10 21:33:10,678 - VehicleCounter - INFO - [Track] ID=4 | motorbike | Pos=(174, 268)
2026-05-10 21:33:10,679 - VehicleCounter - INFO - [Track] ID=5 | motorbike | Pos=(83, 311)
2026-05-10 21:33:10,679 - VehicleCounter - INFO - [Track] ID=6 | motorbike | Pos=(327, 314)
2026-05-10 21:33:10,679 - VehicleCounter - INFO - [Track] ID=7 | motorbike | Pos=(263, 323)
2026-05-10 21:33:10,679 - VehicleCounter - INFO - [Track] ID=8 | motorbike | Pos=(227, 211)
2026-05-10 21:33:11,070 - VehicleCounter - INFO - [Track] ID=1 | car | Pos=(135, 444)
2026-05-10 21:33:11,071 - VehicleCounter - INFO - [Track] ID=2 | car | Pos=(28, 187)
2026-05-10 21:33:11,071 - VehicleCounter - INFO - [Track] ID=3 | motorbike | Pos=(563, 405)
2026-05-10 21:33:11,071 - VehicleCounter - INFO - [Track] ID=4 | motorbike | Pos=(174, 267)
2026-05-10 21:33:11,071 - VehicleCounter - INFO - [Track] ID=5 | motorbike | Pos=(81, 308)
2026-05-10 21:33:11,071 - VehicleCounter - INFO - [Track] ID=6 | motorbike | Pos=(327, 312)
2026-05-10 21:33:11,072 - VehicleCounter - INFO - [Track] ID=7 | motorbike | Pos=(261, 322)
2026-05-10 21:33:11,072 - VehicleCounter - INFO - [Track] ID=8 | motorbike | Pos=(226, 210)
2026-05-10 21:33:11,308 - VehicleCounter - INFO - [Track] ID=1 | car | Pos=(132, 435)
2026-05-10 21:33:11,308 - VehicleCounter - INFO - [Track] ID=2 | car | Pos=(27, 185)
2026-05-10 21:33:11,308 - VehicleCounter - INFO - [Track] ID=3 | motorbike | Pos=(564, 403)
2026-05-10 21:33:11,309 - VehicleCounter - INFO - [Track] ID=4 | motorbike | Pos=(173, 265)
2026-05-10 21:33:11,309 - VehicleCounter - INFO - [Track] ID=5 | motorbike | Pos=(76, 305)
2026-05-10 21:33:11,309 - VehicleCounter - INFO - [Track] ID=6 | motorbike | Pos=(326, 308)
2026-05-10 21:33:11,309 - VehicleCounter - INFO - [Track] ID=7 | motorbike | Pos=(257, 319)
2026-05-10 21:33:11,309 - VehicleCounter - INFO - [Track] ID=8 | motorbike | Pos=(224, 209)
2026-05-10 21:33:11,709 - VehicleCounter - INFO - [Track] ID=1 | car | Pos=(130, 429)
2026-05-10 21:33:11,709 - VehicleCounter - INFO - [Track] ID=2 | car | Pos=(28, 184)
2026-05-10 21:33:11,710 - VehicleCounter - INFO - [Track] ID=3 | motorbike | Pos=(564, 403)
2026-05-10 21:33:11,710 - VehicleCounter - INFO - [Track] ID=4 | motorbike | Pos=(173, 262)
2026-05-10 21:33:11,710 - VehicleCounter - INFO - [Track] ID=5 | motorbike | Pos=(71, 302)
2026-05-10 21:33:11,710 - VehicleCounter - INFO - [Track] ID=6 | motorbike | Pos=(325, 306)
2026-05-10 21:33:11,710 - VehicleCounter - INFO - [Track] ID=7 | motorbike | Pos=(252, 316)
2026-05-10 21:33:11,710 - VehicleCounter - INFO - [Track] ID=8 | motorbike | Pos=(223, 208)
2026-05-10 21:33:12,099 - VehicleCounter - INFO - [Track] ID=1 | car | Pos=(127, 425)
2026-05-10 21:33:12,100 - VehicleCounter - INFO - [Track] ID=2 | car | Pos=(27, 182)
2026-05-10 21:33:12,100 - VehicleCounter - INFO - [Track] ID=3 | motorbike | Pos=(564, 404)
2026-05-10 21:33:12,100 - VehicleCounter - INFO - [Track] ID=4 | motorbike | Pos=(172, 259)
2026-05-10 21:33:12,100 - VehicleCounter - INFO - [Track] ID=5 | motorbike | Pos=(68, 299)
2026-05-10 21:33:12,100 - VehicleCounter - INFO - [Track] ID=6 | motorbike | Pos=(323, 302)
2026-05-10 21:33:12,101 - VehicleCounter - INFO - [Track] ID=7 | motorbike | Pos=(248, 312)
2026-05-10 21:33:12,101 - VehicleCounter - INFO - [Track] ID=8 | motorbike | Pos=(221, 207)
2026-05-10 21:33:12,332 - VehicleCounter - INFO - [Track] ID=1 | car | Pos=(124, 420)
2026-05-10 21:33:12,333 - VehicleCounter - INFO - [Track] ID=2 | car | Pos=(27, 183)
2026-05-10 21:33:12,333 - VehicleCounter - INFO - [Track] ID=3 | motorbike | Pos=(564, 404)
2026-05-10 21:33:12,333 - VehicleCounter - INFO - [Track] ID=4 | motorbike | Pos=(172, 258)
2026-05-10 21:33:12,333 - VehicleCounter - INFO - [Track] ID=5 | motorbike | Pos=(65, 296)
2026-05-10 21:33:12,333 - VehicleCounter - INFO - [Track] ID=6 | motorbike | Pos=(321, 300)
2026-05-10 21:33:12,333 - VehicleCounter - INFO - [Track] ID=7 | motorbike | Pos=(244, 310)
2026-05-10 21:33:12,333 - VehicleCounter - INFO - [Track] ID=8 | motorbike | Pos=(220, 208)
2026-05-10 21:33:12,727 - VehicleCounter - INFO - [Track] ID=1 | car | Pos=(122, 416)
2026-05-10 21:33:12,727 - VehicleCounter - INFO - [Track] ID=2 | car | Pos=(27, 182)
2026-05-10 21:33:12,727 - VehicleCounter - INFO - [Track] ID=3 | motorbike | Pos=(564, 405)
2026-05-10 21:33:12,727 - VehicleCounter - INFO - [Track] ID=4 | motorbike | Pos=(171, 256)
2026-05-10 21:33:12,728 - VehicleCounter - INFO - [Track] ID=5 | motorbike | Pos=(62, 294)
2026-05-10 21:33:12,728 - VehicleCounter - INFO - [Track] ID=6 | motorbike | Pos=(319, 297)
2026-05-10 21:33:12,728 - VehicleCounter - INFO - [Track] ID=7 | motorbike | Pos=(241, 308)
2026-05-10 21:33:12,728 - VehicleCounter - INFO - [Track] ID=8 | motorbike | Pos=(219, 205)
2026-05-10 21:33:13,126 - VehicleCounter - INFO - [Track] ID=1 | car | Pos=(120, 412)
2026-05-10 21:33:13,126 - VehicleCounter - INFO - [Track] ID=2 | car | Pos=(27, 182)
2026-05-10 21:33:13,126 - VehicleCounter - INFO - [Track] ID=3 | motorbike | Pos=(564, 404)
2026-05-10 21:33:13,126 - VehicleCounter - INFO - [Track] ID=4 | motorbike | Pos=(171, 254)
2026-05-10 21:33:13,127 - VehicleCounter - INFO - [Track] ID=5 | motorbike | Pos=(60, 292)
2026-05-10 21:33:13,127 - VehicleCounter - INFO - [Track] ID=6 | motorbike | Pos=(317, 294)
2026-05-10 21:33:13,127 - VehicleCounter - INFO - [Track] ID=7 | motorbike | Pos=(239, 306)
2026-05-10 21:33:13,127 - VehicleCounter - INFO - [Track] ID=8 | motorbike | Pos=(218, 206)
2026-05-10 21:33:13,356 - VehicleCounter - INFO - [Track] ID=1 | car | Pos=(117, 407)
2026-05-10 21:33:13,357 - VehicleCounter - INFO - [Track] ID=2 | car | Pos=(27, 182)
2026-05-10 21:33:13,357 - VehicleCounter - INFO - [Track] ID=3 | motorbike | Pos=(564, 404)
2026-05-10 21:33:13,358 - VehicleCounter - INFO - [Track] ID=4 | motorbike | Pos=(171, 252)
2026-05-10 21:33:13,358 - VehicleCounter - INFO - [Track] ID=5 | motorbike | Pos=(56, 289)
2026-05-10 21:33:13,358 - VehicleCounter - INFO - [Track] ID=6 | motorbike | Pos=(314, 291)
2026-05-10 21:33:13,358 - VehicleCounter - INFO - [Track] ID=7 | motorbike | Pos=(234, 303)
2026-05-10 21:33:13,358 - VehicleCounter - INFO - [Track] ID=8 | motorbike | Pos=(216, 204)
2026-05-10 21:33:13,751 - VehicleCounter - INFO - [Track] ID=1 | car | Pos=(115, 403)
2026-05-10 21:33:13,751 - VehicleCounter - INFO - [Track] ID=2 | car | Pos=(27, 181)
2026-05-10 21:33:13,752 - VehicleCounter - INFO - [Track] ID=3 | motorbike | Pos=(564, 405)
2026-05-10 21:33:13,752 - VehicleCounter - INFO - [Track] ID=4 | motorbike | Pos=(170, 250)
2026-05-10 21:33:13,752 - VehicleCounter - INFO - [Track] ID=5 | motorbike | Pos=(54, 286)
2026-05-10 21:33:13,752 - VehicleCounter - INFO - [Track] ID=6 | motorbike | Pos=(312, 287)
2026-05-10 21:33:13,752 - VehicleCounter - INFO - [Track] ID=7 | motorbike | Pos=(231, 301)
2026-05-10 21:33:13,752 - VehicleCounter - INFO - [Track] ID=8 | motorbike | Pos=(214, 202)
2026-05-10 21:33:14,151 - VehicleCounter - INFO - [Track] ID=1 | car | Pos=(112, 397)
2026-05-10 21:33:14,151 - VehicleCounter - INFO - [Track] ID=2 | car | Pos=(27, 180)
2026-05-10 21:33:14,151 - VehicleCounter - INFO - [Track] ID=3 | motorbike | Pos=(564, 403)
2026-05-10 21:33:14,152 - VehicleCounter - INFO - [Track] ID=4 | motorbike | Pos=(170, 248)
2026-05-10 21:33:14,152 - VehicleCounter - INFO - [Track] ID=5 | motorbike | Pos=(52, 285)
2026-05-10 21:33:14,152 - VehicleCounter - INFO - [Track] ID=6 | motorbike | Pos=(309, 284)
2026-05-10 21:33:14,152 - VehicleCounter - INFO - [Track] ID=7 | motorbike | Pos=(226, 297)
2026-05-10 21:33:14,152 - VehicleCounter - INFO - [Track] ID=8 | motorbike | Pos=(211, 202)
2026-05-10 21:33:14,385 - VehicleCounter - INFO - [Track] ID=1 | car | Pos=(109, 391)
2026-05-10 21:33:14,385 - VehicleCounter - INFO - [Track] ID=2 | car | Pos=(28, 178)
2026-05-10 21:33:14,385 - VehicleCounter - INFO - [Track] ID=3 | motorbike | Pos=(563, 404)
2026-05-10 21:33:14,385 - VehicleCounter - INFO - [Track] ID=4 | motorbike | Pos=(169, 246)
2026-05-10 21:33:14,385 - VehicleCounter - INFO - [Track] ID=5 | motorbike | Pos=(50, 282)
2026-05-10 21:33:14,385 - VehicleCounter - INFO - [Track] ID=6 | motorbike | Pos=(306, 280)
2026-05-10 21:33:14,385 - VehicleCounter - INFO - [Track] ID=7 | motorbike | Pos=(223, 294)
2026-05-10 21:33:14,385 - VehicleCounter - INFO - [Track] ID=8 | motorbike | Pos=(209, 200)
2026-05-10 21:33:14,783 - VehicleCounter - INFO - [Track] ID=1 | car | Pos=(108, 388)
2026-05-10 21:33:14,783 - VehicleCounter - INFO - [Track] ID=2 | car | Pos=(28, 178)
2026-05-10 21:33:14,783 - VehicleCounter - INFO - [Track] ID=3 | motorbike | Pos=(563, 403)
2026-05-10 21:33:14,783 - VehicleCounter - INFO - [Track] ID=4 | motorbike | Pos=(169, 244)
2026-05-10 21:33:14,783 - VehicleCounter - INFO - [Track] ID=5 | motorbike | Pos=(49, 282)
2026-05-10 21:33:14,783 - VehicleCounter - INFO - [Track] ID=6 | motorbike | Pos=(305, 279)
2026-05-10 21:33:14,783 - VehicleCounter - INFO - [Track] ID=7 | motorbike | Pos=(220, 292)
2026-05-10 21:33:14,783 - VehicleCounter - INFO - [Track] ID=8 | motorbike | Pos=(207, 199)
2026-05-10 21:33:15,200 - VehicleCounter - INFO - [Track] ID=1 | car | Pos=(103, 381)
2026-05-10 21:33:15,200 - VehicleCounter - INFO - [Track] ID=2 | car | Pos=(29, 178)
2026-05-10 21:33:15,201 - VehicleCounter - INFO - [Track] ID=3 | motorbike | Pos=(563, 404)
2026-05-10 21:33:15,201 - VehicleCounter - INFO - [Track] ID=4 | motorbike | Pos=(170, 243)
2026-05-10 21:33:15,201 - VehicleCounter - INFO - [Track] ID=5 | motorbike | Pos=(48, 280)
2026-05-10 21:33:15,201 - VehicleCounter - INFO - [Track] ID=6 | motorbike | Pos=(302, 276)
2026-05-10 21:33:15,201 - VehicleCounter - INFO - [Track] ID=7 | motorbike | Pos=(216, 290)
2026-05-10 21:33:15,201 - VehicleCounter - INFO - [Track] ID=8 | motorbike | Pos=(204, 199)
2026-05-10 21:33:15,602 - VehicleCounter - INFO - [Track] ID=1 | car | Pos=(103, 378)
2026-05-10 21:33:15,603 - VehicleCounter - INFO - [Track] ID=2 | car | Pos=(30, 178)
2026-05-10 21:33:15,603 - VehicleCounter - INFO - [Track] ID=3 | motorbike | Pos=(564, 404)
2026-05-10 21:33:15,603 - VehicleCounter - INFO - [Track] ID=4 | motorbike | Pos=(170, 241)
2026-05-10 21:33:15,603 - VehicleCounter - INFO - [Track] ID=5 | motorbike | Pos=(47, 281)
2026-05-10 21:33:15,603 - VehicleCounter - INFO - [Track] ID=6 | motorbike | Pos=(301, 275)
2026-05-10 21:33:15,603 - VehicleCounter - INFO - [Track] ID=7 | motorbike | Pos=(215, 289)
2026-05-10 21:33:15,603 - VehicleCounter - INFO - [Track] ID=8 | motorbike | Pos=(203, 199)
2026-05-10 21:33:15,836 - VehicleCounter - INFO - [Track] ID=1 | car | Pos=(100, 374)
2026-05-10 21:33:15,836 - VehicleCounter - INFO - [Track] ID=2 | car | Pos=(30, 178)
2026-05-10 21:33:15,836 - VehicleCounter - INFO - [Track] ID=3 | motorbike | Pos=(564, 406)
2026-05-10 21:33:15,836 - VehicleCounter - INFO - [Track] ID=4 | motorbike | Pos=(170, 238)
2026-05-10 21:33:15,837 - VehicleCounter - INFO - [Track] ID=5 | motorbike | Pos=(46, 277)
2026-05-10 21:33:15,837 - VehicleCounter - INFO - [Track] ID=6 | motorbike | Pos=(299, 272)
2026-05-10 21:33:15,837 - VehicleCounter - INFO - [Track] ID=7 | motorbike | Pos=(212, 287)
2026-05-10 21:33:15,837 - VehicleCounter - INFO - [Track] ID=8 | motorbike | Pos=(201, 199)
2026-05-10 21:33:15,837 - VehicleCounter - INFO - [Track] ID=14 | motorbike | Pos=(124, 193)
2026-05-10 21:33:16,235 - VehicleCounter - INFO - [Track] ID=1 | car | Pos=(97, 368)
2026-05-10 21:33:16,235 - VehicleCounter - INFO - [Track] ID=2 | car | Pos=(32, 175)
2026-05-10 21:33:16,235 - VehicleCounter - INFO - [Track] ID=3 | motorbike | Pos=(563, 405)
2026-05-10 21:33:16,235 - VehicleCounter - INFO - [Track] ID=4 | motorbike | Pos=(170, 234)
2026-05-10 21:33:16,235 - VehicleCounter - INFO - [Track] ID=5 | motorbike | Pos=(44, 276)
2026-05-10 21:33:16,235 - VehicleCounter - INFO - [Track] ID=6 | motorbike | Pos=(296, 268)
2026-05-10 21:33:16,235 - VehicleCounter - INFO - [Track] ID=7 | motorbike | Pos=(209, 284)
2026-05-10 21:33:16,236 - VehicleCounter - INFO - [Track] ID=8 | motorbike | Pos=(198, 197)
2026-05-10 21:33:16,622 - VehicleCounter - INFO - [Track] ID=1 | car | Pos=(95, 360)
2026-05-10 21:33:16,623 - VehicleCounter - INFO - [Track] ID=2 | car | Pos=(33, 175)
2026-05-10 21:33:16,623 - VehicleCounter - INFO - [Track] ID=3 | motorbike | Pos=(563, 404)
2026-05-10 21:33:16,623 - VehicleCounter - INFO - [Track] ID=4 | motorbike | Pos=(171, 232)
2026-05-10 21:33:16,623 - VehicleCounter - INFO - [Track] ID=5 | motorbike | Pos=(43, 274)
2026-05-10 21:33:16,623 - VehicleCounter - INFO - [Track] ID=6 | motorbike | Pos=(294, 264)
2026-05-10 21:33:16,624 - VehicleCounter - INFO - [Track] ID=7 | motorbike | Pos=(206, 280)
2026-05-10 21:33:16,624 - VehicleCounter - INFO - [Track] ID=8 | motorbike | Pos=(197, 195)
2026-05-10 21:33:16,859 - VehicleCounter - INFO - [Track] ID=1 | car | Pos=(94, 359)
2026-05-10 21:33:16,859 - VehicleCounter - INFO - [Track] ID=2 | car | Pos=(34, 174)
2026-05-10 21:33:16,859 - VehicleCounter - INFO - [Track] ID=3 | motorbike | Pos=(564, 405)
2026-05-10 21:33:16,859 - VehicleCounter - INFO - [Track] ID=4 | motorbike | Pos=(171, 232)
2026-05-10 21:33:16,859 - VehicleCounter - INFO - [Track] ID=5 | motorbike | Pos=(43, 274)
2026-05-10 21:33:16,859 - VehicleCounter - INFO - [Track] ID=6 | motorbike | Pos=(293, 263)
2026-05-10 21:33:16,860 - VehicleCounter - INFO - [Track] ID=7 | motorbike | Pos=(205, 280)
2026-05-10 21:33:17,403 - VehicleCounter - INFO - [Track] ID=1 | car | Pos=(93, 355)
2026-05-10 21:33:17,405 - VehicleCounter - INFO - [Track] ID=2 | car | Pos=(34, 174)
2026-05-10 21:33:17,405 - VehicleCounter - INFO - [Track] ID=3 | motorbike | Pos=(563, 403)
2026-05-10 21:33:17,405 - VehicleCounter - INFO - [Track] ID=4 | motorbike | Pos=(172, 231)
2026-05-10 21:33:17,405 - VehicleCounter - INFO - [Track] ID=5 | motorbike | Pos=(42, 273)
2026-05-10 21:33:17,405 - VehicleCounter - INFO - [Track] ID=6 | motorbike | Pos=(291, 261)
2026-05-10 21:33:17,405 - VehicleCounter - INFO - [Track] ID=7 | motorbike | Pos=(204, 278)
2026-05-10 21:33:17,808 - VehicleCounter - INFO - [Track] ID=1 | car | Pos=(91, 351)
2026-05-10 21:33:17,809 - VehicleCounter - INFO - [Track] ID=2 | car | Pos=(36, 173)
2026-05-10 21:33:17,809 - VehicleCounter - INFO - [Track] ID=3 | motorbike | Pos=(563, 404)
2026-05-10 21:33:17,809 - VehicleCounter - INFO - [Track] ID=4 | motorbike | Pos=(173, 230)
2026-05-10 21:33:17,809 - VehicleCounter - INFO - [Track] ID=5 | motorbike | Pos=(41, 271)
2026-05-10 21:33:17,809 - VehicleCounter - INFO - [Track] ID=6 | motorbike | Pos=(289, 258)
2026-05-10 21:33:17,809 - VehicleCounter - INFO - [Track] ID=7 | motorbike | Pos=(202, 275)
2026-05-10 21:33:18,215 - VehicleCounter - INFO - [Track] ID=1 | car | Pos=(90, 346)
2026-05-10 21:33:18,215 - VehicleCounter - INFO - [Track] ID=2 | car | Pos=(36, 173)
2026-05-10 21:33:18,215 - VehicleCounter - INFO - [Track] ID=3 | motorbike | Pos=(563, 403)
2026-05-10 21:33:18,215 - VehicleCounter - INFO - [Track] ID=4 | motorbike | Pos=(174, 228)
2026-05-10 21:33:18,215 - VehicleCounter - INFO - [Track] ID=5 | motorbike | Pos=(41, 268)
2026-05-10 21:33:18,216 - VehicleCounter - INFO - [Track] ID=6 | motorbike | Pos=(287, 254)
2026-05-10 21:33:18,216 - VehicleCounter - INFO - [Track] ID=7 | motorbike | Pos=(201, 273)
2026-05-10 21:33:18,216 - VehicleCounter - INFO - [Track] ID=14 | motorbike | Pos=(130, 182)
2026-05-10 21:33:18,609 - VehicleCounter - INFO - [Track] ID=1 | car | Pos=(89, 343)
2026-05-10 21:33:18,610 - VehicleCounter - INFO - [Track] ID=2 | car | Pos=(37, 170)
2026-05-10 21:33:18,610 - VehicleCounter - INFO - [Track] ID=3 | motorbike | Pos=(564, 402)
2026-05-10 21:33:18,610 - VehicleCounter - INFO - [Track] ID=4 | motorbike | Pos=(174, 226)
2026-05-10 21:33:18,610 - VehicleCounter - INFO - [Track] ID=5 | motorbike | Pos=(41, 266)
2026-05-10 21:33:18,611 - VehicleCounter - INFO - [Track] ID=6 | motorbike | Pos=(285, 252)
2026-05-10 21:33:18,611 - VehicleCounter - INFO - [Track] ID=7 | motorbike | Pos=(200, 271)
2026-05-10 21:33:18,846 - VehicleCounter - INFO - [Track] ID=1 | car | Pos=(89, 341)
2026-05-10 21:33:18,846 - VehicleCounter - INFO - [Track] ID=2 | car | Pos=(38, 168)
2026-05-10 21:33:18,847 - VehicleCounter - INFO - [Track] ID=3 | motorbike | Pos=(564, 403)
2026-05-10 21:33:18,847 - VehicleCounter - INFO - [Track] ID=4 | motorbike | Pos=(174, 226)
2026-05-10 21:33:18,847 - VehicleCounter - INFO - [Track] ID=5 | motorbike | Pos=(40, 265)
2026-05-10 21:33:18,847 - VehicleCounter - INFO - [Track] ID=6 | motorbike | Pos=(284, 251)
2026-05-10 21:33:18,847 - VehicleCounter - INFO - [Track] ID=7 | motorbike | Pos=(199, 270)
2026-05-10 21:33:19,237 - VehicleCounter - INFO - [Track] ID=1 | car | Pos=(87, 334)
2026-05-10 21:33:19,237 - VehicleCounter - INFO - [Track] ID=2 | car | Pos=(41, 165)
2026-05-10 21:33:19,237 - VehicleCounter - INFO - [Track] ID=3 | motorbike | Pos=(563, 403)
2026-05-10 21:33:19,237 - VehicleCounter - INFO - [Track] ID=4 | motorbike | Pos=(174, 223)
2026-05-10 21:33:19,237 - VehicleCounter - INFO - [Track] ID=5 | motorbike | Pos=(39, 261)
2026-05-10 21:33:19,237 - VehicleCounter - INFO - [Track] ID=6 | motorbike | Pos=(279, 247)
2026-05-10 21:33:19,237 - VehicleCounter - INFO - [Track] ID=7 | motorbike | Pos=(197, 268)
2026-05-10 21:33:19,633 - VehicleCounter - INFO - [Track] ID=1 | car | Pos=(87, 333)
2026-05-10 21:33:19,634 - VehicleCounter - INFO - [Track] ID=2 | car | Pos=(42, 165)
2026-05-10 21:33:19,634 - VehicleCounter - INFO - [Track] ID=3 | motorbike | Pos=(563, 403)
2026-05-10 21:33:19,634 - VehicleCounter - INFO - [Track] ID=4 | motorbike | Pos=(174, 223)
2026-05-10 21:33:19,634 - VehicleCounter - INFO - [Track] ID=5 | motorbike | Pos=(39, 260)
2026-05-10 21:33:19,634 - VehicleCounter - INFO - [Track] ID=6 | motorbike | Pos=(279, 246)
2026-05-10 21:33:19,635 - VehicleCounter - INFO - [Track] ID=7 | motorbike | Pos=(197, 268)
2026-05-10 21:33:19,868 - VehicleCounter - INFO - [Track] ID=1 | car | Pos=(87, 326)
2026-05-10 21:33:19,868 - VehicleCounter - INFO - [Track] ID=2 | car | Pos=(46, 165)
2026-05-10 21:33:19,868 - VehicleCounter - INFO - [Track] ID=3 | motorbike | Pos=(564, 404)
2026-05-10 21:33:19,870 - VehicleCounter - INFO - [Track] ID=4 | motorbike | Pos=(174, 221)
2026-05-10 21:33:19,870 - VehicleCounter - INFO - [Track] ID=5 | motorbike | Pos=(39, 256)
2026-05-10 21:33:19,870 - VehicleCounter - INFO - [Track] ID=6 | motorbike | Pos=(274, 245)
2026-05-10 21:33:19,870 - VehicleCounter - INFO - [Track] ID=7 | motorbike | Pos=(195, 266)
2026-05-10 21:33:20,260 - VehicleCounter - INFO - [Track] ID=1 | car | Pos=(87, 324)
2026-05-10 21:33:20,260 - VehicleCounter - INFO - [Track] ID=2 | car | Pos=(47, 166)
2026-05-10 21:33:20,260 - VehicleCounter - INFO - [Track] ID=3 | motorbike | Pos=(563, 404)
2026-05-10 21:33:20,262 - VehicleCounter - INFO - [Track] ID=5 | motorbike | Pos=(39, 255)
2026-05-10 21:33:20,262 - VehicleCounter - INFO - [Track] ID=6 | motorbike | Pos=(270, 242)
2026-05-10 21:33:20,262 - VehicleCounter - INFO - [Track] ID=7 | motorbike | Pos=(195, 266)
2026-05-10 21:33:20,656 - VehicleCounter - INFO - [Track] ID=1 | car | Pos=(86, 319)
2026-05-10 21:33:20,656 - VehicleCounter - INFO - [Track] ID=2 | car | Pos=(48, 168)
2026-05-10 21:33:20,656 - VehicleCounter - INFO - [Track] ID=3 | motorbike | Pos=(564, 403)
2026-05-10 21:33:20,656 - VehicleCounter - INFO - [Track] ID=5 | motorbike | Pos=(39, 253)
2026-05-10 21:33:20,656 - VehicleCounter - INFO - [Track] ID=6 | motorbike | Pos=(267, 241)
2026-05-10 21:33:20,656 - VehicleCounter - INFO - [Track] ID=7 | motorbike | Pos=(193, 263)
2026-05-10 21:33:20,889 - VehicleCounter - INFO - [Track] ID=1 | car | Pos=(86, 316)
2026-05-10 21:33:20,890 - VehicleCounter - INFO - [Track] ID=2 | car | Pos=(49, 169)
2026-05-10 21:33:20,890 - VehicleCounter - INFO - [Track] ID=3 | motorbike | Pos=(564, 404)
2026-05-10 21:33:20,890 - VehicleCounter - INFO - [Track] ID=5 | motorbike | Pos=(39, 252)
2026-05-10 21:33:20,890 - VehicleCounter - INFO - [Track] ID=6 | motorbike | Pos=(264, 239)
2026-05-10 21:33:20,890 - VehicleCounter - INFO - [Track] ID=7 | motorbike | Pos=(193, 261)
2026-05-10 21:33:21,294 - VehicleCounter - INFO - [Track] ID=1 | car | Pos=(86, 316)
2026-05-10 21:33:21,294 - VehicleCounter - INFO - [Track] ID=2 | car | Pos=(50, 170)
2026-05-10 21:33:21,294 - VehicleCounter - INFO - [Track] ID=3 | motorbike | Pos=(563, 404)
2026-05-10 21:33:21,294 - VehicleCounter - INFO - [Track] ID=5 | motorbike | Pos=(39, 250)
2026-05-10 21:33:21,294 - VehicleCounter - INFO - [Track] ID=6 | motorbike | Pos=(261, 238)
2026-05-10 21:33:21,295 - VehicleCounter - INFO - [Track] ID=7 | motorbike | Pos=(191, 260)
2026-05-10 21:33:21,691 - VehicleCounter - INFO - [Track] ID=1 | car | Pos=(85, 312)
2026-05-10 21:33:21,692 - VehicleCounter - INFO - [Track] ID=2 | car | Pos=(53, 171)
2026-05-10 21:33:21,692 - VehicleCounter - INFO - [Track] ID=3 | motorbike | Pos=(563, 405)
2026-05-10 21:33:21,692 - VehicleCounter - INFO - [Track] ID=5 | motorbike | Pos=(40, 250)
2026-05-10 21:33:21,692 - VehicleCounter - INFO - [Track] ID=6 | motorbike | Pos=(257, 235)
2026-05-10 21:33:21,692 - VehicleCounter - INFO - [Track] ID=7 | motorbike | Pos=(189, 256)
2026-05-10 21:33:21,926 - VehicleCounter - INFO - [Track] ID=1 | car | Pos=(86, 310)
2026-05-10 21:33:21,926 - VehicleCounter - INFO - [Track] ID=2 | car | Pos=(55, 171)
2026-05-10 21:33:21,926 - VehicleCounter - INFO - [Track] ID=3 | motorbike | Pos=(563, 405)
2026-05-10 21:33:21,927 - VehicleCounter - INFO - [Track] ID=5 | motorbike | Pos=(41, 248)
2026-05-10 21:33:21,927 - VehicleCounter - INFO - [Track] ID=6 | motorbike | Pos=(255, 233)
2026-05-10 21:33:21,941 - VehicleCounter - INFO - [Track] ID=7 | motorbike | Pos=(190, 255)
2026-05-10 21:33:22,320 - VehicleCounter - INFO - [Track] ID=1 | car | Pos=(84, 303)
2026-05-10 21:33:22,320 - VehicleCounter - INFO - [Track] ID=2 | car | Pos=(56, 171)
2026-05-10 21:33:22,320 - VehicleCounter - INFO - [Track] ID=3 | motorbike | Pos=(563, 403)
2026-05-10 21:33:22,320 - VehicleCounter - INFO - [Track] ID=5 | motorbike | Pos=(40, 244)
2026-05-10 21:33:22,320 - VehicleCounter - INFO - [Track] ID=6 | motorbike | Pos=(249, 226)
2026-05-10 21:33:22,322 - VehicleCounter - INFO - [Track] ID=7 | motorbike | Pos=(186, 252)
2026-05-10 21:33:22,712 - VehicleCounter - INFO - [Track] ID=1 | car | Pos=(83, 301)
2026-05-10 21:33:22,712 - VehicleCounter - INFO - [Track] ID=2 | car | Pos=(56, 171)
2026-05-10 21:33:22,713 - VehicleCounter - INFO - [Track] ID=3 | motorbike | Pos=(564, 404)
2026-05-10 21:33:22,713 - VehicleCounter - INFO - [Track] ID=5 | motorbike | Pos=(41, 242)
2026-05-10 21:33:22,713 - VehicleCounter - INFO - [Track] ID=6 | motorbike | Pos=(247, 226)
2026-05-10 21:33:22,713 - VehicleCounter - INFO - [Track] ID=7 | motorbike | Pos=(186, 251)
2026-05-10 21:33:22,713 - VehicleCounter - INFO - [Track] ID=16 | car | Pos=(17, 159)
2026-05-10 21:33:22,943 - VehicleCounter - INFO - [Track] ID=1 | car | Pos=(83, 299)
2026-05-10 21:33:22,943 - VehicleCounter - INFO - [Track] ID=2 | car | Pos=(56, 169)
2026-05-10 21:33:22,943 - VehicleCounter - INFO - [Track] ID=3 | motorbike | Pos=(564, 405)
2026-05-10 21:33:22,943 - VehicleCounter - INFO - [Track] ID=5 | motorbike | Pos=(42, 241)
2026-05-10 21:33:22,943 - VehicleCounter - INFO - [Track] ID=6 | motorbike | Pos=(245, 224)
2026-05-10 21:33:22,958 - VehicleCounter - INFO - [Track] ID=7 | motorbike | Pos=(185, 249)
2026-05-10 21:33:22,958 - VehicleCounter - INFO - [Track] ID=16 | car | Pos=(18, 158)
2026-05-10 21:33:23,338 - VehicleCounter - INFO - [Track] ID=1 | car | Pos=(82, 293)
2026-05-10 21:33:23,339 - VehicleCounter - INFO - [Track] ID=2 | car | Pos=(58, 169)
2026-05-10 21:33:23,339 - VehicleCounter - INFO - [Track] ID=3 | motorbike | Pos=(563, 403)
2026-05-10 21:33:23,339 - VehicleCounter - INFO - [Track] ID=5 | motorbike | Pos=(42, 238)
2026-05-10 21:33:23,339 - VehicleCounter - INFO - [Track] ID=6 | motorbike | Pos=(241, 221)
2026-05-10 21:33:23,339 - VehicleCounter - INFO - [Track] ID=7 | motorbike | Pos=(183, 246)
2026-05-10 21:33:23,339 - VehicleCounter - INFO - [Track] ID=16 | car | Pos=(18, 159)
2026-05-10 21:33:23,737 - VehicleCounter - INFO - [Track] ID=1 | car | Pos=(81, 288)
2026-05-10 21:33:23,737 - VehicleCounter - INFO - [Track] ID=2 | car | Pos=(58, 165)
2026-05-10 21:33:23,737 - VehicleCounter - INFO - [Track] ID=3 | motorbike | Pos=(563, 403)
2026-05-10 21:33:23,737 - VehicleCounter - INFO - [Track] ID=6 | motorbike | Pos=(237, 218)
2026-05-10 21:33:23,737 - VehicleCounter - INFO - [Track] ID=7 | motorbike | Pos=(181, 243)
2026-05-10 21:33:23,737 - VehicleCounter - INFO - [Track] ID=16 | car | Pos=(19, 155)
2026-05-10 21:33:23,737 - VehicleCounter - INFO - [Track] ID=17 | motorbike | Pos=(162, 218)
2026-05-10 21:33:24,135 - VehicleCounter - INFO - [Track] ID=1 | car | Pos=(80, 287)
2026-05-10 21:33:24,135 - VehicleCounter - INFO - [Track] ID=2 | car | Pos=(58, 167)
2026-05-10 21:33:24,135 - VehicleCounter - INFO - [Track] ID=3 | motorbike | Pos=(563, 402)
2026-05-10 21:33:24,136 - VehicleCounter - INFO - [Track] ID=6 | motorbike | Pos=(235, 218)
2026-05-10 21:33:24,137 - VehicleCounter - INFO - [Track] ID=7 | motorbike | Pos=(180, 242)
2026-05-10 21:33:24,137 - VehicleCounter - INFO - [Track] ID=16 | car | Pos=(18, 155)
2026-05-10 21:33:24,137 - VehicleCounter - INFO - [Track] ID=17 | motorbike | Pos=(160, 219)
2026-05-10 21:33:24,370 - VehicleCounter - INFO - [Track] ID=1 | car | Pos=(79, 281)
2026-05-10 21:33:24,371 - VehicleCounter - INFO - [Track] ID=2 | car | Pos=(59, 166)
2026-05-10 21:33:24,371 - VehicleCounter - INFO - [Track] ID=3 | motorbike | Pos=(563, 403)
2026-05-10 21:33:24,371 - VehicleCounter - INFO - [Track] ID=6 | motorbike | Pos=(230, 214)
2026-05-10 21:33:24,371 - VehicleCounter - INFO - [Track] ID=7 | motorbike | Pos=(178, 240)
2026-05-10 21:33:24,371 - VehicleCounter - INFO - [Track] ID=16 | car | Pos=(18, 156)
2026-05-10 21:33:24,372 - VehicleCounter - INFO - [Track] ID=17 | motorbike | Pos=(157, 215)
2026-05-10 21:33:24,754 - VehicleCounter - INFO - [Track] ID=1 | car | Pos=(79, 279)
2026-05-10 21:33:24,755 - VehicleCounter - INFO - [Track] ID=2 | car | Pos=(60, 165)
2026-05-10 21:33:24,755 - VehicleCounter - INFO - [Track] ID=3 | motorbike | Pos=(563, 403)
2026-05-10 21:33:24,755 - VehicleCounter - INFO - [Track] ID=6 | motorbike | Pos=(227, 213)
2026-05-10 21:33:24,755 - VehicleCounter - INFO - [Track] ID=7 | motorbike | Pos=(176, 241)
2026-05-10 21:33:24,755 - VehicleCounter - INFO - [Track] ID=16 | car | Pos=(19, 158)
2026-05-10 21:33:24,755 - VehicleCounter - INFO - [Track] ID=17 | motorbike | Pos=(154, 214)
2026-05-10 21:33:25,151 - VehicleCounter - INFO - [Track] ID=1 | car | Pos=(78, 277)
2026-05-10 21:33:25,151 - VehicleCounter - INFO - [Track] ID=2 | car | Pos=(61, 165)
2026-05-10 21:33:25,152 - VehicleCounter - INFO - [Track] ID=3 | motorbike | Pos=(564, 403)
2026-05-10 21:33:25,152 - VehicleCounter - INFO - [Track] ID=6 | motorbike | Pos=(225, 212)
2026-05-10 21:33:25,152 - VehicleCounter - INFO - [Track] ID=7 | motorbike | Pos=(175, 240)
2026-05-10 21:33:25,152 - VehicleCounter - INFO - [Track] ID=16 | car | Pos=(18, 158)
2026-05-10 21:33:25,153 - VehicleCounter - INFO - [Track] ID=17 | motorbike | Pos=(153, 212)
2026-05-10 21:33:25,383 - VehicleCounter - INFO - [Track] ID=1 | car | Pos=(77, 271)
2026-05-10 21:33:25,383 - VehicleCounter - INFO - [Track] ID=2 | car | Pos=(60, 162)
2026-05-10 21:33:25,383 - VehicleCounter - INFO - [Track] ID=3 | motorbike | Pos=(563, 401)
2026-05-10 21:33:25,383 - VehicleCounter - INFO - [Track] ID=6 | motorbike | Pos=(221, 205)
2026-05-10 21:33:25,383 - VehicleCounter - INFO - [Track] ID=7 | motorbike | Pos=(173, 236)
2026-05-10 21:33:25,383 - VehicleCounter - INFO - [Track] ID=16 | car | Pos=(18, 156)
2026-05-10 21:33:25,383 - VehicleCounter - INFO - [Track] ID=17 | motorbike | Pos=(150, 206)
2026-05-10 21:33:25,780 - VehicleCounter - INFO - [Track] ID=1 | car | Pos=(77, 269)
2026-05-10 21:33:25,780 - VehicleCounter - INFO - [Track] ID=2 | car | Pos=(60, 161)
2026-05-10 21:33:25,781 - VehicleCounter - INFO - [Track] ID=3 | motorbike | Pos=(563, 401)
2026-05-10 21:33:25,781 - VehicleCounter - INFO - [Track] ID=6 | motorbike | Pos=(220, 204)
2026-05-10 21:33:25,781 - VehicleCounter - INFO - [Track] ID=7 | motorbike | Pos=(172, 234)
2026-05-10 21:33:25,781 - VehicleCounter - INFO - [Track] ID=16 | car | Pos=(18, 155)
2026-05-10 21:33:25,781 - VehicleCounter - INFO - [Track] ID=17 | motorbike | Pos=(149, 204)
2026-05-10 21:33:26,166 - VehicleCounter - INFO - [Track] ID=1 | car | Pos=(76, 266)
2026-05-10 21:33:26,168 - VehicleCounter - INFO - [Track] ID=2 | car | Pos=(61, 161)
2026-05-10 21:33:26,168 - VehicleCounter - INFO - [Track] ID=3 | motorbike | Pos=(563, 401)
2026-05-10 21:33:26,168 - VehicleCounter - INFO - [Track] ID=6 | motorbike | Pos=(218, 202)
2026-05-10 21:33:26,168 - VehicleCounter - INFO - [Track] ID=7 | motorbike | Pos=(171, 231)
2026-05-10 21:33:26,168 - VehicleCounter - INFO - [Track] ID=16 | car | Pos=(19, 153)
2026-05-10 21:33:26,168 - VehicleCounter - INFO - [Track] ID=17 | motorbike | Pos=(146, 201)
2026-05-10 21:33:26,405 - VehicleCounter - INFO - [Track] ID=1 | car | Pos=(75, 262)
2026-05-10 21:33:26,405 - VehicleCounter - INFO - [Track] ID=2 | car | Pos=(61, 161)
2026-05-10 21:33:26,406 - VehicleCounter - INFO - [Track] ID=3 | motorbike | Pos=(563, 400)
2026-05-10 21:33:26,406 - VehicleCounter - INFO - [Track] ID=6 | motorbike | Pos=(216, 200)
2026-05-10 21:33:26,406 - VehicleCounter - INFO - [Track] ID=7 | motorbike | Pos=(170, 228)
2026-05-10 21:33:26,406 - VehicleCounter - INFO - [Track] ID=16 | car | Pos=(19, 151)
2026-05-10 21:33:26,406 - VehicleCounter - INFO - [Track] ID=17 | motorbike | Pos=(145, 200)
2026-05-10 21:33:26,988 - VehicleCounter - INFO - [Track] ID=1 | car | Pos=(74, 258)
2026-05-10 21:33:26,988 - VehicleCounter - INFO - [Track] ID=2 | car | Pos=(62, 159)
2026-05-10 21:33:26,989 - VehicleCounter - INFO - [Track] ID=3 | motorbike | Pos=(563, 400)
2026-05-10 21:33:26,989 - VehicleCounter - INFO - [Track] ID=6 | motorbike | Pos=(215, 198)
2026-05-10 21:33:26,992 - VehicleCounter - INFO - [Track] ID=7 | motorbike | Pos=(167, 227)
2026-05-10 21:33:27,003 - VehicleCounter - INFO - [Track] ID=16 | car | Pos=(20, 152)
2026-05-10 21:33:27,003 - VehicleCounter - INFO - [Track] ID=17 | motorbike | Pos=(143, 197)
2026-05-10 21:33:27,356 - VehicleCounter - INFO - [Track] ID=1 | car | Pos=(73, 258)
2026-05-10 21:33:27,357 - VehicleCounter - INFO - [Track] ID=2 | car | Pos=(63, 158)
2026-05-10 21:33:27,357 - VehicleCounter - INFO - [Track] ID=3 | motorbike | Pos=(563, 400)
2026-05-10 21:33:27,358 - VehicleCounter - INFO - [Track] ID=6 | motorbike | Pos=(214, 197)
2026-05-10 21:33:27,358 - VehicleCounter - INFO - [Track] ID=7 | motorbike | Pos=(167, 226)
2026-05-10 21:33:27,358 - VehicleCounter - INFO - [Track] ID=16 | car | Pos=(20, 151)
2026-05-10 21:33:27,358 - VehicleCounter - INFO - [Track] ID=17 | motorbike | Pos=(141, 198)
2026-05-10 21:33:27,758 - VehicleCounter - INFO - [Track] ID=1 | car | Pos=(72, 256)
2026-05-10 21:33:27,758 - VehicleCounter - INFO - [Track] ID=2 | car | Pos=(61, 158)
2026-05-10 21:33:27,758 - VehicleCounter - INFO - [Track] ID=3 | motorbike | Pos=(563, 401)
2026-05-10 21:33:27,758 - VehicleCounter - INFO - [Track] ID=6 | motorbike | Pos=(212, 195)
2026-05-10 21:33:27,758 - VehicleCounter - INFO - [Track] ID=7 | motorbike | Pos=(165, 225)
2026-05-10 21:33:27,759 - VehicleCounter - INFO - [Track] ID=16 | car | Pos=(20, 151)
2026-05-10 21:33:27,759 - VehicleCounter - INFO - [Track] ID=17 | motorbike | Pos=(139, 194)
2026-05-10 21:33:27,760 - VehicleCounter - INFO - [Track] ID=18 | motorbike | Pos=(607, 605)
2026-05-10 21:33:28,156 - VehicleCounter - INFO - [Track] ID=1 | car | Pos=(72, 255)
2026-05-10 21:33:28,156 - VehicleCounter - INFO - [Track] ID=2 | car | Pos=(61, 160)
2026-05-10 21:33:28,156 - VehicleCounter - INFO - [Track] ID=3 | motorbike | Pos=(563, 401)
2026-05-10 21:33:28,156 - VehicleCounter - INFO - [Track] ID=6 | motorbike | Pos=(212, 194)
2026-05-10 21:33:28,156 - VehicleCounter - INFO - [Track] ID=7 | motorbike | Pos=(164, 224)
2026-05-10 21:33:28,157 - VehicleCounter - INFO - [Track] ID=16 | car | Pos=(19, 151)
2026-05-10 21:33:28,157 - VehicleCounter - INFO - [Track] ID=17 | motorbike | Pos=(137, 194)
2026-05-10 21:33:28,157 - VehicleCounter - INFO - [Track] ID=18 | motorbike | Pos=(590, 599)
2026-05-10 21:33:28,392 - VehicleCounter - INFO - [Track] ID=1 | car | Pos=(70, 252)
2026-05-10 21:33:28,392 - VehicleCounter - INFO - [Track] ID=2 | car | Pos=(59, 159)
2026-05-10 21:33:28,393 - VehicleCounter - INFO - [Track] ID=3 | motorbike | Pos=(563, 401)
2026-05-10 21:33:28,393 - VehicleCounter - INFO - [Track] ID=6 | motorbike | Pos=(211, 192)
2026-05-10 21:33:28,393 - VehicleCounter - INFO - [Track] ID=7 | motorbike | Pos=(163, 221)
2026-05-10 21:33:28,393 - VehicleCounter - INFO - [Track] ID=16 | car | Pos=(19, 151)
2026-05-10 21:33:28,393 - VehicleCounter - INFO - [Track] ID=17 | motorbike | Pos=(135, 194)
2026-05-10 21:33:28,393 - VehicleCounter - INFO - [Track] ID=18 | motorbike | Pos=(572, 591)
2026-05-10 21:33:28,794 - VehicleCounter - INFO - [Track] ID=1 | car | Pos=(69, 251)
2026-05-10 21:33:28,794 - VehicleCounter - INFO - [Track] ID=2 | car | Pos=(59, 160)
2026-05-10 21:33:28,795 - VehicleCounter - INFO - [Track] ID=3 | motorbike | Pos=(563, 402)
2026-05-10 21:33:28,795 - VehicleCounter - INFO - [Track] ID=6 | motorbike | Pos=(210, 191)
2026-05-10 21:33:28,795 - VehicleCounter - INFO - [Track] ID=7 | motorbike | Pos=(162, 220)
2026-05-10 21:33:28,795 - VehicleCounter - INFO - [Track] ID=16 | car | Pos=(19, 150)
2026-05-10 21:33:28,795 - VehicleCounter - INFO - [Track] ID=17 | motorbike | Pos=(134, 193)
2026-05-10 21:33:28,795 - VehicleCounter - INFO - [Track] ID=18 | motorbike | Pos=(563, 587)
2026-05-10 21:33:29,201 - VehicleCounter - INFO - [Track] ID=1 | car | Pos=(67, 247)
2026-05-10 21:33:29,202 - VehicleCounter - INFO - [Track] ID=2 | car | Pos=(58, 160)
2026-05-10 21:33:29,202 - VehicleCounter - INFO - [Track] ID=3 | motorbike | Pos=(563, 402)
2026-05-10 21:33:29,202 - VehicleCounter - INFO - [Track] ID=6 | motorbike | Pos=(209, 190)
2026-05-10 21:33:29,202 - VehicleCounter - INFO - [Track] ID=7 | motorbike | Pos=(161, 216)
2026-05-10 21:33:29,203 - VehicleCounter - INFO - [Track] ID=16 | car | Pos=(19, 149)
2026-05-10 21:33:29,203 - VehicleCounter - INFO - [Track] ID=17 | motorbike | Pos=(133, 193)
2026-05-10 21:33:29,203 - VehicleCounter - INFO - [Track] ID=18 | motorbike | Pos=(551, 582)
2026-05-10 21:33:29,436 - VehicleCounter - INFO - [Track] ID=1 | car | Pos=(66, 245)
2026-05-10 21:33:29,437 - VehicleCounter - INFO - [Track] ID=2 | car | Pos=(59, 159)
2026-05-10 21:33:29,437 - VehicleCounter - INFO - [Track] ID=3 | motorbike | Pos=(563, 402)
2026-05-10 21:33:29,437 - VehicleCounter - INFO - [Track] ID=6 | motorbike | Pos=(208, 187)
2026-05-10 21:33:29,437 - VehicleCounter - INFO - [Track] ID=7 | motorbike | Pos=(160, 213)
2026-05-10 21:33:29,437 - VehicleCounter - INFO - [Track] ID=16 | car | Pos=(20, 149)
2026-05-10 21:33:29,437 - VehicleCounter - INFO - [Track] ID=17 | motorbike | Pos=(132, 190)
2026-05-10 21:33:29,437 - VehicleCounter - INFO - [Track] ID=18 | motorbike | Pos=(537, 574)
2026-05-10 21:33:29,836 - VehicleCounter - INFO - [Track] ID=1 | car | Pos=(64, 243)
2026-05-10 21:33:29,836 - VehicleCounter - INFO - [Track] ID=2 | car | Pos=(57, 160)
2026-05-10 21:33:29,836 - VehicleCounter - INFO - [Track] ID=3 | motorbike | Pos=(563, 402)
2026-05-10 21:33:29,837 - VehicleCounter - INFO - [Track] ID=6 | motorbike | Pos=(207, 185)
2026-05-10 21:33:29,837 - VehicleCounter - INFO - [Track] ID=7 | motorbike | Pos=(159, 212)
2026-05-10 21:33:29,837 - VehicleCounter - INFO - [Track] ID=16 | car | Pos=(20, 148)
2026-05-10 21:33:29,837 - VehicleCounter - INFO - [Track] ID=17 | motorbike | Pos=(131, 189)
2026-05-10 21:33:29,837 - VehicleCounter - INFO - [Track] ID=18 | motorbike | Pos=(529, 571)
2026-05-10 21:33:30,216 - VehicleCounter - INFO - [Track] ID=1 | car | Pos=(62, 242)
2026-05-10 21:33:30,216 - VehicleCounter - INFO - [Track] ID=2 | car | Pos=(57, 161)
2026-05-10 21:33:30,217 - VehicleCounter - INFO - [Track] ID=3 | motorbike | Pos=(563, 402)
2026-05-10 21:33:30,217 - VehicleCounter - INFO - [Track] ID=6 | motorbike | Pos=(207, 183)
2026-05-10 21:33:30,217 - VehicleCounter - INFO - [Track] ID=7 | motorbike | Pos=(158, 211)
2026-05-10 21:33:30,217 - VehicleCounter - INFO - [Track] ID=16 | car | Pos=(20, 147)
2026-05-10 21:33:30,217 - VehicleCounter - INFO - [Track] ID=17 | motorbike | Pos=(130, 186)
2026-05-10 21:33:30,217 - VehicleCounter - INFO - [Track] ID=18 | motorbike | Pos=(516, 565)
2026-05-10 21:33:30,450 - VehicleCounter - INFO - [Track] ID=1 | car | Pos=(60, 240)
2026-05-10 21:33:30,450 - VehicleCounter - INFO - [Track] ID=2 | car | Pos=(56, 160)
2026-05-10 21:33:30,450 - VehicleCounter - INFO - [Track] ID=3 | motorbike | Pos=(564, 402)
2026-05-10 21:33:30,450 - VehicleCounter - INFO - [Track] ID=6 | motorbike | Pos=(207, 183)
2026-05-10 21:33:30,450 - VehicleCounter - INFO - [Track] ID=7 | motorbike | Pos=(157, 210)
2026-05-10 21:33:30,450 - VehicleCounter - INFO - [Track] ID=16 | car | Pos=(20, 146)
2026-05-10 21:33:30,450 - VehicleCounter - INFO - [Track] ID=17 | motorbike | Pos=(129, 186)
2026-05-10 21:33:30,450 - VehicleCounter - INFO - [Track] ID=18 | motorbike | Pos=(510, 562)
2026-05-10 21:33:30,847 - VehicleCounter - INFO - [Track] ID=1 | car | Pos=(56, 237)
2026-05-10 21:33:30,847 - VehicleCounter - INFO - [Track] ID=2 | car | Pos=(55, 157)
2026-05-10 21:33:30,847 - VehicleCounter - INFO - [Track] ID=3 | motorbike | Pos=(564, 402)
2026-05-10 21:33:30,848 - VehicleCounter - INFO - [Track] ID=6 | motorbike | Pos=(206, 182)
2026-05-10 21:33:30,848 - VehicleCounter - INFO - [Track] ID=7 | motorbike | Pos=(155, 208)
2026-05-10 21:33:30,848 - VehicleCounter - INFO - [Track] ID=16 | car | Pos=(19, 143)
2026-05-10 21:33:30,848 - VehicleCounter - INFO - [Track] ID=17 | motorbike | Pos=(127, 183)
2026-05-10 21:33:30,849 - VehicleCounter - INFO - [Track] ID=18 | motorbike | Pos=(497, 556)
2026-05-10 21:33:31,227 - VehicleCounter - INFO - [Track] ID=1 | car | Pos=(54, 235)
2026-05-10 21:33:31,227 - VehicleCounter - INFO - [Track] ID=2 | car | Pos=(56, 159)
2026-05-10 21:33:31,227 - VehicleCounter - INFO - [Track] ID=3 | motorbike | Pos=(564, 403)
2026-05-10 21:33:31,227 - VehicleCounter - INFO - [Track] ID=6 | motorbike | Pos=(207, 181)
2026-05-10 21:33:31,227 - VehicleCounter - INFO - [Track] ID=7 | motorbike | Pos=(155, 206)
2026-05-10 21:33:31,227 - VehicleCounter - INFO - [Track] ID=16 | car | Pos=(19, 142)
2026-05-10 21:33:31,228 - VehicleCounter - INFO - [Track] ID=17 | motorbike | Pos=(127, 181)
2026-05-10 21:33:31,228 - VehicleCounter - INFO - [Track] ID=18 | motorbike | Pos=(488, 551)
2026-05-10 21:33:31,458 - VehicleCounter - INFO - [Track] ID=1 | car | Pos=(53, 234)
2026-05-10 21:33:31,459 - VehicleCounter - INFO - [Track] ID=2 | car | Pos=(57, 157)
2026-05-10 21:33:31,459 - VehicleCounter - INFO - [Track] ID=3 | motorbike | Pos=(564, 403)
2026-05-10 21:33:31,460 - VehicleCounter - INFO - [Track] ID=6 | motorbike | Pos=(207, 179)
2026-05-10 21:33:31,460 - VehicleCounter - INFO - [Track] ID=7 | motorbike | Pos=(154, 205)
2026-05-10 21:33:31,460 - VehicleCounter - INFO - [Track] ID=16 | car | Pos=(19, 144)
2026-05-10 21:33:31,460 - VehicleCounter - INFO - [Track] ID=17 | motorbike | Pos=(126, 180)
2026-05-10 21:33:31,460 - VehicleCounter - INFO - [Track] ID=18 | motorbike | Pos=(483, 549)
2026-05-10 21:33:31,859 - VehicleCounter - INFO - [Track] ID=1 | car | Pos=(50, 232)
2026-05-10 21:33:31,859 - VehicleCounter - INFO - [Track] ID=2 | car | Pos=(57, 155)
2026-05-10 21:33:31,859 - VehicleCounter - INFO - [Track] ID=3 | motorbike | Pos=(564, 402)
2026-05-10 21:33:31,859 - VehicleCounter - INFO - [Track] ID=6 | motorbike | Pos=(207, 177)
2026-05-10 21:33:31,860 - VehicleCounter - INFO - [Track] ID=7 | motorbike | Pos=(153, 204)
2026-05-10 21:33:31,860 - VehicleCounter - INFO - [Track] ID=16 | car | Pos=(19, 146)
2026-05-10 21:33:31,860 - VehicleCounter - INFO - [Track] ID=17 | motorbike | Pos=(125, 178)
2026-05-10 21:33:31,860 - VehicleCounter - INFO - [Track] ID=18 | motorbike | Pos=(474, 544)
2026-05-10 21:33:32,238 - VehicleCounter - INFO - [Track] ID=1 | car | Pos=(49, 232)
2026-05-10 21:33:32,239 - VehicleCounter - INFO - [Track] ID=2 | car | Pos=(56, 155)
2026-05-10 21:33:32,239 - VehicleCounter - INFO - [Track] ID=3 | motorbike | Pos=(564, 403)
2026-05-10 21:33:32,239 - VehicleCounter - INFO - [Track] ID=6 | motorbike | Pos=(207, 176)
2026-05-10 21:33:32,239 - VehicleCounter - INFO - [Track] ID=7 | motorbike | Pos=(153, 204)
2026-05-10 21:33:32,239 - VehicleCounter - INFO - [Track] ID=16 | car | Pos=(21, 147)
2026-05-10 21:33:32,239 - VehicleCounter - INFO - [Track] ID=17 | motorbike | Pos=(125, 177)
2026-05-10 21:33:32,239 - VehicleCounter - INFO - [Track] ID=18 | motorbike | Pos=(470, 541)
2026-05-10 21:33:32,474 - VehicleCounter - INFO - [Track] ID=1 | car | Pos=(46, 228)
2026-05-10 21:33:32,474 - VehicleCounter - INFO - [Track] ID=3 | motorbike | Pos=(564, 403)
2026-05-10 21:33:32,474 - VehicleCounter - INFO - [Track] ID=6 | motorbike | Pos=(206, 176)
2026-05-10 21:33:32,474 - VehicleCounter - INFO - [Track] ID=7 | motorbike | Pos=(150, 202)
2026-05-10 21:33:32,474 - VehicleCounter - INFO - [Track] ID=17 | motorbike | Pos=(123, 175)
2026-05-10 21:33:32,474 - VehicleCounter - INFO - [Track] ID=18 | motorbike | Pos=(462, 532)
2026-05-10 21:33:32,474 - VehicleCounter - INFO - [Track] ID=19 | motorbike | Pos=(846, 555)
2026-05-10 21:33:32,869 - VehicleCounter - INFO - [Track] ID=1 | car | Pos=(44, 226)
2026-05-10 21:33:32,870 - VehicleCounter - INFO - [Track] ID=3 | motorbike | Pos=(564, 403)
2026-05-10 21:33:32,870 - VehicleCounter - INFO - [Track] ID=6 | motorbike | Pos=(206, 176)
2026-05-10 21:33:32,870 - VehicleCounter - INFO - [Track] ID=7 | motorbike | Pos=(149, 203)
2026-05-10 21:33:32,870 - VehicleCounter - INFO - [Track] ID=17 | motorbike | Pos=(123, 175)
2026-05-10 21:33:32,870 - VehicleCounter - INFO - [Track] ID=18 | motorbike | Pos=(458, 526)
2026-05-10 21:33:32,870 - VehicleCounter - INFO - [Track] ID=19 | motorbike | Pos=(816, 552)
2026-05-10 21:33:33,269 - VehicleCounter - INFO - [Track] ID=1 | car | Pos=(43, 225)
2026-05-10 21:33:33,269 - VehicleCounter - INFO - [Track] ID=3 | motorbike | Pos=(564, 403)
2026-05-10 21:33:33,269 - VehicleCounter - INFO - [Track] ID=6 | motorbike | Pos=(205, 175)
2026-05-10 21:33:33,269 - VehicleCounter - INFO - [Track] ID=7 | motorbike | Pos=(148, 201)
2026-05-10 21:33:33,269 - VehicleCounter - INFO - [Track] ID=17 | motorbike | Pos=(122, 174)
2026-05-10 21:33:33,270 - VehicleCounter - INFO - [Track] ID=18 | motorbike | Pos=(453, 517)
2026-05-10 21:33:33,270 - VehicleCounter - INFO - [Track] ID=19 | motorbike | Pos=(775, 547)
2026-05-10 21:33:33,688 - VehicleCounter - INFO - [Track] ID=1 | car | Pos=(41, 223)
2026-05-10 21:33:33,689 - VehicleCounter - INFO - [Track] ID=3 | motorbike | Pos=(564, 403)
2026-05-10 21:33:33,689 - VehicleCounter - INFO - [Track] ID=6 | motorbike | Pos=(204, 173)
2026-05-10 21:33:33,689 - VehicleCounter - INFO - [Track] ID=7 | motorbike | Pos=(145, 199)
2026-05-10 21:33:33,689 - VehicleCounter - INFO - [Track] ID=17 | motorbike | Pos=(121, 173)
2026-05-10 21:33:33,689 - VehicleCounter - INFO - [Track] ID=18 | motorbike | Pos=(449, 506)
2026-05-10 21:33:33,691 - VehicleCounter - INFO - [Track] ID=19 | motorbike | Pos=(739, 547)
2026-05-10 21:33:33,927 - VehicleCounter - INFO - [Track] ID=1 | car | Pos=(39, 220)
2026-05-10 21:33:33,927 - VehicleCounter - INFO - [Track] ID=3 | motorbike | Pos=(564, 404)
2026-05-10 21:33:33,927 - VehicleCounter - INFO - [Track] ID=6 | motorbike | Pos=(204, 172)
2026-05-10 21:33:33,927 - VehicleCounter - INFO - [Track] ID=7 | motorbike | Pos=(143, 198)
2026-05-10 21:33:33,927 - VehicleCounter - INFO - [Track] ID=18 | motorbike | Pos=(444, 496)
2026-05-10 21:33:33,927 - VehicleCounter - INFO - [Track] ID=19 | motorbike | Pos=(706, 543)
2026-05-10 21:33:33,927 - VehicleCounter - INFO - [Track] ID=2 | car | Pos=(56, 148)
2026-05-10 21:33:34,331 - VehicleCounter - INFO - [Track] ID=1 | car | Pos=(39, 220)
2026-05-10 21:33:34,332 - VehicleCounter - INFO - [Track] ID=3 | motorbike | Pos=(564, 404)
2026-05-10 21:33:34,332 - VehicleCounter - INFO - [Track] ID=6 | motorbike | Pos=(204, 172)
2026-05-10 21:33:34,332 - VehicleCounter - INFO - [Track] ID=7 | motorbike | Pos=(143, 198)
2026-05-10 21:33:34,332 - VehicleCounter - INFO - [Track] ID=18 | motorbike | Pos=(442, 492)
2026-05-10 21:33:34,332 - VehicleCounter - INFO - [Track] ID=19 | motorbike | Pos=(692, 541)
2026-05-10 21:33:34,333 - VehicleCounter - INFO - [Track] ID=2 | car | Pos=(58, 148)
2026-05-10 21:33:34,734 - VehicleCounter - INFO - [Track] ID=1 | car | Pos=(38, 218)
2026-05-10 21:33:34,734 - VehicleCounter - INFO - [Track] ID=3 | motorbike | Pos=(563, 404)
2026-05-10 21:33:34,734 - VehicleCounter - INFO - [Track] ID=6 | motorbike | Pos=(202, 171)
2026-05-10 21:33:34,734 - VehicleCounter - INFO - [Track] ID=7 | motorbike | Pos=(140, 197)
2026-05-10 21:33:34,735 - VehicleCounter - INFO - [Track] ID=18 | motorbike | Pos=(435, 481)
2026-05-10 21:33:34,735 - VehicleCounter - INFO - [Track] ID=19 | motorbike | Pos=(661, 534)
2026-05-10 21:33:34,735 - VehicleCounter - INFO - [Track] ID=2 | car | Pos=(57, 150)
2026-05-10 21:33:34,735 - VehicleCounter - INFO - [Track] ID=21 | motorbike | Pos=(567, 607)
2026-05-10 21:33:34,963 - VehicleCounter - INFO - [Track] ID=1 | car | Pos=(37, 216)
2026-05-10 21:33:34,963 - VehicleCounter - INFO - [Track] ID=3 | motorbike | Pos=(563, 404)
2026-05-10 21:33:34,963 - VehicleCounter - INFO - [Track] ID=7 | motorbike | Pos=(140, 195)
2026-05-10 21:33:34,964 - VehicleCounter - INFO - [Track] ID=18 | motorbike | Pos=(431, 475)
2026-05-10 21:33:34,964 - VehicleCounter - INFO - [Track] ID=19 | motorbike | Pos=(646, 530)
2026-05-10 21:33:34,964 - VehicleCounter - INFO - [Track] ID=2 | car | Pos=(61, 150)
2026-05-10 21:33:34,964 - VehicleCounter - INFO - [Track] ID=21 | motorbike | Pos=(557, 602)
2026-05-10 21:33:35,362 - VehicleCounter - INFO - [Track] ID=1 | car | Pos=(36, 214)
2026-05-10 21:33:35,362 - VehicleCounter - INFO - [Track] ID=3 | motorbike | Pos=(563, 404)
2026-05-10 21:33:35,362 - VehicleCounter - INFO - [Track] ID=7 | motorbike | Pos=(138, 194)
2026-05-10 21:33:35,363 - VehicleCounter - INFO - [Track] ID=18 | motorbike | Pos=(426, 466)
2026-05-10 21:33:35,363 - VehicleCounter - INFO - [Track] ID=19 | motorbike | Pos=(628, 524)
2026-05-10 21:33:35,363 - VehicleCounter - INFO - [Track] ID=21 | motorbike | Pos=(548, 600)
2026-05-10 21:33:35,363 - VehicleCounter - INFO - [Track] ID=2 | car | Pos=(59, 150)
2026-05-10 21:33:35,756 - VehicleCounter - INFO - [Track] ID=1 | car | Pos=(36, 210)
2026-05-10 21:33:35,756 - VehicleCounter - INFO - [Track] ID=3 | motorbike | Pos=(564, 403)
2026-05-10 21:33:35,757 - VehicleCounter - INFO - [Track] ID=7 | motorbike | Pos=(137, 191)
2026-05-10 21:33:35,757 - VehicleCounter - INFO - [Track] ID=18 | motorbike | Pos=(419, 456)
2026-05-10 21:33:35,758 - VehicleCounter - INFO - [Track] ID=19 | motorbike | Pos=(608, 516)
2026-05-10 21:33:35,758 - VehicleCounter - INFO - [Track] ID=21 | motorbike | Pos=(535, 595)
2026-05-10 21:33:35,758 - VehicleCounter - INFO - [Track] ID=2 | car | Pos=(57, 150)
2026-05-10 21:33:35,996 - VehicleCounter - INFO - [Track] ID=1 | car | Pos=(35, 210)
2026-05-10 21:33:35,997 - VehicleCounter - INFO - [Track] ID=3 | motorbike | Pos=(563, 404)
2026-05-10 21:33:35,997 - VehicleCounter - INFO - [Track] ID=7 | motorbike | Pos=(136, 191)
2026-05-10 21:33:35,997 - VehicleCounter - INFO - [Track] ID=18 | motorbike | Pos=(415, 452)
2026-05-10 21:33:35,997 - VehicleCounter - INFO - [Track] ID=19 | motorbike | Pos=(599, 513)
2026-05-10 21:33:35,997 - VehicleCounter - INFO - [Track] ID=21 | motorbike | Pos=(531, 593)
2026-05-10 21:33:35,997 - VehicleCounter - INFO - [Track] ID=2 | car | Pos=(59, 150)
2026-05-10 21:33:36,729 - VehicleCounter - INFO - [Track] ID=1 | car | Pos=(34, 209)
2026-05-10 21:33:36,730 - VehicleCounter - INFO - [Track] ID=3 | motorbike | Pos=(564, 402)
2026-05-10 21:33:36,730 - VehicleCounter - INFO - [Track] ID=7 | motorbike | Pos=(134, 189)
2026-05-10 21:33:36,730 - VehicleCounter - INFO - [Track] ID=18 | motorbike | Pos=(406, 443)
2026-05-10 21:33:36,730 - VehicleCounter - INFO - [Track] ID=19 | motorbike | Pos=(579, 507)
2026-05-10 21:33:36,730 - VehicleCounter - INFO - [Track] ID=21 | motorbike | Pos=(519, 587)
2026-05-10 21:33:36,731 - VehicleCounter - INFO - [Track] ID=2 | car | Pos=(60, 150)
2026-05-10 21:33:36,965 - VehicleCounter - INFO - [Track] ID=1 | car | Pos=(34, 208)
2026-05-10 21:33:36,966 - VehicleCounter - INFO - [Track] ID=3 | motorbike | Pos=(564, 402)
2026-05-10 21:33:36,966 - VehicleCounter - INFO - [Track] ID=7 | motorbike | Pos=(134, 189)
2026-05-10 21:33:36,966 - VehicleCounter - INFO - [Track] ID=18 | motorbike | Pos=(402, 439)
2026-05-10 21:33:36,966 - VehicleCounter - INFO - [Track] ID=19 | motorbike | Pos=(571, 505)
2026-05-10 21:33:36,966 - VehicleCounter - INFO - [Track] ID=21 | motorbike | Pos=(517, 584)
2026-05-10 21:33:37,362 - VehicleCounter - INFO - [Track] ID=1 | car | Pos=(33, 206)
2026-05-10 21:33:37,362 - VehicleCounter - INFO - [Track] ID=3 | motorbike | Pos=(566, 403)
2026-05-10 21:33:37,362 - VehicleCounter - INFO - [Track] ID=7 | motorbike | Pos=(132, 187)
2026-05-10 21:33:37,362 - VehicleCounter - INFO - [Track] ID=18 | motorbike | Pos=(391, 429)
2026-05-10 21:33:37,362 - VehicleCounter - INFO - [Track] ID=19 | motorbike | Pos=(555, 497)
2026-05-10 21:33:37,362 - VehicleCounter - INFO - [Track] ID=21 | motorbike | Pos=(509, 579)
2026-05-10 21:33:37,760 - VehicleCounter - INFO - [Track] ID=1 | car | Pos=(32, 204)
2026-05-10 21:33:37,760 - VehicleCounter - INFO - [Track] ID=3 | motorbike | Pos=(566, 404)
2026-05-10 21:33:37,760 - VehicleCounter - INFO - [Track] ID=7 | motorbike | Pos=(131, 185)
2026-05-10 21:33:37,760 - VehicleCounter - INFO - [Track] ID=18 | motorbike | Pos=(384, 424)
2026-05-10 21:33:37,762 - VehicleCounter - INFO - [Track] ID=19 | motorbike | Pos=(542, 493)
2026-05-10 21:33:37,762 - VehicleCounter - INFO - [Track] ID=21 | motorbike | Pos=(502, 576)
2026-05-10 21:33:37,762 - VehicleCounter - INFO - [Track] ID=2 | car | Pos=(58, 150)
2026-05-10 21:33:38,059 - VehicleCounter - INFO - [Track] ID=1 | car | Pos=(32, 203)
2026-05-10 21:33:38,060 - VehicleCounter - INFO - [Track] ID=3 | motorbike | Pos=(566, 404)
2026-05-10 21:33:38,061 - VehicleCounter - INFO - [Track] ID=7 | motorbike | Pos=(129, 185)
2026-05-10 21:33:38,061 - VehicleCounter - INFO - [Track] ID=18 | motorbike | Pos=(379, 421)
2026-05-10 21:33:38,061 - VehicleCounter - INFO - [Track] ID=19 | motorbike | Pos=(536, 489)
2026-05-10 21:33:38,064 - VehicleCounter - INFO - [Track] ID=21 | motorbike | Pos=(498, 574)
2026-05-10 21:33:38,073 - VehicleCounter - INFO - [Track] ID=2 | car | Pos=(59, 147)
2026-05-10 21:33:38,429 - VehicleCounter - INFO - [Track] ID=1 | car | Pos=(31, 202)
2026-05-10 21:33:38,429 - VehicleCounter - INFO - [Track] ID=3 | motorbike | Pos=(565, 404)
2026-05-10 21:33:38,430 - VehicleCounter - INFO - [Track] ID=7 | motorbike | Pos=(126, 184)
2026-05-10 21:33:38,430 - VehicleCounter - INFO - [Track] ID=18 | motorbike | Pos=(368, 415)
2026-05-10 21:33:38,430 - VehicleCounter - INFO - [Track] ID=19 | motorbike | Pos=(522, 483)
2026-05-10 21:33:38,430 - VehicleCounter - INFO - [Track] ID=21 | motorbike | Pos=(493, 570)
2026-05-10 21:33:38,430 - VehicleCounter - INFO - [Track] ID=2 | car | Pos=(58, 147)
2026-05-10 21:33:38,823 - VehicleCounter - INFO - [Track] ID=1 | car | Pos=(30, 201)
2026-05-10 21:33:38,823 - VehicleCounter - INFO - [Track] ID=3 | motorbike | Pos=(565, 405)
2026-05-10 21:33:38,823 - VehicleCounter - INFO - [Track] ID=7 | motorbike | Pos=(124, 183)
2026-05-10 21:33:38,823 - VehicleCounter - INFO - [Track] ID=18 | motorbike | Pos=(359, 409)
2026-05-10 21:33:38,823 - VehicleCounter - INFO - [Track] ID=19 | motorbike | Pos=(512, 476)
2026-05-10 21:33:38,823 - VehicleCounter - INFO - [Track] ID=21 | motorbike | Pos=(488, 565)
2026-05-10 21:33:38,824 - VehicleCounter - INFO - [Track] ID=2 | car | Pos=(55, 146)
2026-05-10 21:33:39,219 - VehicleCounter - INFO - [Track] ID=1 | car | Pos=(30, 200)
2026-05-10 21:33:39,219 - VehicleCounter - INFO - [Track] ID=3 | motorbike | Pos=(565, 406)
2026-05-10 21:33:39,219 - VehicleCounter - INFO - [Track] ID=7 | motorbike | Pos=(124, 184)
2026-05-10 21:33:39,219 - VehicleCounter - INFO - [Track] ID=18 | motorbike | Pos=(355, 408)
2026-05-10 21:33:39,220 - VehicleCounter - INFO - [Track] ID=19 | motorbike | Pos=(507, 473)
2026-05-10 21:33:39,220 - VehicleCounter - INFO - [Track] ID=21 | motorbike | Pos=(485, 564)
2026-05-10 21:33:39,220 - VehicleCounter - INFO - [Track] ID=2 | car | Pos=(51, 146)
2026-05-10 21:33:39,453 - VehicleCounter - INFO - [Track] ID=1 | car | Pos=(29, 198)
2026-05-10 21:33:39,454 - VehicleCounter - INFO - [Track] ID=3 | motorbike | Pos=(564, 406)
2026-05-10 21:33:39,454 - VehicleCounter - INFO - [Track] ID=7 | motorbike | Pos=(121, 179)
2026-05-10 21:33:39,454 - VehicleCounter - INFO - [Track] ID=18 | motorbike | Pos=(346, 402)
2026-05-10 21:33:39,454 - VehicleCounter - INFO - [Track] ID=19 | motorbike | Pos=(495, 465)
2026-05-10 21:33:39,455 - VehicleCounter - INFO - [Track] ID=21 | motorbike | Pos=(480, 561)
2026-05-10 21:33:39,455 - VehicleCounter - INFO - [Track] ID=2 | car | Pos=(56, 146)
2026-05-10 21:33:39,830 - VehicleCounter - INFO - [Track] ID=1 | car | Pos=(28, 198)
2026-05-10 21:33:39,830 - VehicleCounter - INFO - [Track] ID=3 | motorbike | Pos=(564, 405)
2026-05-10 21:33:39,830 - VehicleCounter - INFO - [Track] ID=7 | motorbike | Pos=(120, 178)
2026-05-10 21:33:39,831 - VehicleCounter - INFO - [Track] ID=18 | motorbike | Pos=(336, 395)
2026-05-10 21:33:39,831 - VehicleCounter - INFO - [Track] ID=19 | motorbike | Pos=(484, 454)
2026-05-10 21:33:39,831 - VehicleCounter - INFO - [Track] ID=21 | motorbike | Pos=(476, 557)
2026-05-10 21:33:39,831 - VehicleCounter - INFO - [Track] ID=2 | car | Pos=(54, 147)
2026-05-10 21:33:40,227 - VehicleCounter - INFO - [Track] ID=1 | car | Pos=(28, 196)
2026-05-10 21:33:40,227 - VehicleCounter - INFO - [Track] ID=3 | motorbike | Pos=(564, 405)
2026-05-10 21:33:40,227 - VehicleCounter - INFO - [Track] ID=7 | motorbike | Pos=(119, 178)
2026-05-10 21:33:40,228 - VehicleCounter - INFO - [Track] ID=18 | motorbike | Pos=(330, 390)
2026-05-10 21:33:40,228 - VehicleCounter - INFO - [Track] ID=19 | motorbike | Pos=(475, 448)
2026-05-10 21:33:40,228 - VehicleCounter - INFO - [Track] ID=21 | motorbike | Pos=(472, 553)
2026-05-10 21:33:40,229 - VehicleCounter - INFO - [Track] ID=2 | car | Pos=(52, 147)
2026-05-10 21:33:40,460 - VehicleCounter - INFO - [Track] ID=1 | car | Pos=(27, 195)
2026-05-10 21:33:40,460 - VehicleCounter - INFO - [Track] ID=3 | motorbike | Pos=(564, 406)
2026-05-10 21:33:40,460 - VehicleCounter - INFO - [Track] ID=7 | motorbike | Pos=(119, 177)
2026-05-10 21:33:40,460 - VehicleCounter - INFO - [Track] ID=18 | motorbike | Pos=(325, 387)
2026-05-10 21:33:40,460 - VehicleCounter - INFO - [Track] ID=19 | motorbike | Pos=(467, 444)
2026-05-10 21:33:40,460 - VehicleCounter - INFO - [Track] ID=21 | motorbike | Pos=(470, 551)
2026-05-10 21:33:40,460 - VehicleCounter - INFO - [Track] ID=2 | car | Pos=(50, 148)
2026-05-10 21:33:40,845 - VehicleCounter - INFO - [Track] ID=1 | car | Pos=(26, 193)
2026-05-10 21:33:40,846 - VehicleCounter - INFO - [Track] ID=3 | motorbike | Pos=(563, 405)
2026-05-10 21:33:40,846 - VehicleCounter - INFO - [Track] ID=7 | motorbike | Pos=(118, 175)
2026-05-10 21:33:40,846 - VehicleCounter - INFO - [Track] ID=18 | motorbike | Pos=(318, 380)
2026-05-10 21:33:40,846 - VehicleCounter - INFO - [Track] ID=19 | motorbike | Pos=(458, 438)
2026-05-10 21:33:40,846 - VehicleCounter - INFO - [Track] ID=21 | motorbike | Pos=(466, 548)
2026-05-10 21:33:40,847 - VehicleCounter - INFO - [Track] ID=2 | car | Pos=(49, 145)
2026-05-10 21:33:41,247 - VehicleCounter - INFO - [Track] ID=1 | car | Pos=(26, 191)
2026-05-10 21:33:41,247 - VehicleCounter - INFO - [Track] ID=3 | motorbike | Pos=(564, 405)
2026-05-10 21:33:41,247 - VehicleCounter - INFO - [Track] ID=7 | motorbike | Pos=(117, 174)
2026-05-10 21:33:41,247 - VehicleCounter - INFO - [Track] ID=18 | motorbike | Pos=(311, 375)
2026-05-10 21:33:41,247 - VehicleCounter - INFO - [Track] ID=19 | motorbike | Pos=(447, 436)
2026-05-10 21:33:41,247 - VehicleCounter - INFO - [Track] ID=21 | motorbike | Pos=(461, 544)
2026-05-10 21:33:41,248 - VehicleCounter - INFO - [Track] ID=2 | car | Pos=(49, 144)
2026-05-10 21:33:41,475 - VehicleCounter - INFO - [Track] ID=1 | car | Pos=(26, 192)
2026-05-10 21:33:41,476 - VehicleCounter - INFO - [Track] ID=3 | motorbike | Pos=(564, 405)
2026-05-10 21:33:41,476 - VehicleCounter - INFO - [Track] ID=7 | motorbike | Pos=(117, 175)
2026-05-10 21:33:41,476 - VehicleCounter - INFO - [Track] ID=18 | motorbike | Pos=(307, 372)
2026-05-10 21:33:41,476 - VehicleCounter - INFO - [Track] ID=19 | motorbike | Pos=(441, 432)
2026-05-10 21:33:41,476 - VehicleCounter - INFO - [Track] ID=21 | motorbike | Pos=(458, 542)
2026-05-10 21:33:41,477 - VehicleCounter - INFO - [Track] ID=2 | car | Pos=(48, 145)
2026-05-10 21:33:41,879 - VehicleCounter - INFO - [Track] ID=1 | car | Pos=(25, 192)
2026-05-10 21:33:41,879 - VehicleCounter - INFO - [Track] ID=3 | motorbike | Pos=(564, 407)
2026-05-10 21:33:41,879 - VehicleCounter - INFO - [Track] ID=7 | motorbike | Pos=(117, 174)
2026-05-10 21:33:41,879 - VehicleCounter - INFO - [Track] ID=18 | motorbike | Pos=(300, 366)
2026-05-10 21:33:41,879 - VehicleCounter - INFO - [Track] ID=19 | motorbike | Pos=(431, 429)
2026-05-10 21:33:41,880 - VehicleCounter - INFO - [Track] ID=21 | motorbike | Pos=(451, 537)
2026-05-10 21:33:41,880 - VehicleCounter - INFO - [Track] ID=2 | car | Pos=(48, 145)
2026-05-10 21:33:42,267 - VehicleCounter - INFO - [Track] ID=1 | car | Pos=(25, 188)
2026-05-10 21:33:42,267 - VehicleCounter - INFO - [Track] ID=3 | motorbike | Pos=(564, 406)
2026-05-10 21:33:42,267 - VehicleCounter - INFO - [Track] ID=7 | motorbike | Pos=(116, 173)
2026-05-10 21:33:42,267 - VehicleCounter - INFO - [Track] ID=18 | motorbike | Pos=(293, 359)
2026-05-10 21:33:42,267 - VehicleCounter - INFO - [Track] ID=19 | motorbike | Pos=(420, 423)
2026-05-10 21:33:42,268 - VehicleCounter - INFO - [Track] ID=21 | motorbike | Pos=(445, 528)
2026-05-10 21:33:42,268 - VehicleCounter - INFO - [Track] ID=2 | car | Pos=(47, 145)
2026-05-10 21:33:42,503 - VehicleCounter - INFO - [Track] ID=1 | car | Pos=(24, 188)
2026-05-10 21:33:42,505 - VehicleCounter - INFO - [Track] ID=3 | motorbike | Pos=(564, 406)
2026-05-10 21:33:42,505 - VehicleCounter - INFO - [Track] ID=7 | motorbike | Pos=(116, 172)
2026-05-10 21:33:42,505 - VehicleCounter - INFO - [Track] ID=18 | motorbike | Pos=(291, 357)
2026-05-10 21:33:42,505 - VehicleCounter - INFO - [Track] ID=19 | motorbike | Pos=(416, 423)
2026-05-10 21:33:42,505 - VehicleCounter - INFO - [Track] ID=21 | motorbike | Pos=(442, 525)
2026-05-10 21:33:42,506 - VehicleCounter - INFO - [Track] ID=2 | car | Pos=(47, 145)
2026-05-10 21:33:42,907 - VehicleCounter - INFO - [Track] ID=1 | car | Pos=(23, 188)
2026-05-10 21:33:42,908 - VehicleCounter - INFO - [Track] ID=3 | motorbike | Pos=(563, 407)
2026-05-10 21:33:42,908 - VehicleCounter - INFO - [Track] ID=7 | motorbike | Pos=(115, 170)
2026-05-10 21:33:42,908 - VehicleCounter - INFO - [Track] ID=18 | motorbike | Pos=(285, 351)
2026-05-10 21:33:42,908 - VehicleCounter - INFO - [Track] ID=19 | motorbike | Pos=(407, 418)
2026-05-10 21:33:42,908 - VehicleCounter - INFO - [Track] ID=21 | motorbike | Pos=(434, 517)
2026-05-10 21:33:42,908 - VehicleCounter - INFO - [Track] ID=2 | car | Pos=(44, 144)
2026-05-10 21:33:43,308 - VehicleCounter - INFO - [Track] ID=1 | car | Pos=(23, 186)
2026-05-10 21:33:43,308 - VehicleCounter - INFO - [Track] ID=3 | motorbike | Pos=(563, 407)
2026-05-10 21:33:43,309 - VehicleCounter - INFO - [Track] ID=7 | motorbike | Pos=(115, 170)
2026-05-10 21:33:43,309 - VehicleCounter - INFO - [Track] ID=18 | motorbike | Pos=(283, 348)
2026-05-10 21:33:43,309 - VehicleCounter - INFO - [Track] ID=19 | motorbike | Pos=(403, 416)
2026-05-10 21:33:43,309 - VehicleCounter - INFO - [Track] ID=21 | motorbike | Pos=(430, 513)
2026-05-10 21:33:43,309 - VehicleCounter - INFO - [Track] ID=2 | car | Pos=(44, 144)
2026-05-10 21:33:43,543 - VehicleCounter - INFO - [Track] ID=1 | car | Pos=(22, 184)
2026-05-10 21:33:43,543 - VehicleCounter - INFO - [Track] ID=3 | motorbike | Pos=(564, 406)
2026-05-10 21:33:43,543 - VehicleCounter - INFO - [Track] ID=18 | motorbike | Pos=(278, 344)
2026-05-10 21:33:43,543 - VehicleCounter - INFO - [Track] ID=19 | motorbike | Pos=(397, 412)
2026-05-10 21:33:43,543 - VehicleCounter - INFO - [Track] ID=21 | motorbike | Pos=(424, 506)
2026-05-10 21:33:43,544 - VehicleCounter - INFO - [Track] ID=2 | car | Pos=(43, 143)
2026-05-10 21:33:43,944 - VehicleCounter - INFO - [Track] ID=1 | car | Pos=(22, 182)
2026-05-10 21:33:43,944 - VehicleCounter - INFO - [Track] ID=3 | motorbike | Pos=(564, 406)
2026-05-10 21:33:43,944 - VehicleCounter - INFO - [Track] ID=18 | motorbike | Pos=(274, 337)
2026-05-10 21:33:43,944 - VehicleCounter - INFO - [Track] ID=19 | motorbike | Pos=(390, 407)
2026-05-10 21:33:43,945 - VehicleCounter - INFO - [Track] ID=21 | motorbike | Pos=(417, 499)
2026-05-10 21:33:43,945 - VehicleCounter - INFO - [Track] ID=2 | car | Pos=(42, 143)
2026-05-10 21:33:44,337 - VehicleCounter - INFO - [Track] ID=1 | car | Pos=(21, 181)
2026-05-10 21:33:44,337 - VehicleCounter - INFO - [Track] ID=3 | motorbike | Pos=(563, 406)
2026-05-10 21:33:44,337 - VehicleCounter - INFO - [Track] ID=18 | motorbike | Pos=(270, 332)
2026-05-10 21:33:44,337 - VehicleCounter - INFO - [Track] ID=19 | motorbike | Pos=(385, 403)
2026-05-10 21:33:44,337 - VehicleCounter - INFO - [Track] ID=21 | motorbike | Pos=(410, 493)
2026-05-10 21:33:44,338 - VehicleCounter - INFO - [Track] ID=2 | car | Pos=(42, 142)
2026-05-10 21:33:44,626 - VehicleCounter - INFO - [Track] ID=1 | car | Pos=(21, 178)
2026-05-10 21:33:44,627 - VehicleCounter - INFO - [Track] ID=3 | motorbike | Pos=(563, 404)
2026-05-10 21:33:44,627 - VehicleCounter - INFO - [Track] ID=18 | motorbike | Pos=(266, 327)
2026-05-10 21:33:44,627 - VehicleCounter - INFO - [Track] ID=19 | motorbike | Pos=(380, 399)
2026-05-10 21:33:44,627 - VehicleCounter - INFO - [Track] ID=21 | motorbike | Pos=(404, 487)
2026-05-10 21:33:44,627 - VehicleCounter - INFO - [Track] ID=2 | car | Pos=(52, 140)
2026-05-10 21:33:44,966 - VehicleCounter - INFO - [Track] ID=1 | car | Pos=(21, 178)
2026-05-10 21:33:44,967 - VehicleCounter - INFO - [Track] ID=3 | motorbike | Pos=(564, 405)
2026-05-10 21:33:44,967 - VehicleCounter - INFO - [Track] ID=18 | motorbike | Pos=(264, 324)
2026-05-10 21:33:44,967 - VehicleCounter - INFO - [Track] ID=19 | motorbike | Pos=(376, 395)
2026-05-10 21:33:44,967 - VehicleCounter - INFO - [Track] ID=21 | motorbike | Pos=(400, 483)
2026-05-10 21:33:44,967 - VehicleCounter - INFO - [Track] ID=2 | car | Pos=(50, 141)
2026-05-10 21:33:45,373 - VehicleCounter - INFO - [Track] ID=1 | car | Pos=(20, 177)
2026-05-10 21:33:45,373 - VehicleCounter - INFO - [Track] ID=3 | motorbike | Pos=(564, 405)
2026-05-10 21:33:45,373 - VehicleCounter - INFO - [Track] ID=18 | motorbike | Pos=(260, 322)
2026-05-10 21:33:45,373 - VehicleCounter - INFO - [Track] ID=19 | motorbike | Pos=(371, 390)
2026-05-10 21:33:45,374 - VehicleCounter - INFO - [Track] ID=21 | motorbike | Pos=(394, 477)
2026-05-10 21:33:45,786 - VehicleCounter - INFO - [Track] ID=1 | car | Pos=(20, 173)
2026-05-10 21:33:45,786 - VehicleCounter - INFO - [Track] ID=3 | motorbike | Pos=(563, 404)
2026-05-10 21:33:45,786 - VehicleCounter - INFO - [Track] ID=18 | motorbike | Pos=(256, 317)
2026-05-10 21:33:45,786 - VehicleCounter - INFO - [Track] ID=19 | motorbike | Pos=(367, 385)
2026-05-10 21:33:45,786 - VehicleCounter - INFO - [Track] ID=21 | motorbike | Pos=(388, 471)
2026-05-10 21:33:45,786 - VehicleCounter - INFO - [Track] ID=2 | car | Pos=(48, 138)
2026-05-10 21:33:46,022 - VehicleCounter - INFO - [Track] ID=1 | car | Pos=(19, 171)
2026-05-10 21:33:46,022 - VehicleCounter - INFO - [Track] ID=3 | motorbike | Pos=(564, 404)
2026-05-10 21:33:46,022 - VehicleCounter - INFO - [Track] ID=18 | motorbike | Pos=(253, 315)
2026-05-10 21:33:46,022 - VehicleCounter - INFO - [Track] ID=19 | motorbike | Pos=(364, 382)
2026-05-10 21:33:46,024 - VehicleCounter - INFO - [Track] ID=21 | motorbike | Pos=(384, 467)
2026-05-10 21:33:46,024 - VehicleCounter - INFO - [Track] ID=2 | car | Pos=(49, 139)
2026-05-10 21:33:46,024 - VehicleCounter - INFO - [Track] ID=7 | motorbike | Pos=(110, 163)
2026-05-10 21:33:46,440 - VehicleCounter - INFO - [Track] ID=1 | car | Pos=(19, 171)
2026-05-10 21:33:46,440 - VehicleCounter - INFO - [Track] ID=3 | motorbike | Pos=(564, 405)
2026-05-10 21:33:46,440 - VehicleCounter - INFO - [Track] ID=18 | motorbike | Pos=(248, 308)
2026-05-10 21:33:46,440 - VehicleCounter - INFO - [Track] ID=19 | motorbike | Pos=(360, 376)
2026-05-10 21:33:46,441 - VehicleCounter - INFO - [Track] ID=21 | motorbike | Pos=(377, 458)
2026-05-10 21:33:46,441 - VehicleCounter - INFO - [Track] ID=2 | car | Pos=(50, 139)
2026-05-10 21:33:46,441 - VehicleCounter - INFO - [Track] ID=7 | motorbike | Pos=(109, 161)
2026-05-10 21:33:46,846 - VehicleCounter - INFO - [Track] ID=1 | car | Pos=(19, 171)
2026-05-10 21:33:46,846 - VehicleCounter - INFO - [Track] ID=3 | motorbike | Pos=(564, 405)
2026-05-10 21:33:46,846 - VehicleCounter - INFO - [Track] ID=18 | motorbike | Pos=(247, 307)
2026-05-10 21:33:46,847 - VehicleCounter - INFO - [Track] ID=19 | motorbike | Pos=(359, 375)
2026-05-10 21:33:46,847 - VehicleCounter - INFO - [Track] ID=21 | motorbike | Pos=(376, 457)
2026-05-10 21:33:46,847 - VehicleCounter - INFO - [Track] ID=2 | car | Pos=(50, 139)
2026-05-10 21:33:47,085 - VehicleCounter - INFO - [Track] ID=1 | car | Pos=(19, 170)
2026-05-10 21:33:47,086 - VehicleCounter - INFO - [Track] ID=3 | motorbike | Pos=(564, 404)
2026-05-10 21:33:47,086 - VehicleCounter - INFO - [Track] ID=18 | motorbike | Pos=(243, 302)
2026-05-10 21:33:47,086 - VehicleCounter - INFO - [Track] ID=19 | motorbike | Pos=(356, 369)
2026-05-10 21:33:47,086 - VehicleCounter - INFO - [Track] ID=21 | motorbike | Pos=(369, 452)
2026-05-10 21:33:47,260 - VehicleCounter - INFO - [Track] ID=2 | car | Pos=(54, 141)
2026-05-10 21:33:47,794 - VehicleCounter - INFO - [Track] ID=1 | car | Pos=(18, 168)
2026-05-10 21:33:47,794 - VehicleCounter - INFO - [Track] ID=3 | motorbike | Pos=(564, 403)
2026-05-10 21:33:47,795 - VehicleCounter - INFO - [Track] ID=18 | motorbike | Pos=(238, 297)
2026-05-10 21:33:47,795 - VehicleCounter - INFO - [Track] ID=19 | motorbike | Pos=(352, 362)
2026-05-10 21:33:47,795 - VehicleCounter - INFO - [Track] ID=21 | motorbike | Pos=(363, 444)
2026-05-10 21:33:47,796 - VehicleCounter - INFO - [Track] ID=2 | car | Pos=(53, 141)
2026-05-10 21:33:48,033 - VehicleCounter - INFO - [Track] ID=1 | car | Pos=(19, 166)
2026-05-10 21:33:48,033 - VehicleCounter - INFO - [Track] ID=3 | motorbike | Pos=(564, 403)
2026-05-10 21:33:48,033 - VehicleCounter - INFO - [Track] ID=18 | motorbike | Pos=(236, 293)
2026-05-10 21:33:48,033 - VehicleCounter - INFO - [Track] ID=19 | motorbike | Pos=(350, 356)
2026-05-10 21:33:48,033 - VehicleCounter - INFO - [Track] ID=21 | motorbike | Pos=(359, 439)
2026-05-10 21:33:48,033 - VehicleCounter - INFO - [Track] ID=22 | motorbike | Pos=(854, 554)
2026-05-10 21:33:48,430 - VehicleCounter - INFO - [Track] ID=1 | car | Pos=(19, 166)
2026-05-10 21:33:48,430 - VehicleCounter - INFO - [Track] ID=3 | motorbike | Pos=(564, 403)
2026-05-10 21:33:48,430 - VehicleCounter - INFO - [Track] ID=18 | motorbike | Pos=(232, 290)
2026-05-10 21:33:48,431 - VehicleCounter - INFO - [Track] ID=19 | motorbike | Pos=(346, 350)
2026-05-10 21:33:48,431 - VehicleCounter - INFO - [Track] ID=21 | motorbike | Pos=(353, 434)
2026-05-10 21:33:48,431 - VehicleCounter - INFO - [Track] ID=22 | motorbike | Pos=(821, 546)
2026-05-10 21:33:48,811 - VehicleCounter - INFO - [Track] ID=1 | car | Pos=(19, 166)
2026-05-10 21:33:48,811 - VehicleCounter - INFO - [Track] ID=3 | motorbike | Pos=(563, 403)
2026-05-10 21:33:48,811 - VehicleCounter - INFO - [Track] ID=18 | motorbike | Pos=(229, 286)
2026-05-10 21:33:48,811 - VehicleCounter - INFO - [Track] ID=19 | motorbike | Pos=(342, 344)
2026-05-10 21:33:48,812 - VehicleCounter - INFO - [Track] ID=21 | motorbike | Pos=(347, 429)
2026-05-10 21:33:48,812 - VehicleCounter - INFO - [Track] ID=22 | motorbike | Pos=(781, 543)
2026-05-10 21:33:49,048 - VehicleCounter - INFO - [Track] ID=1 | car | Pos=(19, 166)
2026-05-10 21:33:49,048 - VehicleCounter - INFO - [Track] ID=3 | motorbike | Pos=(564, 402)
2026-05-10 21:33:49,049 - VehicleCounter - INFO - [Track] ID=18 | motorbike | Pos=(228, 283)
2026-05-10 21:33:49,049 - VehicleCounter - INFO - [Track] ID=19 | motorbike | Pos=(340, 340)
2026-05-10 21:33:49,049 - VehicleCounter - INFO - [Track] ID=21 | motorbike | Pos=(343, 427)
2026-05-10 21:33:49,050 - VehicleCounter - INFO - [Track] ID=22 | motorbike | Pos=(761, 543)
2026-05-10 21:33:49,050 - VehicleCounter - INFO - [Track] ID=2 | car | Pos=(38, 140)
2026-05-10 21:33:49,447 - VehicleCounter - INFO - [Track] ID=1 | car | Pos=(19, 163)
2026-05-10 21:33:49,447 - VehicleCounter - INFO - [Track] ID=3 | motorbike | Pos=(563, 402)
2026-05-10 21:33:49,447 - VehicleCounter - INFO - [Track] ID=18 | motorbike | Pos=(225, 279)
2026-05-10 21:33:49,447 - VehicleCounter - INFO - [Track] ID=19 | motorbike | Pos=(336, 336)
2026-05-10 21:33:49,447 - VehicleCounter - INFO - [Track] ID=21 | motorbike | Pos=(336, 421)
2026-05-10 21:33:49,447 - VehicleCounter - INFO - [Track] ID=22 | motorbike | Pos=(728, 539)
2026-05-10 21:33:49,447 - VehicleCounter - INFO - [Track] ID=2 | car | Pos=(43, 141)
2026-05-10 21:33:49,829 - VehicleCounter - INFO - [Track] ID=1 | car | Pos=(19, 163)
2026-05-10 21:33:49,830 - VehicleCounter - INFO - [Track] ID=3 | motorbike | Pos=(563, 402)
2026-05-10 21:33:49,831 - VehicleCounter - INFO - [Track] ID=18 | motorbike | Pos=(224, 277)
2026-05-10 21:33:49,831 - VehicleCounter - INFO - [Track] ID=19 | motorbike | Pos=(334, 334)
2026-05-10 21:33:49,831 - VehicleCounter - INFO - [Track] ID=21 | motorbike | Pos=(333, 420)
2026-05-10 21:33:49,831 - VehicleCounter - INFO - [Track] ID=22 | motorbike | Pos=(713, 537)
2026-05-10 21:33:49,831 - VehicleCounter - INFO - [Track] ID=2 | car | Pos=(42, 140)
2026-05-10 21:33:50,066 - VehicleCounter - INFO - [Track] ID=1 | car | Pos=(19, 162)
2026-05-10 21:33:50,067 - VehicleCounter - INFO - [Track] ID=3 | motorbike | Pos=(564, 403)
2026-05-10 21:33:50,067 - VehicleCounter - INFO - [Track] ID=18 | motorbike | Pos=(222, 273)
2026-05-10 21:33:50,067 - VehicleCounter - INFO - [Track] ID=19 | motorbike | Pos=(331, 334)
2026-05-10 21:33:50,067 - VehicleCounter - INFO - [Track] ID=21 | motorbike | Pos=(323, 417)
2026-05-10 21:33:50,067 - VehicleCounter - INFO - [Track] ID=22 | motorbike | Pos=(683, 532)
2026-05-10 21:33:50,067 - VehicleCounter - INFO - [Track] ID=2 | car | Pos=(40, 140)
2026-05-10 21:33:50,468 - VehicleCounter - INFO - [Track] ID=1 | car | Pos=(19, 161)
2026-05-10 21:33:50,468 - VehicleCounter - INFO - [Track] ID=3 | motorbike | Pos=(564, 404)
2026-05-10 21:33:50,468 - VehicleCounter - INFO - [Track] ID=18 | motorbike | Pos=(221, 271)
2026-05-10 21:33:50,469 - VehicleCounter - INFO - [Track] ID=19 | motorbike | Pos=(328, 332)
2026-05-10 21:33:50,469 - VehicleCounter - INFO - [Track] ID=21 | motorbike | Pos=(316, 413)
2026-05-10 21:33:50,469 - VehicleCounter - INFO - [Track] ID=22 | motorbike | Pos=(665, 527)
2026-05-10 21:33:50,469 - VehicleCounter - INFO - [Track] ID=2 | car | Pos=(40, 138)
2026-05-10 21:33:50,870 - VehicleCounter - INFO - [Track] ID=1 | car | Pos=(20, 162)
2026-05-10 21:33:50,870 - VehicleCounter - INFO - [Track] ID=3 | motorbike | Pos=(564, 404)
2026-05-10 21:33:50,870 - VehicleCounter - INFO - [Track] ID=18 | motorbike | Pos=(220, 269)
2026-05-10 21:33:50,870 - VehicleCounter - INFO - [Track] ID=19 | motorbike | Pos=(326, 331)
2026-05-10 21:33:50,871 - VehicleCounter - INFO - [Track] ID=21 | motorbike | Pos=(309, 410)
2026-05-10 21:33:50,871 - VehicleCounter - INFO - [Track] ID=22 | motorbike | Pos=(649, 520)
2026-05-10 21:33:50,871 - VehicleCounter - INFO - [Track] ID=2 | car | Pos=(37, 139)
2026-05-10 21:33:51,110 - VehicleCounter - INFO - [Track] ID=1 | car | Pos=(20, 161)
2026-05-10 21:33:51,110 - VehicleCounter - INFO - [Track] ID=3 | motorbike | Pos=(564, 404)
2026-05-10 21:33:51,110 - VehicleCounter - INFO - [Track] ID=18 | motorbike | Pos=(219, 266)
2026-05-10 21:33:51,110 - VehicleCounter - INFO - [Track] ID=19 | motorbike | Pos=(323, 329)
2026-05-10 21:33:51,111 - VehicleCounter - INFO - [Track] ID=21 | motorbike | Pos=(301, 406)
2026-05-10 21:33:51,111 - VehicleCounter - INFO - [Track] ID=22 | motorbike | Pos=(634, 513)
2026-05-10 21:33:51,512 - VehicleCounter - INFO - [Track] ID=1 | car | Pos=(19, 160)
2026-05-10 21:33:51,513 - VehicleCounter - INFO - [Track] ID=3 | motorbike | Pos=(564, 404)
2026-05-10 21:33:51,513 - VehicleCounter - INFO - [Track] ID=18 | motorbike | Pos=(218, 265)
2026-05-10 21:33:51,513 - VehicleCounter - INFO - [Track] ID=19 | motorbike | Pos=(322, 327)
2026-05-10 21:33:51,513 - VehicleCounter - INFO - [Track] ID=21 | motorbike | Pos=(298, 403)
2026-05-10 21:33:51,513 - VehicleCounter - INFO - [Track] ID=22 | motorbike | Pos=(629, 511)
2026-05-10 21:33:51,914 - VehicleCounter - INFO - [Track] ID=1 | car | Pos=(21, 159)
2026-05-10 21:33:51,914 - VehicleCounter - INFO - [Track] ID=3 | motorbike | Pos=(563, 403)
2026-05-10 21:33:51,914 - VehicleCounter - INFO - [Track] ID=18 | motorbike | Pos=(217, 262)
2026-05-10 21:33:51,914 - VehicleCounter - INFO - [Track] ID=19 | motorbike | Pos=(319, 325)
2026-05-10 21:33:51,915 - VehicleCounter - INFO - [Track] ID=21 | motorbike | Pos=(285, 397)
2026-05-10 21:33:51,915 - VehicleCounter - INFO - [Track] ID=22 | motorbike | Pos=(611, 501)
2026-05-10 21:33:52,310 - VehicleCounter - INFO - [Track] ID=1 | car | Pos=(22, 159)
2026-05-10 21:33:52,312 - VehicleCounter - INFO - [Track] ID=3 | motorbike | Pos=(563, 404)
2026-05-10 21:33:52,312 - VehicleCounter - INFO - [Track] ID=18 | motorbike | Pos=(217, 260)
2026-05-10 21:33:52,312 - VehicleCounter - INFO - [Track] ID=19 | motorbike | Pos=(317, 322)
2026-05-10 21:33:52,312 - VehicleCounter - INFO - [Track] ID=21 | motorbike | Pos=(279, 393)
2026-05-10 21:33:52,313 - VehicleCounter - INFO - [Track] ID=22 | motorbike | Pos=(603, 498)
2026-05-10 21:33:52,548 - VehicleCounter - INFO - [Track] ID=1 | car | Pos=(22, 157)
2026-05-10 21:33:52,548 - VehicleCounter - INFO - [Track] ID=3 | motorbike | Pos=(563, 403)
2026-05-10 21:33:52,548 - VehicleCounter - INFO - [Track] ID=18 | motorbike | Pos=(217, 258)
2026-05-10 21:33:52,548 - VehicleCounter - INFO - [Track] ID=19 | motorbike | Pos=(315, 319)
2026-05-10 21:33:52,549 - VehicleCounter - INFO - [Track] ID=21 | motorbike | Pos=(273, 389)
2026-05-10 21:33:52,549 - VehicleCounter - INFO - [Track] ID=22 | motorbike | Pos=(595, 494)
2026-05-10 21:33:52,942 - VehicleCounter - INFO - [Track] ID=1 | car | Pos=(24, 157)
2026-05-10 21:33:52,943 - VehicleCounter - INFO - [Track] ID=3 | motorbike | Pos=(566, 403)
2026-05-10 21:33:52,943 - VehicleCounter - INFO - [Track] ID=18 | motorbike | Pos=(216, 256)
2026-05-10 21:33:52,943 - VehicleCounter - INFO - [Track] ID=19 | motorbike | Pos=(311, 317)
2026-05-10 21:33:52,943 - VehicleCounter - INFO - [Track] ID=21 | motorbike | Pos=(263, 386)
2026-05-10 21:33:52,943 - VehicleCounter - INFO - [Track] ID=22 | motorbike | Pos=(585, 487)
2026-05-10 21:33:53,342 - VehicleCounter - INFO - [Track] ID=1 | car | Pos=(26, 155)
2026-05-10 21:33:53,343 - VehicleCounter - INFO - [Track] ID=3 | motorbike | Pos=(566, 403)
2026-05-10 21:33:53,343 - VehicleCounter - INFO - [Track] ID=18 | motorbike | Pos=(215, 251)
2026-05-10 21:33:53,343 - VehicleCounter - INFO - [Track] ID=19 | motorbike | Pos=(308, 311)
2026-05-10 21:33:53,343 - VehicleCounter - INFO - [Track] ID=21 | motorbike | Pos=(251, 381)
2026-05-10 21:33:53,344 - VehicleCounter - INFO - [Track] ID=22 | motorbike | Pos=(569, 475)
2026-05-10 21:33:53,575 - VehicleCounter - INFO - [Track] ID=1 | car | Pos=(26, 154)
2026-05-10 21:33:53,575 - VehicleCounter - INFO - [Track] ID=18 | motorbike | Pos=(214, 249)
2026-05-10 21:33:53,575 - VehicleCounter - INFO - [Track] ID=19 | motorbike | Pos=(306, 309)
2026-05-10 21:33:53,576 - VehicleCounter - INFO - [Track] ID=21 | motorbike | Pos=(245, 378)
2026-05-10 21:33:53,576 - VehicleCounter - INFO - [Track] ID=22 | motorbike | Pos=(564, 451)
2026-05-10 21:33:53,972 - VehicleCounter - INFO - [Track] ID=1 | car | Pos=(27, 152)
2026-05-10 21:33:53,972 - VehicleCounter - INFO - [Track] ID=18 | motorbike | Pos=(212, 245)
2026-05-10 21:33:53,972 - VehicleCounter - INFO - [Track] ID=19 | motorbike | Pos=(304, 305)
2026-05-10 21:33:53,974 - VehicleCounter - INFO - [Track] ID=21 | motorbike | Pos=(235, 374)
2026-05-10 21:33:53,974 - VehicleCounter - INFO - [Track] ID=22 | motorbike | Pos=(554, 468)
2026-05-10 21:33:54,354 - VehicleCounter - INFO - [Track] ID=1 | car | Pos=(28, 151)
2026-05-10 21:33:54,355 - VehicleCounter - INFO - [Track] ID=18 | motorbike | Pos=(212, 244)
2026-05-10 21:33:54,355 - VehicleCounter - INFO - [Track] ID=19 | motorbike | Pos=(302, 303)
2026-05-10 21:33:54,355 - VehicleCounter - INFO - [Track] ID=21 | motorbike | Pos=(229, 372)
2026-05-10 21:33:54,355 - VehicleCounter - INFO - [Track] ID=22 | motorbike | Pos=(546, 471)
2026-05-10 21:33:54,355 - VehicleCounter - INFO - [Track] ID=3 | motorbike | Pos=(559, 401)
2026-05-10 21:33:54,593 - VehicleCounter - INFO - [Track] ID=1 | car | Pos=(28, 151)
2026-05-10 21:33:54,593 - VehicleCounter - INFO - [Track] ID=18 | motorbike | Pos=(210, 242)
2026-05-10 21:33:54,593 - VehicleCounter - INFO - [Track] ID=19 | motorbike | Pos=(301, 300)
2026-05-10 21:33:54,593 - VehicleCounter - INFO - [Track] ID=21 | motorbike | Pos=(222, 369)
2026-05-10 21:33:54,593 - VehicleCounter - INFO - [Track] ID=22 | motorbike | Pos=(538, 464)
2026-05-10 21:33:54,593 - VehicleCounter - INFO - [Track] ID=3 | motorbike | Pos=(561, 401)
2026-05-10 21:33:54,993 - VehicleCounter - INFO - [Track] ID=1 | car | Pos=(30, 149)
2026-05-10 21:33:54,994 - VehicleCounter - INFO - [Track] ID=18 | motorbike | Pos=(208, 240)
2026-05-10 21:33:54,994 - VehicleCounter - INFO - [Track] ID=19 | motorbike | Pos=(298, 297)
2026-05-10 21:33:54,994 - VehicleCounter - INFO - [Track] ID=21 | motorbike | Pos=(212, 364)
2026-05-10 21:33:54,994 - VehicleCounter - INFO - [Track] ID=22 | motorbike | Pos=(527, 452)
2026-05-10 21:33:54,994 - VehicleCounter - INFO - [Track] ID=3 | motorbike | Pos=(567, 403)
2026-05-10 21:33:55,401 - VehicleCounter - INFO - [Track] ID=1 | car | Pos=(30, 149)
2026-05-10 21:33:55,402 - VehicleCounter - INFO - [Track] ID=18 | motorbike | Pos=(207, 238)
2026-05-10 21:33:55,402 - VehicleCounter - INFO - [Track] ID=19 | motorbike | Pos=(297, 295)
2026-05-10 21:33:55,402 - VehicleCounter - INFO - [Track] ID=21 | motorbike | Pos=(206, 362)
2026-05-10 21:33:55,402 - VehicleCounter - INFO - [Track] ID=22 | motorbike | Pos=(520, 447)
2026-05-10 21:33:55,402 - VehicleCounter - INFO - [Track] ID=3 | motorbike | Pos=(566, 403)
2026-05-10 21:33:55,633 - VehicleCounter - INFO - [Track] ID=1 | car | Pos=(31, 149)
2026-05-10 21:33:55,633 - VehicleCounter - INFO - [Track] ID=18 | motorbike | Pos=(204, 235)
2026-05-10 21:33:55,633 - VehicleCounter - INFO - [Track] ID=19 | motorbike | Pos=(295, 292)
2026-05-10 21:33:55,633 - VehicleCounter - INFO - [Track] ID=21 | motorbike | Pos=(195, 358)
2026-05-10 21:33:55,633 - VehicleCounter - INFO - [Track] ID=22 | motorbike | Pos=(509, 440)
2026-05-10 21:33:55,635 - VehicleCounter - INFO - [Track] ID=3 | motorbike | Pos=(565, 405)
2026-05-10 21:33:56,033 - VehicleCounter - INFO - [Track] ID=1 | car | Pos=(33, 149)
2026-05-10 21:33:56,033 - VehicleCounter - INFO - [Track] ID=18 | motorbike | Pos=(203, 235)
2026-05-10 21:33:56,033 - VehicleCounter - INFO - [Track] ID=19 | motorbike | Pos=(294, 291)
2026-05-10 21:33:56,034 - VehicleCounter - INFO - [Track] ID=21 | motorbike | Pos=(190, 356)
2026-05-10 21:33:56,034 - VehicleCounter - INFO - [Track] ID=22 | motorbike | Pos=(503, 440)
2026-05-10 21:33:56,034 - VehicleCounter - INFO - [Track] ID=3 | motorbike | Pos=(565, 405)
2026-05-10 21:33:56,585 - VehicleCounter - INFO - [Track] ID=1 | car | Pos=(33, 149)
2026-05-10 21:33:56,586 - VehicleCounter - INFO - [Track] ID=18 | motorbike | Pos=(200, 233)
2026-05-10 21:33:56,586 - VehicleCounter - INFO - [Track] ID=19 | motorbike | Pos=(293, 289)
2026-05-10 21:33:56,586 - VehicleCounter - INFO - [Track] ID=21 | motorbike | Pos=(181, 354)
2026-05-10 21:33:56,586 - VehicleCounter - INFO - [Track] ID=22 | motorbike | Pos=(493, 432)
2026-05-10 21:33:56,587 - VehicleCounter - INFO - [Track] ID=3 | motorbike | Pos=(565, 405)
2026-05-10 21:33:56,964 - VehicleCounter - INFO - [Track] ID=1 | car | Pos=(34, 149)
2026-05-10 21:33:56,965 - VehicleCounter - INFO - [Track] ID=18 | motorbike | Pos=(198, 231)
2026-05-10 21:33:56,965 - VehicleCounter - INFO - [Track] ID=19 | motorbike | Pos=(292, 286)
2026-05-10 21:33:56,965 - VehicleCounter - INFO - [Track] ID=21 | motorbike | Pos=(170, 350)
2026-05-10 21:33:56,965 - VehicleCounter - INFO - [Track] ID=22 | motorbike | Pos=(483, 425)
2026-05-10 21:33:56,965 - VehicleCounter - INFO - [Track] ID=3 | motorbike | Pos=(564, 404)
2026-05-10 21:33:57,360 - VehicleCounter - INFO - [Track] ID=1 | car | Pos=(34, 147)
2026-05-10 21:33:57,361 - VehicleCounter - INFO - [Track] ID=18 | motorbike | Pos=(196, 230)
2026-05-10 21:33:57,361 - VehicleCounter - INFO - [Track] ID=19 | motorbike | Pos=(292, 283)
2026-05-10 21:33:57,361 - VehicleCounter - INFO - [Track] ID=21 | motorbike | Pos=(166, 347)
2026-05-10 21:33:57,361 - VehicleCounter - INFO - [Track] ID=22 | motorbike | Pos=(477, 422)
2026-05-10 21:33:57,361 - VehicleCounter - INFO - [Track] ID=3 | motorbike | Pos=(564, 404)
2026-05-10 21:33:57,597 - VehicleCounter - INFO - [Track] ID=1 | car | Pos=(34, 147)
2026-05-10 21:33:57,597 - VehicleCounter - INFO - [Track] ID=18 | motorbike | Pos=(192, 225)
2026-05-10 21:33:57,597 - VehicleCounter - INFO - [Track] ID=19 | motorbike | Pos=(291, 279)
2026-05-10 21:33:57,597 - VehicleCounter - INFO - [Track] ID=21 | motorbike | Pos=(152, 341)
2026-05-10 21:33:57,597 - VehicleCounter - INFO - [Track] ID=22 | motorbike | Pos=(464, 419)
2026-05-10 21:33:57,597 - VehicleCounter - INFO - [Track] ID=3 | motorbike | Pos=(564, 404)
2026-05-10 21:33:57,991 - VehicleCounter - INFO - [Track] ID=1 | car | Pos=(34, 147)
2026-05-10 21:33:57,992 - VehicleCounter - INFO - [Track] ID=18 | motorbike | Pos=(191, 225)
2026-05-10 21:33:57,992 - VehicleCounter - INFO - [Track] ID=19 | motorbike | Pos=(291, 279)
2026-05-10 21:33:57,992 - VehicleCounter - INFO - [Track] ID=21 | motorbike | Pos=(151, 341)
2026-05-10 21:33:57,992 - VehicleCounter - INFO - [Track] ID=22 | motorbike | Pos=(463, 419)
2026-05-10 21:33:57,993 - VehicleCounter - INFO - [Track] ID=3 | motorbike | Pos=(564, 404)
2026-05-10 21:33:58,401 - VehicleCounter - INFO - [Track] ID=1 | car | Pos=(34, 146)
2026-05-10 21:33:58,401 - VehicleCounter - INFO - [Track] ID=18 | motorbike | Pos=(189, 222)
2026-05-10 21:33:58,402 - VehicleCounter - INFO - [Track] ID=19 | motorbike | Pos=(290, 276)
2026-05-10 21:33:58,402 - VehicleCounter - INFO - [Track] ID=21 | motorbike | Pos=(139, 335)
2026-05-10 21:33:58,402 - VehicleCounter - INFO - [Track] ID=22 | motorbike | Pos=(453, 412)
2026-05-10 21:33:58,402 - VehicleCounter - INFO - [Track] ID=3 | motorbike | Pos=(563, 404)
2026-05-10 21:33:58,639 - VehicleCounter - INFO - [Track] ID=1 | car | Pos=(35, 146)
2026-05-10 21:33:58,639 - VehicleCounter - INFO - [Track] ID=18 | motorbike | Pos=(187, 220)
2026-05-10 21:33:58,639 - VehicleCounter - INFO - [Track] ID=19 | motorbike | Pos=(290, 274)
2026-05-10 21:33:58,639 - VehicleCounter - INFO - [Track] ID=21 | motorbike | Pos=(133, 332)
2026-05-10 21:33:58,640 - VehicleCounter - INFO - [Track] ID=22 | motorbike | Pos=(447, 407)
2026-05-10 21:33:58,640 - VehicleCounter - INFO - [Track] ID=3 | motorbike | Pos=(564, 403)
2026-05-10 21:33:59,066 - VehicleCounter - INFO - [Track] ID=1 | car | Pos=(35, 146)
2026-05-10 21:33:59,066 - VehicleCounter - INFO - [Track] ID=18 | motorbike | Pos=(184, 219)
2026-05-10 21:33:59,066 - VehicleCounter - INFO - [Track] ID=19 | motorbike | Pos=(288, 272)
2026-05-10 21:33:59,067 - VehicleCounter - INFO - [Track] ID=21 | motorbike | Pos=(124, 329)
2026-05-10 21:33:59,067 - VehicleCounter - INFO - [Track] ID=22 | motorbike | Pos=(440, 401)
2026-05-10 21:33:59,067 - VehicleCounter - INFO - [Track] ID=3 | motorbike | Pos=(564, 403)
2026-05-10 21:33:59,476 - VehicleCounter - INFO - [Track] ID=1 | car | Pos=(37, 145)
2026-05-10 21:33:59,476 - VehicleCounter - INFO - [Track] ID=18 | motorbike | Pos=(182, 216)
2026-05-10 21:33:59,476 - VehicleCounter - INFO - [Track] ID=19 | motorbike | Pos=(288, 269)
2026-05-10 21:33:59,476 - VehicleCounter - INFO - [Track] ID=21 | motorbike | Pos=(116, 325)
2026-05-10 21:33:59,476 - VehicleCounter - INFO - [Track] ID=22 | motorbike | Pos=(432, 399)
2026-05-10 21:33:59,476 - VehicleCounter - INFO - [Track] ID=3 | motorbike | Pos=(564, 403)
2026-05-10 21:33:59,476 - VehicleCounter - INFO - [Track] ID=23 | motorbike | Pos=(439, 608)
2026-05-10 21:33:59,888 - VehicleCounter - INFO - [Track] ID=1 | car | Pos=(36, 145)
2026-05-10 21:33:59,888 - VehicleCounter - INFO - [Track] ID=18 | motorbike | Pos=(180, 214)
2026-05-10 21:33:59,888 - VehicleCounter - INFO - [Track] ID=19 | motorbike | Pos=(286, 267)
2026-05-10 21:33:59,888 - VehicleCounter - INFO - [Track] ID=21 | motorbike | Pos=(108, 323)
2026-05-10 21:33:59,888 - VehicleCounter - INFO - [Track] ID=22 | motorbike | Pos=(426, 395)
2026-05-10 21:33:59,888 - VehicleCounter - INFO - [Track] ID=3 | motorbike | Pos=(563, 404)
2026-05-10 21:33:59,888 - VehicleCounter - INFO - [Track] ID=23 | motorbike | Pos=(435, 604)
2026-05-10 21:34:00,128 - VehicleCounter - INFO - [Track] ID=1 | car | Pos=(35, 144)
2026-05-10 21:34:00,128 - VehicleCounter - INFO - [Track] ID=18 | motorbike | Pos=(178, 212)
2026-05-10 21:34:00,128 - VehicleCounter - INFO - [Track] ID=19 | motorbike | Pos=(286, 267)
2026-05-10 21:34:00,128 - VehicleCounter - INFO - [Track] ID=21 | motorbike | Pos=(103, 322)
2026-05-10 21:34:00,128 - VehicleCounter - INFO - [Track] ID=22 | motorbike | Pos=(422, 391)
2026-05-10 21:34:00,128 - VehicleCounter - INFO - [Track] ID=3 | motorbike | Pos=(564, 404)
2026-05-10 21:34:00,129 - VehicleCounter - INFO - [Track] ID=23 | motorbike | Pos=(423, 600)
2026-05-10 21:34:00,537 - VehicleCounter - INFO - [Track] ID=1 | car | Pos=(38, 141)
2026-05-10 21:34:00,538 - VehicleCounter - INFO - [Track] ID=18 | motorbike | Pos=(176, 209)
2026-05-10 21:34:00,538 - VehicleCounter - INFO - [Track] ID=19 | motorbike | Pos=(284, 263)
2026-05-10 21:34:00,538 - VehicleCounter - INFO - [Track] ID=21 | motorbike | Pos=(94, 319)
2026-05-10 21:34:00,538 - VehicleCounter - INFO - [Track] ID=22 | motorbike | Pos=(417, 386)
2026-05-10 21:34:00,540 - VehicleCounter - INFO - [Track] ID=3 | motorbike | Pos=(564, 403)
2026-05-10 21:34:00,540 - VehicleCounter - INFO - [Track] ID=23 | motorbike | Pos=(417, 594)
2026-05-10 21:34:00,942 - VehicleCounter - INFO - [Track] ID=1 | car | Pos=(36, 141)
2026-05-10 21:34:00,942 - VehicleCounter - INFO - [Track] ID=18 | motorbike | Pos=(174, 207)
2026-05-10 21:34:00,942 - VehicleCounter - INFO - [Track] ID=19 | motorbike | Pos=(283, 262)
2026-05-10 21:34:00,942 - VehicleCounter - INFO - [Track] ID=21 | motorbike | Pos=(88, 316)
2026-05-10 21:34:00,942 - VehicleCounter - INFO - [Track] ID=22 | motorbike | Pos=(412, 382)
2026-05-10 21:34:00,942 - VehicleCounter - INFO - [Track] ID=3 | motorbike | Pos=(564, 403)
2026-05-10 21:34:00,942 - VehicleCounter - INFO - [Track] ID=23 | motorbike | Pos=(411, 590)
2026-05-10 21:34:01,181 - VehicleCounter - INFO - [Track] ID=1 | car | Pos=(36, 140)
2026-05-10 21:34:01,181 - VehicleCounter - INFO - [Track] ID=18 | motorbike | Pos=(172, 206)
2026-05-10 21:34:01,182 - VehicleCounter - INFO - [Track] ID=19 | motorbike | Pos=(281, 260)
2026-05-10 21:34:01,182 - VehicleCounter - INFO - [Track] ID=21 | motorbike | Pos=(80, 313)
2026-05-10 21:34:01,182 - VehicleCounter - INFO - [Track] ID=22 | motorbike | Pos=(406, 376)
2026-05-10 21:34:01,182 - VehicleCounter - INFO - [Track] ID=3 | motorbike | Pos=(564, 403)
2026-05-10 21:34:01,183 - VehicleCounter - INFO - [Track] ID=23 | motorbike | Pos=(405, 583)
2026-05-10 21:34:01,587 - VehicleCounter - INFO - [Track] ID=1 | car | Pos=(36, 141)
2026-05-10 21:34:01,587 - VehicleCounter - INFO - [Track] ID=18 | motorbike | Pos=(171, 204)
2026-05-10 21:34:01,587 - VehicleCounter - INFO - [Track] ID=19 | motorbike | Pos=(280, 258)
2026-05-10 21:34:01,587 - VehicleCounter - INFO - [Track] ID=21 | motorbike | Pos=(76, 311)
2026-05-10 21:34:01,587 - VehicleCounter - INFO - [Track] ID=22 | motorbike | Pos=(403, 373)
2026-05-10 21:34:01,587 - VehicleCounter - INFO - [Track] ID=3 | motorbike | Pos=(563, 403)
2026-05-10 21:34:01,588 - VehicleCounter - INFO - [Track] ID=23 | motorbike | Pos=(402, 580)
2026-05-10 21:34:01,989 - VehicleCounter - INFO - [Track] ID=1 | car | Pos=(36, 143)
2026-05-10 21:34:01,989 - VehicleCounter - INFO - [Track] ID=18 | motorbike | Pos=(169, 203)
2026-05-10 21:34:01,989 - VehicleCounter - INFO - [Track] ID=19 | motorbike | Pos=(278, 255)
2026-05-10 21:34:01,989 - VehicleCounter - INFO - [Track] ID=21 | motorbike | Pos=(71, 309)
2026-05-10 21:34:01,991 - VehicleCounter - INFO - [Track] ID=22 | motorbike | Pos=(399, 370)
2026-05-10 21:34:01,991 - VehicleCounter - INFO - [Track] ID=3 | motorbike | Pos=(564, 403)
2026-05-10 21:34:01,991 - VehicleCounter - INFO - [Track] ID=23 | motorbike | Pos=(397, 576)
2026-05-10 21:34:02,392 - VehicleCounter - INFO - [Track] ID=1 | car | Pos=(47, 141)
2026-05-10 21:34:02,392 - VehicleCounter - INFO - [Track] ID=18 | motorbike | Pos=(167, 201)
2026-05-10 21:34:02,392 - VehicleCounter - INFO - [Track] ID=19 | motorbike | Pos=(274, 254)
2026-05-10 21:34:02,393 - VehicleCounter - INFO - [Track] ID=21 | motorbike | Pos=(62, 305)
2026-05-10 21:34:02,393 - VehicleCounter - INFO - [Track] ID=22 | motorbike | Pos=(392, 365)
2026-05-10 21:34:02,393 - VehicleCounter - INFO - [Track] ID=3 | motorbike | Pos=(563, 403)
2026-05-10 21:34:02,393 - VehicleCounter - INFO - [Track] ID=23 | motorbike | Pos=(388, 570)
2026-05-10 21:34:02,623 - VehicleCounter - INFO - [Track] ID=1 | car | Pos=(47, 141)
2026-05-10 21:34:02,623 - VehicleCounter - INFO - [Track] ID=18 | motorbike | Pos=(166, 200)
2026-05-10 21:34:02,624 - VehicleCounter - INFO - [Track] ID=19 | motorbike | Pos=(273, 253)
2026-05-10 21:34:02,624 - VehicleCounter - INFO - [Track] ID=21 | motorbike | Pos=(59, 304)
2026-05-10 21:34:02,624 - VehicleCounter - INFO - [Track] ID=22 | motorbike | Pos=(390, 363)
2026-05-10 21:34:02,624 - VehicleCounter - INFO - [Track] ID=3 | motorbike | Pos=(563, 404)
2026-05-10 21:34:02,624 - VehicleCounter - INFO - [Track] ID=23 | motorbike | Pos=(386, 568)
2026-05-10 21:34:03,027 - VehicleCounter - INFO - [Track] ID=1 | car | Pos=(48, 141)
2026-05-10 21:34:03,028 - VehicleCounter - INFO - [Track] ID=18 | motorbike | Pos=(164, 199)
2026-05-10 21:34:03,028 - VehicleCounter - INFO - [Track] ID=19 | motorbike | Pos=(269, 249)
2026-05-10 21:34:03,028 - VehicleCounter - INFO - [Track] ID=21 | motorbike | Pos=(52, 298)
2026-05-10 21:34:03,028 - VehicleCounter - INFO - [Track] ID=22 | motorbike | Pos=(383, 355)
2026-05-10 21:34:03,028 - VehicleCounter - INFO - [Track] ID=3 | motorbike | Pos=(564, 404)
2026-05-10 21:34:03,028 - VehicleCounter - INFO - [Track] ID=23 | motorbike | Pos=(377, 560)
2026-05-10 21:34:03,429 - VehicleCounter - INFO - [Track] ID=1 | car | Pos=(48, 141)
2026-05-10 21:34:03,429 - VehicleCounter - INFO - [Track] ID=18 | motorbike | Pos=(163, 199)
2026-05-10 21:34:03,429 - VehicleCounter - INFO - [Track] ID=19 | motorbike | Pos=(269, 249)
2026-05-10 21:34:03,429 - VehicleCounter - INFO - [Track] ID=21 | motorbike | Pos=(51, 298)
2026-05-10 21:34:03,429 - VehicleCounter - INFO - [Track] ID=22 | motorbike | Pos=(381, 355)
2026-05-10 21:34:03,430 - VehicleCounter - INFO - [Track] ID=3 | motorbike | Pos=(563, 405)
2026-05-10 21:34:03,430 - VehicleCounter - INFO - [Track] ID=23 | motorbike | Pos=(375, 559)
2026-05-10 21:34:03,665 - VehicleCounter - INFO - [Track] ID=1 | car | Pos=(46, 141)
2026-05-10 21:34:03,666 - VehicleCounter - INFO - [Track] ID=18 | motorbike | Pos=(162, 198)
2026-05-10 21:34:03,666 - VehicleCounter - INFO - [Track] ID=19 | motorbike | Pos=(266, 247)
2026-05-10 21:34:03,666 - VehicleCounter - INFO - [Track] ID=21 | motorbike | Pos=(46, 296)
2026-05-10 21:34:03,666 - VehicleCounter - INFO - [Track] ID=22 | motorbike | Pos=(377, 351)
2026-05-10 21:34:03,666 - VehicleCounter - INFO - [Track] ID=3 | motorbike | Pos=(563, 405)
2026-05-10 21:34:03,666 - VehicleCounter - INFO - [Track] ID=23 | motorbike | Pos=(369, 555)
2026-05-10 21:34:04,075 - VehicleCounter - INFO - [Track] ID=1 | car | Pos=(43, 141)
2026-05-10 21:34:04,075 - VehicleCounter - INFO - [Track] ID=18 | motorbike | Pos=(161, 196)
2026-05-10 21:34:04,075 - VehicleCounter - INFO - [Track] ID=19 | motorbike | Pos=(262, 245)
2026-05-10 21:34:04,075 - VehicleCounter - INFO - [Track] ID=21 | motorbike | Pos=(41, 294)
2026-05-10 21:34:04,075 - VehicleCounter - INFO - [Track] ID=22 | motorbike | Pos=(372, 346)
2026-05-10 21:34:04,076 - VehicleCounter - INFO - [Track] ID=3 | motorbike | Pos=(563, 406)
2026-05-10 21:34:04,076 - VehicleCounter - INFO - [Track] ID=23 | motorbike | Pos=(363, 551)
2026-05-10 21:34:04,479 - VehicleCounter - INFO - [Track] ID=18 | motorbike | Pos=(159, 192)
2026-05-10 21:34:04,480 - VehicleCounter - INFO - [Track] ID=19 | motorbike | Pos=(258, 243)
2026-05-10 21:34:04,480 - VehicleCounter - INFO - [Track] ID=21 | motorbike | Pos=(37, 291)
2026-05-10 21:34:04,480 - VehicleCounter - INFO - [Track] ID=22 | motorbike | Pos=(367, 341)
2026-05-10 21:34:04,480 - VehicleCounter - INFO - [Track] ID=3 | motorbike | Pos=(563, 405)
2026-05-10 21:34:04,480 - VehicleCounter - INFO - [Track] ID=23 | motorbike | Pos=(354, 546)
2026-05-10 21:34:04,480 - VehicleCounter - INFO - [Track] ID=1 | car | Pos=(47, 140)
2026-05-10 21:34:04,880 - VehicleCounter - INFO - [Track] ID=18 | motorbike | Pos=(159, 192)
2026-05-10 21:34:04,880 - VehicleCounter - INFO - [Track] ID=19 | motorbike | Pos=(257, 243)
2026-05-10 21:34:04,880 - VehicleCounter - INFO - [Track] ID=21 | motorbike | Pos=(35, 290)
2026-05-10 21:34:04,880 - VehicleCounter - INFO - [Track] ID=22 | motorbike | Pos=(366, 340)
2026-05-10 21:34:04,880 - VehicleCounter - INFO - [Track] ID=3 | motorbike | Pos=(563, 406)
2026-05-10 21:34:04,880 - VehicleCounter - INFO - [Track] ID=23 | motorbike | Pos=(351, 544)
2026-05-10 21:34:04,880 - VehicleCounter - INFO - [Track] ID=1 | car | Pos=(48, 140)
2026-05-10 21:34:05,116 - VehicleCounter - INFO - [Track] ID=18 | motorbike | Pos=(158, 189)
2026-05-10 21:34:05,117 - VehicleCounter - INFO - [Track] ID=19 | motorbike | Pos=(252, 241)
2026-05-10 21:34:05,117 - VehicleCounter - INFO - [Track] ID=21 | motorbike | Pos=(29, 287)
2026-05-10 21:34:05,117 - VehicleCounter - INFO - [Track] ID=22 | motorbike | Pos=(359, 332)
2026-05-10 21:34:05,117 - VehicleCounter - INFO - [Track] ID=3 | motorbike | Pos=(563, 407)
2026-05-10 21:34:05,118 - VehicleCounter - INFO - [Track] ID=23 | motorbike | Pos=(341, 536)
2026-05-10 21:34:05,118 - VehicleCounter - INFO - [Track] ID=1 | car | Pos=(41, 141)
2026-05-10 21:34:05,506 - VehicleCounter - INFO - [Track] ID=18 | motorbike | Pos=(158, 188)
2026-05-10 21:34:05,507 - VehicleCounter - INFO - [Track] ID=19 | motorbike | Pos=(249, 240)
2026-05-10 21:34:05,507 - VehicleCounter - INFO - [Track] ID=21 | motorbike | Pos=(25, 286)
2026-05-10 21:34:05,508 - VehicleCounter - INFO - [Track] ID=22 | motorbike | Pos=(356, 330)
2026-05-10 21:34:05,508 - VehicleCounter - INFO - [Track] ID=3 | motorbike | Pos=(563, 407)
2026-05-10 21:34:05,508 - VehicleCounter - INFO - [Track] ID=23 | motorbike | Pos=(335, 529)
2026-05-10 21:34:05,508 - VehicleCounter - INFO - [Track] ID=1 | car | Pos=(42, 142)
2026-05-10 21:34:05,904 - VehicleCounter - INFO - [Track] ID=18 | motorbike | Pos=(158, 187)
2026-05-10 21:34:05,905 - VehicleCounter - INFO - [Track] ID=19 | motorbike | Pos=(246, 237)
2026-05-10 21:34:05,905 - VehicleCounter - INFO - [Track] ID=21 | motorbike | Pos=(21, 283)
2026-05-10 21:34:05,905 - VehicleCounter - INFO - [Track] ID=22 | motorbike | Pos=(353, 325)
2026-05-10 21:34:05,905 - VehicleCounter - INFO - [Track] ID=3 | motorbike | Pos=(563, 406)
2026-05-10 21:34:05,905 - VehicleCounter - INFO - [Track] ID=23 | motorbike | Pos=(329, 522)
2026-05-10 21:34:05,905 - VehicleCounter - INFO - [Track] ID=1 | car | Pos=(38, 142)
2026-05-10 21:34:06,141 - VehicleCounter - INFO - [Track] ID=18 | motorbike | Pos=(158, 185)
2026-05-10 21:34:06,141 - VehicleCounter - INFO - [Track] ID=19 | motorbike | Pos=(243, 236)
2026-05-10 21:34:06,141 - VehicleCounter - INFO - [Track] ID=21 | motorbike | Pos=(16, 281)
2026-05-10 21:34:06,141 - VehicleCounter - INFO - [Track] ID=22 | motorbike | Pos=(349, 321)
2026-05-10 21:34:06,141 - VehicleCounter - INFO - [Track] ID=3 | motorbike | Pos=(563, 404)
2026-05-10 21:34:06,141 - VehicleCounter - INFO - [Track] ID=23 | motorbike | Pos=(321, 513)
2026-05-10 21:34:06,142 - VehicleCounter - INFO - [Track] ID=1 | car | Pos=(50, 136)
2026-05-10 21:34:06,549 - VehicleCounter - INFO - [Track] ID=18 | motorbike | Pos=(159, 184)
2026-05-10 21:34:06,549 - VehicleCounter - INFO - [Track] ID=19 | motorbike | Pos=(242, 234)
2026-05-10 21:34:06,550 - VehicleCounter - INFO - [Track] ID=21 | motorbike | Pos=(14, 279)
2026-05-10 21:34:06,550 - VehicleCounter - INFO - [Track] ID=22 | motorbike | Pos=(346, 320)
2026-05-10 21:34:06,550 - VehicleCounter - INFO - [Track] ID=3 | motorbike | Pos=(564, 406)
2026-05-10 21:34:06,550 - VehicleCounter - INFO - [Track] ID=23 | motorbike | Pos=(317, 508)
2026-05-10 21:34:06,550 - VehicleCounter - INFO - [Track] ID=1 | car | Pos=(50, 138)
2026-05-10 21:34:06,940 - VehicleCounter - INFO - [Track] ID=18 | motorbike | Pos=(158, 183)
2026-05-10 21:34:06,940 - VehicleCounter - INFO - [Track] ID=19 | motorbike | Pos=(239, 233)
2026-05-10 21:34:06,940 - VehicleCounter - INFO - [Track] ID=21 | motorbike | Pos=(13, 278)
2026-05-10 21:34:06,940 - VehicleCounter - INFO - [Track] ID=22 | motorbike | Pos=(343, 316)
2026-05-10 21:34:06,941 - VehicleCounter - INFO - [Track] ID=3 | motorbike | Pos=(563, 407)
2026-05-10 21:34:06,941 - VehicleCounter - INFO - [Track] ID=23 | motorbike | Pos=(312, 501)
2026-05-10 21:34:06,941 - VehicleCounter - INFO - [Track] ID=1 | car | Pos=(50, 137)
2026-05-10 21:34:07,181 - VehicleCounter - INFO - [Track] ID=18 | motorbike | Pos=(159, 181)
2026-05-10 21:34:07,181 - VehicleCounter - INFO - [Track] ID=19 | motorbike | Pos=(237, 231)
2026-05-10 21:34:07,181 - VehicleCounter - INFO - [Track] ID=21 | motorbike | Pos=(11, 276)
2026-05-10 21:34:07,181 - VehicleCounter - INFO - [Track] ID=22 | motorbike | Pos=(340, 315)
2026-05-10 21:34:07,182 - VehicleCounter - INFO - [Track] ID=3 | motorbike | Pos=(563, 407)
2026-05-10 21:34:07,182 - VehicleCounter - INFO - [Track] ID=23 | motorbike | Pos=(307, 496)
2026-05-10 21:34:07,182 - VehicleCounter - INFO - [Track] ID=1 | car | Pos=(50, 137)
2026-05-10 21:34:07,592 - VehicleCounter - INFO - [Track] ID=18 | motorbike | Pos=(159, 179)
2026-05-10 21:34:07,592 - VehicleCounter - INFO - [Track] ID=19 | motorbike | Pos=(234, 228)
2026-05-10 21:34:07,592 - VehicleCounter - INFO - [Track] ID=21 | motorbike | Pos=(8, 271)
2026-05-10 21:34:07,593 - VehicleCounter - INFO - [Track] ID=22 | motorbike | Pos=(335, 311)
2026-05-10 21:34:07,593 - VehicleCounter - INFO - [Track] ID=3 | motorbike | Pos=(563, 407)
2026-05-10 21:34:07,593 - VehicleCounter - INFO - [Track] ID=23 | motorbike | Pos=(299, 483)
2026-05-10 21:34:07,593 - VehicleCounter - INFO - [Track] ID=1 | car | Pos=(49, 136)
2026-05-10 21:34:08,012 - VehicleCounter - INFO - [Track] ID=18 | motorbike | Pos=(159, 177)
2026-05-10 21:34:08,012 - VehicleCounter - INFO - [Track] ID=19 | motorbike | Pos=(233, 226)
2026-05-10 21:34:08,012 - VehicleCounter - INFO - [Track] ID=21 | motorbike | Pos=(6, 269)
2026-05-10 21:34:08,012 - VehicleCounter - INFO - [Track] ID=22 | motorbike | Pos=(333, 307)
2026-05-10 21:34:08,013 - VehicleCounter - INFO - [Track] ID=3 | motorbike | Pos=(563, 406)
2026-05-10 21:34:08,013 - VehicleCounter - INFO - [Track] ID=23 | motorbike | Pos=(295, 477)
2026-05-10 21:34:08,013 - VehicleCounter - INFO - [Track] ID=1 | car | Pos=(47, 137)
2026-05-10 21:34:08,579 - VehicleCounter - INFO - [Track] ID=18 | motorbike | Pos=(159, 176)
2026-05-10 21:34:08,579 - VehicleCounter - INFO - [Track] ID=19 | motorbike | Pos=(230, 224)
2026-05-10 21:34:08,579 - VehicleCounter - INFO - [Track] ID=22 | motorbike | Pos=(329, 303)
2026-05-10 21:34:08,579 - VehicleCounter - INFO - [Track] ID=3 | motorbike | Pos=(563, 405)
2026-05-10 21:34:08,579 - VehicleCounter - INFO - [Track] ID=23 | motorbike | Pos=(291, 470)
2026-05-10 21:34:08,579 - VehicleCounter - INFO - [Track] ID=1 | car | Pos=(47, 137)
2026-05-10 21:34:08,981 - VehicleCounter - INFO - [Track] ID=18 | motorbike | Pos=(159, 174)
2026-05-10 21:34:08,982 - VehicleCounter - INFO - [Track] ID=19 | motorbike | Pos=(229, 223)
2026-05-10 21:34:08,982 - VehicleCounter - INFO - [Track] ID=22 | motorbike | Pos=(326, 300)
2026-05-10 21:34:08,982 - VehicleCounter - INFO - [Track] ID=3 | motorbike | Pos=(563, 406)
2026-05-10 21:34:08,982 - VehicleCounter - INFO - [Track] ID=23 | motorbike | Pos=(286, 463)
2026-05-10 21:34:08,982 - VehicleCounter - INFO - [Track] ID=1 | car | Pos=(47, 140)
2026-05-10 21:34:09,238 - VehicleCounter - INFO - [Track] ID=18 | motorbike | Pos=(159, 174)
2026-05-10 21:34:09,242 - VehicleCounter - INFO - [Track] ID=19 | motorbike | Pos=(228, 222)
2026-05-10 21:34:09,242 - VehicleCounter - INFO - [Track] ID=22 | motorbike | Pos=(325, 298)
2026-05-10 21:34:09,247 - VehicleCounter - INFO - [Track] ID=3 | motorbike | Pos=(563, 405)
2026-05-10 21:34:09,248 - VehicleCounter - INFO - [Track] ID=23 | motorbike | Pos=(285, 459)
2026-05-10 21:34:09,248 - VehicleCounter - INFO - [Track] ID=1 | car | Pos=(48, 139)
2026-05-10 21:34:09,630 - VehicleCounter - INFO - [Track] ID=18 | motorbike | Pos=(159, 172)
2026-05-10 21:34:09,630 - VehicleCounter - INFO - [Track] ID=19 | motorbike | Pos=(226, 218)
2026-05-10 21:34:09,630 - VehicleCounter - INFO - [Track] ID=22 | motorbike | Pos=(321, 293)
2026-05-10 21:34:09,630 - VehicleCounter - INFO - [Track] ID=3 | motorbike | Pos=(563, 406)
2026-05-10 21:34:09,630 - VehicleCounter - INFO - [Track] ID=23 | motorbike | Pos=(279, 448)
2026-05-10 21:34:09,630 - VehicleCounter - INFO - [Track] ID=1 | car | Pos=(48, 137)
2026-05-10 21:34:10,027 - VehicleCounter - INFO - [Track] ID=18 | motorbike | Pos=(159, 171)
2026-05-10 21:34:10,028 - VehicleCounter - INFO - [Track] ID=19 | motorbike | Pos=(225, 216)
2026-05-10 21:34:10,028 - VehicleCounter - INFO - [Track] ID=22 | motorbike | Pos=(319, 289)
2026-05-10 21:34:10,028 - VehicleCounter - INFO - [Track] ID=3 | motorbike | Pos=(563, 405)
2026-05-10 21:34:10,028 - VehicleCounter - INFO - [Track] ID=23 | motorbike | Pos=(276, 444)
2026-05-10 21:34:10,028 - VehicleCounter - INFO - [Track] ID=1 | car | Pos=(39, 138)
2026-05-10 21:34:10,428 - VehicleCounter - INFO - [Track] ID=18 | motorbike | Pos=(158, 170)
2026-05-10 21:34:10,428 - VehicleCounter - INFO - [Track] ID=19 | motorbike | Pos=(225, 215)
2026-05-10 21:34:10,428 - VehicleCounter - INFO - [Track] ID=22 | motorbike | Pos=(318, 289)
2026-05-10 21:34:10,428 - VehicleCounter - INFO - [Track] ID=3 | motorbike | Pos=(563, 405)
2026-05-10 21:34:10,428 - VehicleCounter - INFO - [Track] ID=23 | motorbike | Pos=(274, 440)
2026-05-10 21:34:10,429 - VehicleCounter - INFO - [Track] ID=1 | car | Pos=(46, 138)
2026-05-10 21:34:10,663 - VehicleCounter - INFO - [Track] ID=18 | motorbike | Pos=(157, 169)
2026-05-10 21:34:10,663 - VehicleCounter - INFO - [Track] ID=19 | motorbike | Pos=(223, 213)
2026-05-10 21:34:10,663 - VehicleCounter - INFO - [Track] ID=22 | motorbike | Pos=(316, 284)
2026-05-10 21:34:10,664 - VehicleCounter - INFO - [Track] ID=3 | motorbike | Pos=(563, 405)
2026-05-10 21:34:10,664 - VehicleCounter - INFO - [Track] ID=23 | motorbike | Pos=(268, 433)
2026-05-10 21:34:10,665 - VehicleCounter - INFO - [Track] ID=1 | car | Pos=(47, 139)
2026-05-10 21:34:11,080 - VehicleCounter - INFO - [Track] ID=18 | motorbike | Pos=(157, 169)
2026-05-10 21:34:11,081 - VehicleCounter - INFO - [Track] ID=19 | motorbike | Pos=(222, 213)
2026-05-10 21:34:11,081 - VehicleCounter - INFO - [Track] ID=22 | motorbike | Pos=(315, 284)
2026-05-10 21:34:11,082 - VehicleCounter - INFO - [Track] ID=3 | motorbike | Pos=(563, 406)
2026-05-10 21:34:11,082 - VehicleCounter - INFO - [Track] ID=23 | motorbike | Pos=(265, 431)
2026-05-10 21:34:11,082 - VehicleCounter - INFO - [Track] ID=1 | car | Pos=(48, 138)
2026-05-10 21:34:11,479 - VehicleCounter - INFO - [Track] ID=18 | motorbike | Pos=(155, 169)
2026-05-10 21:34:11,479 - VehicleCounter - INFO - [Track] ID=19 | motorbike | Pos=(221, 212)
2026-05-10 21:34:11,479 - VehicleCounter - INFO - [Track] ID=22 | motorbike | Pos=(313, 281)
2026-05-10 21:34:11,480 - VehicleCounter - INFO - [Track] ID=3 | motorbike | Pos=(563, 407)
2026-05-10 21:34:11,480 - VehicleCounter - INFO - [Track] ID=23 | motorbike | Pos=(260, 426)
2026-05-10 21:34:11,481 - VehicleCounter - INFO - [Track] ID=1 | car | Pos=(47, 139)
2026-05-10 21:34:11,747 - VehicleCounter - INFO - [Track] ID=18 | motorbike | Pos=(153, 170)
2026-05-10 21:34:11,747 - VehicleCounter - INFO - [Track] ID=19 | motorbike | Pos=(220, 210)
2026-05-10 21:34:11,747 - VehicleCounter - INFO - [Track] ID=22 | motorbike | Pos=(310, 276)
2026-05-10 21:34:11,748 - VehicleCounter - INFO - [Track] ID=3 | motorbike | Pos=(563, 406)
2026-05-10 21:34:11,749 - VehicleCounter - INFO - [Track] ID=23 | motorbike | Pos=(254, 421)
2026-05-10 21:34:11,749 - VehicleCounter - INFO - [Track] ID=1 | car | Pos=(47, 140)
2026-05-10 21:34:12,128 - VehicleCounter - INFO - [Track] ID=18 | motorbike | Pos=(153, 170)
2026-05-10 21:34:12,130 - VehicleCounter - INFO - [Track] ID=19 | motorbike | Pos=(219, 210)
2026-05-10 21:34:12,130 - VehicleCounter - INFO - [Track] ID=22 | motorbike | Pos=(308, 275)
2026-05-10 21:34:12,131 - VehicleCounter - INFO - [Track] ID=3 | motorbike | Pos=(563, 406)
2026-05-10 21:34:12,131 - VehicleCounter - INFO - [Track] ID=23 | motorbike | Pos=(251, 419)
2026-05-10 21:34:12,131 - VehicleCounter - INFO - [Track] ID=1 | car | Pos=(47, 140)
2026-05-10 21:34:12,537 - VehicleCounter - INFO - [Track] ID=19 | motorbike | Pos=(217, 207)
2026-05-10 21:34:12,537 - VehicleCounter - INFO - [Track] ID=22 | motorbike | Pos=(304, 271)
2026-05-10 21:34:12,537 - VehicleCounter - INFO - [Track] ID=3 | motorbike | Pos=(563, 408)
2026-05-10 21:34:12,537 - VehicleCounter - INFO - [Track] ID=23 | motorbike | Pos=(245, 413)
2026-05-10 21:34:12,538 - VehicleCounter - INFO - [Track] ID=1 | car | Pos=(44, 140)
2026-05-10 21:34:12,937 - VehicleCounter - INFO - [Track] ID=19 | motorbike | Pos=(217, 206)
2026-05-10 21:34:12,937 - VehicleCounter - INFO - [Track] ID=22 | motorbike | Pos=(303, 270)
2026-05-10 21:34:12,937 - VehicleCounter - INFO - [Track] ID=3 | motorbike | Pos=(563, 409)
2026-05-10 21:34:12,938 - VehicleCounter - INFO - [Track] ID=23 | motorbike | Pos=(242, 411)
2026-05-10 21:34:12,938 - VehicleCounter - INFO - [Track] ID=1 | car | Pos=(47, 140)
2026-05-10 21:34:13,168 - VehicleCounter - INFO - [Track] ID=19 | motorbike | Pos=(216, 206)
2026-05-10 21:34:13,169 - VehicleCounter - INFO - [Track] ID=22 | motorbike | Pos=(299, 268)
2026-05-10 21:34:13,169 - VehicleCounter - INFO - [Track] ID=3 | motorbike | Pos=(563, 409)
2026-05-10 21:34:13,169 - VehicleCounter - INFO - [Track] ID=23 | motorbike | Pos=(237, 405)
2026-05-10 21:34:13,169 - VehicleCounter - INFO - [Track] ID=1 | car | Pos=(49, 142)
2026-05-10 21:34:13,568 - VehicleCounter - INFO - [Track] ID=19 | motorbike | Pos=(214, 205)
2026-05-10 21:34:13,569 - VehicleCounter - INFO - [Track] ID=22 | motorbike | Pos=(295, 267)
2026-05-10 21:34:13,569 - VehicleCounter - INFO - [Track] ID=3 | motorbike | Pos=(563, 409)
2026-05-10 21:34:13,569 - VehicleCounter - INFO - [Track] ID=23 | motorbike | Pos=(230, 399)
2026-05-10 21:34:13,569 - VehicleCounter - INFO - [Track] ID=1 | car | Pos=(48, 142)
2026-05-10 21:34:13,943 - VehicleCounter - INFO - [Track] ID=19 | motorbike | Pos=(213, 205)
2026-05-10 21:34:13,943 - VehicleCounter - INFO - [Track] ID=22 | motorbike | Pos=(292, 265)
2026-05-10 21:34:13,943 - VehicleCounter - INFO - [Track] ID=3 | motorbike | Pos=(562, 410)
2026-05-10 21:34:13,943 - VehicleCounter - INFO - [Track] ID=23 | motorbike | Pos=(227, 396)
2026-05-10 21:34:13,943 - VehicleCounter - INFO - [Track] ID=1 | car | Pos=(49, 142)
2026-05-10 21:34:14,176 - VehicleCounter - INFO - [Track] ID=19 | motorbike | Pos=(213, 204)
2026-05-10 21:34:14,176 - VehicleCounter - INFO - [Track] ID=22 | motorbike | Pos=(289, 262)
2026-05-10 21:34:14,176 - VehicleCounter - INFO - [Track] ID=3 | motorbike | Pos=(563, 410)
2026-05-10 21:34:14,176 - VehicleCounter - INFO - [Track] ID=23 | motorbike | Pos=(223, 390)
2026-05-10 21:34:14,177 - VehicleCounter - INFO - [Track] ID=1 | car | Pos=(49, 141)
2026-05-10 21:34:14,568 - VehicleCounter - INFO - [Track] ID=19 | motorbike | Pos=(212, 203)
2026-05-10 21:34:14,569 - VehicleCounter - INFO - [Track] ID=22 | motorbike | Pos=(286, 260)
2026-05-10 21:34:14,569 - VehicleCounter - INFO - [Track] ID=3 | motorbike | Pos=(563, 409)
2026-05-10 21:34:14,569 - VehicleCounter - INFO - [Track] ID=23 | motorbike | Pos=(220, 386)
2026-05-10 21:34:14,570 - VehicleCounter - INFO - [Track] ID=1 | car | Pos=(50, 141)
2026-05-10 21:34:14,964 - VehicleCounter - INFO - [Track] ID=19 | motorbike | Pos=(210, 200)
2026-05-10 21:34:14,965 - VehicleCounter - INFO - [Track] ID=22 | motorbike | Pos=(282, 259)
2026-05-10 21:34:14,965 - VehicleCounter - INFO - [Track] ID=3 | motorbike | Pos=(563, 409)
2026-05-10 21:34:14,965 - VehicleCounter - INFO - [Track] ID=23 | motorbike | Pos=(217, 383)
2026-05-10 21:34:14,965 - VehicleCounter - INFO - [Track] ID=1 | car | Pos=(49, 141)
2026-05-10 21:34:15,199 - VehicleCounter - INFO - [Track] ID=19 | motorbike | Pos=(209, 197)
2026-05-10 21:34:15,200 - VehicleCounter - INFO - [Track] ID=22 | motorbike | Pos=(277, 256)
2026-05-10 21:34:15,200 - VehicleCounter - INFO - [Track] ID=3 | motorbike | Pos=(563, 410)
2026-05-10 21:34:15,200 - VehicleCounter - INFO - [Track] ID=23 | motorbike | Pos=(213, 378)
2026-05-10 21:34:15,200 - VehicleCounter - INFO - [Track] ID=1 | car | Pos=(50, 140)
2026-05-10 21:34:15,598 - VehicleCounter - INFO - [Track] ID=19 | motorbike | Pos=(208, 196)
2026-05-10 21:34:15,599 - VehicleCounter - INFO - [Track] ID=22 | motorbike | Pos=(273, 253)
2026-05-10 21:34:15,599 - VehicleCounter - INFO - [Track] ID=3 | motorbike | Pos=(563, 409)
2026-05-10 21:34:15,599 - VehicleCounter - INFO - [Track] ID=23 | motorbike | Pos=(210, 374)
2026-05-10 21:34:15,599 - VehicleCounter - INFO - [Track] ID=1 | car | Pos=(50, 140)
2026-05-10 21:34:15,978 - VehicleCounter - INFO - [Track] ID=19 | motorbike | Pos=(207, 194)
2026-05-10 21:34:15,978 - VehicleCounter - INFO - [Track] ID=22 | motorbike | Pos=(270, 251)
2026-05-10 21:34:15,980 - VehicleCounter - INFO - [Track] ID=3 | motorbike | Pos=(563, 409)
2026-05-10 21:34:15,980 - VehicleCounter - INFO - [Track] ID=23 | motorbike | Pos=(206, 370)
2026-05-10 21:34:15,980 - VehicleCounter - INFO - [Track] ID=1 | car | Pos=(50, 140)
2026-05-10 21:34:16,212 - VehicleCounter - INFO - [Track] ID=19 | motorbike | Pos=(205, 191)
2026-05-10 21:34:16,213 - VehicleCounter - INFO - [Track] ID=22 | motorbike | Pos=(265, 247)
2026-05-10 21:34:16,213 - VehicleCounter - INFO - [Track] ID=3 | motorbike | Pos=(563, 408)
2026-05-10 21:34:16,213 - VehicleCounter - INFO - [Track] ID=23 | motorbike | Pos=(202, 364)
2026-05-10 21:34:16,213 - VehicleCounter - INFO - [Track] ID=1 | car | Pos=(49, 139)
2026-05-10 21:34:16,617 - VehicleCounter - INFO - [Track] ID=19 | motorbike | Pos=(204, 190)
2026-05-10 21:34:16,617 - VehicleCounter - INFO - [Track] ID=22 | motorbike | Pos=(261, 246)
2026-05-10 21:34:16,617 - VehicleCounter - INFO - [Track] ID=3 | motorbike | Pos=(563, 408)
2026-05-10 21:34:16,617 - VehicleCounter - INFO - [Track] ID=23 | motorbike | Pos=(199, 362)
2026-05-10 21:34:16,617 - VehicleCounter - INFO - [Track] ID=1 | car | Pos=(49, 138)
2026-05-10 21:34:17,020 - VehicleCounter - INFO - [Track] ID=19 | motorbike | Pos=(203, 188)
2026-05-10 21:34:17,020 - VehicleCounter - INFO - [Track] ID=22 | motorbike | Pos=(256, 243)
2026-05-10 21:34:17,020 - VehicleCounter - INFO - [Track] ID=3 | motorbike | Pos=(563, 408)
2026-05-10 21:34:17,022 - VehicleCounter - INFO - [Track] ID=23 | motorbike | Pos=(194, 357)
2026-05-10 21:34:17,022 - VehicleCounter - INFO - [Track] ID=1 | car | Pos=(50, 139)
2026-05-10 21:34:17,258 - VehicleCounter - INFO - [Track] ID=19 | motorbike | Pos=(202, 187)
2026-05-10 21:34:17,258 - VehicleCounter - INFO - [Track] ID=22 | motorbike | Pos=(253, 241)
2026-05-10 21:34:17,258 - VehicleCounter - INFO - [Track] ID=3 | motorbike | Pos=(563, 408)
2026-05-10 21:34:17,258 - VehicleCounter - INFO - [Track] ID=23 | motorbike | Pos=(192, 353)
2026-05-10 21:34:17,259 - VehicleCounter - INFO - [Track] ID=1 | car | Pos=(50, 138)
2026-05-10 21:34:17,661 - VehicleCounter - INFO - [Track] ID=19 | motorbike | Pos=(201, 185)
2026-05-10 21:34:17,662 - VehicleCounter - INFO - [Track] ID=22 | motorbike | Pos=(249, 240)
2026-05-10 21:34:17,662 - VehicleCounter - INFO - [Track] ID=3 | motorbike | Pos=(563, 408)
2026-05-10 21:34:17,662 - VehicleCounter - INFO - [Track] ID=23 | motorbike | Pos=(187, 350)
2026-05-10 21:34:17,662 - VehicleCounter - INFO - [Track] ID=1 | car | Pos=(49, 139)
2026-05-10 21:34:18,068 - VehicleCounter - INFO - [Track] ID=19 | motorbike | Pos=(200, 185)
2026-05-10 21:34:18,069 - VehicleCounter - INFO - [Track] ID=22 | motorbike | Pos=(245, 238)
2026-05-10 21:34:18,069 - VehicleCounter - INFO - [Track] ID=3 | motorbike | Pos=(563, 409)
2026-05-10 21:34:18,069 - VehicleCounter - INFO - [Track] ID=23 | motorbike | Pos=(183, 345)
2026-05-10 21:34:18,069 - VehicleCounter - INFO - [Track] ID=1 | car | Pos=(49, 141)
2026-05-10 21:34:18,486 - VehicleCounter - INFO - [Track] ID=19 | motorbike | Pos=(199, 186)
2026-05-10 21:34:18,486 - VehicleCounter - INFO - [Track] ID=22 | motorbike | Pos=(242, 238)
2026-05-10 21:34:18,486 - VehicleCounter - INFO - [Track] ID=3 | motorbike | Pos=(563, 410)
2026-05-10 21:34:18,486 - VehicleCounter - INFO - [Track] ID=23 | motorbike | Pos=(180, 343)
2026-05-10 21:34:18,487 - VehicleCounter - INFO - [Track] ID=1 | car | Pos=(50, 141)
2026-05-10 21:34:18,722 - VehicleCounter - INFO - [Track] ID=19 | motorbike | Pos=(198, 184)
2026-05-10 21:34:18,722 - VehicleCounter - INFO - [Track] ID=22 | motorbike | Pos=(238, 236)
2026-05-10 21:34:18,722 - VehicleCounter - INFO - [Track] ID=3 | motorbike | Pos=(563, 410)
2026-05-10 21:34:18,723 - VehicleCounter - INFO - [Track] ID=23 | motorbike | Pos=(177, 339)
2026-05-10 21:34:18,723 - VehicleCounter - INFO - [Track] ID=1 | car | Pos=(51, 141)
2026-05-10 21:34:19,130 - VehicleCounter - INFO - [Track] ID=19 | motorbike | Pos=(197, 183)
2026-05-10 21:34:19,131 - VehicleCounter - INFO - [Track] ID=22 | motorbike | Pos=(237, 233)
2026-05-10 21:34:19,131 - VehicleCounter - INFO - [Track] ID=3 | motorbike | Pos=(563, 410)
2026-05-10 21:34:19,131 - VehicleCounter - INFO - [Track] ID=23 | motorbike | Pos=(175, 337)
2026-05-10 21:34:19,131 - VehicleCounter - INFO - [Track] ID=1 | car | Pos=(50, 141)
2026-05-10 21:34:19,542 - VehicleCounter - INFO - [Track] ID=19 | motorbike | Pos=(196, 180)
2026-05-10 21:34:19,542 - VehicleCounter - INFO - [Track] ID=22 | motorbike | Pos=(234, 229)
2026-05-10 21:34:19,542 - VehicleCounter - INFO - [Track] ID=3 | motorbike | Pos=(563, 409)
2026-05-10 21:34:19,542 - VehicleCounter - INFO - [Track] ID=23 | motorbike | Pos=(172, 330)
2026-05-10 21:34:19,543 - VehicleCounter - INFO - [Track] ID=1 | car | Pos=(48, 141)
2026-05-10 21:34:19,778 - VehicleCounter - INFO - [Track] ID=19 | motorbike | Pos=(195, 177)
2026-05-10 21:34:19,778 - VehicleCounter - INFO - [Track] ID=22 | motorbike | Pos=(231, 226)
2026-05-10 21:34:19,778 - VehicleCounter - INFO - [Track] ID=3 | motorbike | Pos=(563, 407)
2026-05-10 21:34:19,779 - VehicleCounter - INFO - [Track] ID=23 | motorbike | Pos=(168, 327)
2026-05-10 21:34:19,779 - VehicleCounter - INFO - [Track] ID=1 | car | Pos=(48, 139)
2026-05-10 21:34:20,485 - VehicleCounter - INFO - [Track] ID=19 | motorbike | Pos=(194, 177)
2026-05-10 21:34:20,486 - VehicleCounter - INFO - [Track] ID=22 | motorbike | Pos=(230, 225)
2026-05-10 21:34:20,486 - VehicleCounter - INFO - [Track] ID=3 | motorbike | Pos=(563, 407)
2026-05-10 21:34:20,486 - VehicleCounter - INFO - [Track] ID=23 | motorbike | Pos=(167, 327)
2026-05-10 21:34:20,486 - VehicleCounter - INFO - [Track] ID=1 | car | Pos=(49, 139)
2026-05-10 21:34:20,722 - VehicleCounter - INFO - [Track] ID=19 | motorbike | Pos=(193, 174)
2026-05-10 21:34:20,722 - VehicleCounter - INFO - [Track] ID=22 | motorbike | Pos=(228, 223)
2026-05-10 21:34:20,722 - VehicleCounter - INFO - [Track] ID=3 | motorbike | Pos=(563, 405)
2026-05-10 21:34:20,722 - VehicleCounter - INFO - [Track] ID=23 | motorbike | Pos=(164, 322)
2026-05-10 21:34:20,722 - VehicleCounter - INFO - [Track] ID=1 | car | Pos=(49, 138)
2026-05-10 21:34:21,119 - VehicleCounter - INFO - [Track] ID=19 | motorbike | Pos=(192, 174)
2026-05-10 21:34:21,119 - VehicleCounter - INFO - [Track] ID=22 | motorbike | Pos=(227, 222)
2026-05-10 21:34:21,119 - VehicleCounter - INFO - [Track] ID=3 | motorbike | Pos=(564, 405)
2026-05-10 21:34:21,119 - VehicleCounter - INFO - [Track] ID=23 | motorbike | Pos=(163, 320)
2026-05-10 21:34:21,120 - VehicleCounter - INFO - [Track] ID=1 | car | Pos=(49, 138)
2026-05-10 21:34:21,517 - VehicleCounter - INFO - [Track] ID=19 | motorbike | Pos=(189, 173)
2026-05-10 21:34:21,517 - VehicleCounter - INFO - [Track] ID=22 | motorbike | Pos=(225, 218)
2026-05-10 21:34:21,517 - VehicleCounter - INFO - [Track] ID=3 | motorbike | Pos=(563, 405)
2026-05-10 21:34:21,517 - VehicleCounter - INFO - [Track] ID=23 | motorbike | Pos=(159, 314)
2026-05-10 21:34:21,517 - VehicleCounter - INFO - [Track] ID=1 | car | Pos=(43, 138)
2026-05-10 21:34:21,752 - VehicleCounter - INFO - [Track] ID=19 | motorbike | Pos=(188, 171)
2026-05-10 21:34:21,752 - VehicleCounter - INFO - [Track] ID=22 | motorbike | Pos=(224, 214)
2026-05-10 21:34:21,752 - VehicleCounter - INFO - [Track] ID=3 | motorbike | Pos=(563, 404)
2026-05-10 21:34:21,752 - VehicleCounter - INFO - [Track] ID=23 | motorbike | Pos=(157, 309)
2026-05-10 21:34:21,752 - VehicleCounter - INFO - [Track] ID=1 | car | Pos=(43, 139)
2026-05-10 21:34:22,153 - VehicleCounter - INFO - [Track] ID=19 | motorbike | Pos=(187, 170)
2026-05-10 21:34:22,153 - VehicleCounter - INFO - [Track] ID=22 | motorbike | Pos=(223, 213)
2026-05-10 21:34:22,154 - VehicleCounter - INFO - [Track] ID=3 | motorbike | Pos=(563, 404)
2026-05-10 21:34:22,154 - VehicleCounter - INFO - [Track] ID=23 | motorbike | Pos=(156, 307)
2026-05-10 21:34:22,154 - VehicleCounter - INFO - [Track] ID=1 | car | Pos=(46, 137)
2026-05-10 21:34:22,579 - VehicleCounter - INFO - [Track] ID=22 | motorbike | Pos=(222, 211)
2026-05-10 21:34:22,579 - VehicleCounter - INFO - [Track] ID=3 | motorbike | Pos=(564, 405)
2026-05-10 21:34:22,579 - VehicleCounter - INFO - [Track] ID=23 | motorbike | Pos=(155, 304)
2026-05-10 21:34:22,580 - VehicleCounter - INFO - [Track] ID=1 | car | Pos=(47, 138)
2026-05-10 21:34:22,812 - VehicleCounter - INFO - [Track] ID=22 | motorbike | Pos=(221, 210)
2026-05-10 21:34:22,812 - VehicleCounter - INFO - [Track] ID=3 | motorbike | Pos=(564, 405)
2026-05-10 21:34:22,813 - VehicleCounter - INFO - [Track] ID=23 | motorbike | Pos=(152, 302)
2026-05-10 21:34:22,813 - VehicleCounter - INFO - [Track] ID=1 | car | Pos=(49, 139)
2026-05-10 21:34:23,212 - VehicleCounter - INFO - [Track] ID=22 | motorbike | Pos=(220, 210)
2026-05-10 21:34:23,212 - VehicleCounter - INFO - [Track] ID=3 | motorbike | Pos=(564, 406)
2026-05-10 21:34:23,212 - VehicleCounter - INFO - [Track] ID=23 | motorbike | Pos=(151, 300)
2026-05-10 21:34:23,213 - VehicleCounter - INFO - [Track] ID=1 | car | Pos=(49, 138)
2026-05-10 21:34:23,625 - VehicleCounter - INFO - [Track] ID=22 | motorbike | Pos=(219, 208)
2026-05-10 21:34:23,625 - VehicleCounter - INFO - [Track] ID=3 | motorbike | Pos=(563, 406)
2026-05-10 21:34:23,626 - VehicleCounter - INFO - [Track] ID=23 | motorbike | Pos=(149, 297)
2026-05-10 21:34:23,626 - VehicleCounter - INFO - [Track] ID=1 | car | Pos=(49, 139)
2026-05-10 21:34:24,035 - VehicleCounter - INFO - [Track] ID=22 | motorbike | Pos=(218, 206)
2026-05-10 21:34:24,035 - VehicleCounter - INFO - [Track] ID=3 | motorbike | Pos=(563, 405)
2026-05-10 21:34:24,035 - VehicleCounter - INFO - [Track] ID=23 | motorbike | Pos=(147, 294)
2026-05-10 21:34:24,036 - VehicleCounter - INFO - [Track] ID=1 | car | Pos=(49, 139)
2026-05-10 21:34:24,259 - VehicleCounter - INFO - [Track] ID=22 | motorbike | Pos=(216, 203)
2026-05-10 21:34:24,259 - VehicleCounter - INFO - [Track] ID=3 | motorbike | Pos=(563, 405)
2026-05-10 21:34:24,259 - VehicleCounter - INFO - [Track] ID=23 | motorbike | Pos=(145, 290)
2026-05-10 21:34:24,259 - VehicleCounter - INFO - [Track] ID=1 | car | Pos=(50, 138)
2026-05-10 21:34:24,677 - VehicleCounter - INFO - [Track] ID=22 | motorbike | Pos=(216, 202)
2026-05-10 21:34:24,677 - VehicleCounter - INFO - [Track] ID=3 | motorbike | Pos=(563, 405)
2026-05-10 21:34:24,677 - VehicleCounter - INFO - [Track] ID=23 | motorbike | Pos=(144, 289)
2026-05-10 21:34:24,678 - VehicleCounter - INFO - [Track] ID=1 | car | Pos=(51, 137)
2026-05-10 21:34:25,083 - VehicleCounter - INFO - [Track] ID=22 | motorbike | Pos=(214, 202)
2026-05-10 21:34:25,083 - VehicleCounter - INFO - [Track] ID=3 | motorbike | Pos=(564, 405)
2026-05-10 21:34:25,083 - VehicleCounter - INFO - [Track] ID=23 | motorbike | Pos=(142, 288)
2026-05-10 21:34:25,083 - VehicleCounter - INFO - [Track] ID=1 | car | Pos=(49, 138)
2026-05-10 21:34:25,313 - VehicleCounter - INFO - [Track] ID=22 | motorbike | Pos=(213, 199)
2026-05-10 21:34:25,313 - VehicleCounter - INFO - [Track] ID=3 | motorbike | Pos=(564, 406)
2026-05-10 21:34:25,314 - VehicleCounter - INFO - [Track] ID=23 | motorbike | Pos=(140, 285)
2026-05-10 21:34:25,314 - VehicleCounter - INFO - [Track] ID=1 | car | Pos=(50, 138)
2026-05-10 21:34:25,714 - VehicleCounter - INFO - [Track] ID=22 | motorbike | Pos=(211, 198)
2026-05-10 21:34:25,714 - VehicleCounter - INFO - [Track] ID=3 | motorbike | Pos=(564, 406)
2026-05-10 21:34:25,714 - VehicleCounter - INFO - [Track] ID=23 | motorbike | Pos=(136, 281)
2026-05-10 21:34:25,714 - VehicleCounter - INFO - [Track] ID=1 | car | Pos=(51, 139)
2026-05-10 21:34:26,117 - VehicleCounter - INFO - [Track] ID=22 | motorbike | Pos=(210, 197)
2026-05-10 21:34:26,117 - VehicleCounter - INFO - [Track] ID=3 | motorbike | Pos=(564, 406)
2026-05-10 21:34:26,117 - VehicleCounter - INFO - [Track] ID=23 | motorbike | Pos=(135, 280)
2026-05-10 21:34:26,118 - VehicleCounter - INFO - [Track] ID=1 | car | Pos=(51, 139)
2026-05-10 21:34:26,510 - VehicleCounter - INFO - [Track] ID=22 | motorbike | Pos=(207, 195)
2026-05-10 21:34:26,510 - VehicleCounter - INFO - [Track] ID=3 | motorbike | Pos=(564, 406)
2026-05-10 21:34:26,510 - VehicleCounter - INFO - [Track] ID=23 | motorbike | Pos=(130, 276)
2026-05-10 21:34:26,512 - VehicleCounter - INFO - [Track] ID=24 | motorbike | Pos=(171, 612)
2026-05-10 21:34:26,512 - VehicleCounter - INFO - [Track] ID=1 | car | Pos=(53, 136)
2026-05-10 21:34:26,744 - VehicleCounter - INFO - [Track] ID=22 | motorbike | Pos=(205, 193)
2026-05-10 21:34:26,744 - VehicleCounter - INFO - [Track] ID=3 | motorbike | Pos=(564, 406)
2026-05-10 21:34:26,744 - VehicleCounter - INFO - [Track] ID=23 | motorbike | Pos=(128, 275)
2026-05-10 21:34:26,744 - VehicleCounter - INFO - [Track] ID=24 | motorbike | Pos=(165, 606)
2026-05-10 21:34:26,744 - VehicleCounter - INFO - [Track] ID=1 | car | Pos=(53, 136)
2026-05-10 21:34:26,744 - VehicleCounter - INFO - [Track] ID=19 | motorbike | Pos=(167, 156)
2026-05-10 21:34:27,150 - VehicleCounter - INFO - [Track] ID=22 | motorbike | Pos=(203, 190)
2026-05-10 21:34:27,150 - VehicleCounter - INFO - [Track] ID=3 | motorbike | Pos=(564, 406)
2026-05-10 21:34:27,151 - VehicleCounter - INFO - [Track] ID=23 | motorbike | Pos=(124, 274)
2026-05-10 21:34:27,151 - VehicleCounter - INFO - [Track] ID=24 | motorbike | Pos=(158, 599)
2026-05-10 21:34:27,151 - VehicleCounter - INFO - [Track] ID=1 | car | Pos=(52, 135)
2026-05-10 21:34:27,551 - VehicleCounter - INFO - [Track] ID=22 | motorbike | Pos=(200, 187)
2026-05-10 21:34:27,552 - VehicleCounter - INFO - [Track] ID=3 | motorbike | Pos=(564, 405)
2026-05-10 21:34:27,552 - VehicleCounter - INFO - [Track] ID=23 | motorbike | Pos=(119, 270)
2026-05-10 21:34:27,552 - VehicleCounter - INFO - [Track] ID=24 | motorbike | Pos=(147, 592)
2026-05-10 21:34:27,552 - VehicleCounter - INFO - [Track] ID=1 | car | Pos=(51, 134)
2026-05-10 21:34:27,782 - VehicleCounter - INFO - [Track] ID=22 | motorbike | Pos=(199, 186)
2026-05-10 21:34:27,783 - VehicleCounter - INFO - [Track] ID=3 | motorbike | Pos=(564, 405)
2026-05-10 21:34:27,783 - VehicleCounter - INFO - [Track] ID=23 | motorbike | Pos=(116, 268)
2026-05-10 21:34:27,783 - VehicleCounter - INFO - [Track] ID=24 | motorbike | Pos=(144, 589)
2026-05-10 21:34:27,783 - VehicleCounter - INFO - [Track] ID=1 | car | Pos=(50, 135)
2026-05-10 21:34:28,186 - VehicleCounter - INFO - [Track] ID=22 | motorbike | Pos=(196, 186)
2026-05-10 21:34:28,187 - VehicleCounter - INFO - [Track] ID=3 | motorbike | Pos=(564, 406)
2026-05-10 21:34:28,187 - VehicleCounter - INFO - [Track] ID=23 | motorbike | Pos=(111, 267)
2026-05-10 21:34:28,187 - VehicleCounter - INFO - [Track] ID=24 | motorbike | Pos=(139, 581)
2026-05-10 21:34:28,187 - VehicleCounter - INFO - [Track] ID=1 | car | Pos=(49, 137)
2026-05-10 21:34:28,188 - VehicleCounter - INFO - [Track] ID=25 | motorbike | Pos=(366, 609)
2026-05-10 21:34:28,590 - VehicleCounter - INFO - [Track] ID=22 | motorbike | Pos=(194, 186)
2026-05-10 21:34:28,590 - VehicleCounter - INFO - [Track] ID=3 | motorbike | Pos=(564, 406)
2026-05-10 21:34:28,590 - VehicleCounter - INFO - [Track] ID=23 | motorbike | Pos=(108, 266)
2026-05-10 21:34:28,591 - VehicleCounter - INFO - [Track] ID=24 | motorbike | Pos=(135, 578)
2026-05-10 21:34:28,591 - VehicleCounter - INFO - [Track] ID=1 | car | Pos=(48, 137)
2026-05-10 21:34:28,591 - VehicleCounter - INFO - [Track] ID=25 | motorbike | Pos=(352, 603)
2026-05-10 21:34:28,591 - VehicleCounter - INFO - [Track] ID=26 | motorbike | Pos=(523, 605)
2026-05-10 21:34:28,824 - VehicleCounter - INFO - [Track] ID=22 | motorbike | Pos=(192, 181)
2026-05-10 21:34:28,824 - VehicleCounter - INFO - [Track] ID=3 | motorbike | Pos=(563, 405)
2026-05-10 21:34:28,824 - VehicleCounter - INFO - [Track] ID=23 | motorbike | Pos=(103, 262)
2026-05-10 21:34:28,824 - VehicleCounter - INFO - [Track] ID=24 | motorbike | Pos=(128, 570)
2026-05-10 21:34:28,824 - VehicleCounter - INFO - [Track] ID=1 | car | Pos=(49, 137)
2026-05-10 21:34:28,824 - VehicleCounter - INFO - [Track] ID=25 | motorbike | Pos=(333, 594)
2026-05-10 21:34:28,824 - VehicleCounter - INFO - [Track] ID=26 | motorbike | Pos=(503, 597)
2026-05-10 21:34:29,232 - VehicleCounter - INFO - [Track] ID=22 | motorbike | Pos=(190, 181)
2026-05-10 21:34:29,233 - VehicleCounter - INFO - [Track] ID=3 | motorbike | Pos=(563, 405)
2026-05-10 21:34:29,233 - VehicleCounter - INFO - [Track] ID=23 | motorbike | Pos=(100, 260)
2026-05-10 21:34:29,233 - VehicleCounter - INFO - [Track] ID=24 | motorbike | Pos=(125, 566)
2026-05-10 21:34:29,233 - VehicleCounter - INFO - [Track] ID=1 | car | Pos=(49, 136)
2026-05-10 21:34:29,233 - VehicleCounter - INFO - [Track] ID=25 | motorbike | Pos=(328, 588)
2026-05-10 21:34:29,233 - VehicleCounter - INFO - [Track] ID=26 | motorbike | Pos=(488, 592)
2026-05-10 21:34:29,638 - VehicleCounter - INFO - [Track] ID=22 | motorbike | Pos=(188, 180)
2026-05-10 21:34:29,638 - VehicleCounter - INFO - [Track] ID=3 | motorbike | Pos=(563, 406)
2026-05-10 21:34:29,638 - VehicleCounter - INFO - [Track] ID=23 | motorbike | Pos=(95, 258)
2026-05-10 21:34:29,640 - VehicleCounter - INFO - [Track] ID=24 | motorbike | Pos=(118, 559)
2026-05-10 21:34:29,640 - VehicleCounter - INFO - [Track] ID=1 | car | Pos=(48, 138)
2026-05-10 21:34:29,640 - VehicleCounter - INFO - [Track] ID=25 | motorbike | Pos=(322, 578)
2026-05-10 21:34:29,640 - VehicleCounter - INFO - [Track] ID=26 | motorbike | Pos=(476, 585)
2026-05-10 21:34:29,988 - VehicleCounter - INFO - [Track] ID=22 | motorbike | Pos=(185, 179)
2026-05-10 21:34:29,994 - VehicleCounter - INFO - [Track] ID=3 | motorbike | Pos=(563, 407)
2026-05-10 21:34:29,995 - VehicleCounter - INFO - [Track] ID=23 | motorbike | Pos=(90, 256)
2026-05-10 21:34:29,995 - VehicleCounter - INFO - [Track] ID=24 | motorbike | Pos=(112, 553)
2026-05-10 21:34:29,995 - VehicleCounter - INFO - [Track] ID=1 | car | Pos=(49, 137)
2026-05-10 21:34:29,997 - VehicleCounter - INFO - [Track] ID=25 | motorbike | Pos=(319, 568)
2026-05-10 21:34:30,002 - VehicleCounter - INFO - [Track] ID=26 | motorbike | Pos=(463, 577)
2026-05-10 21:34:30,264 - VehicleCounter - INFO - [Track] ID=22 | motorbike | Pos=(184, 178)
2026-05-10 21:34:30,265 - VehicleCounter - INFO - [Track] ID=3 | motorbike | Pos=(563, 407)
2026-05-10 21:34:30,265 - VehicleCounter - INFO - [Track] ID=23 | motorbike | Pos=(88, 256)
2026-05-10 21:34:30,265 - VehicleCounter - INFO - [Track] ID=24 | motorbike | Pos=(109, 551)
2026-05-10 21:34:30,265 - VehicleCounter - INFO - [Track] ID=1 | car | Pos=(48, 139)
2026-05-10 21:34:30,265 - VehicleCounter - INFO - [Track] ID=25 | motorbike | Pos=(317, 565)
2026-05-10 21:34:30,266 - VehicleCounter - INFO - [Track] ID=26 | motorbike | Pos=(456, 574)
2026-05-10 21:34:30,266 - VehicleCounter - INFO - [Track] ID=27 | motorbike | Pos=(126, 603)
2026-05-10 21:34:30,674 - VehicleCounter - INFO - [Track] ID=22 | motorbike | Pos=(181, 176)
2026-05-10 21:34:30,675 - VehicleCounter - INFO - [Track] ID=3 | motorbike | Pos=(563, 407)
2026-05-10 21:34:30,675 - VehicleCounter - INFO - [Track] ID=23 | motorbike | Pos=(83, 253)
2026-05-10 21:34:30,675 - VehicleCounter - INFO - [Track] ID=24 | motorbike | Pos=(103, 545)
2026-05-10 21:34:30,675 - VehicleCounter - INFO - [Track] ID=1 | car | Pos=(48, 138)
2026-05-10 21:34:30,675 - VehicleCounter - INFO - [Track] ID=25 | motorbike | Pos=(315, 557)
2026-05-10 21:34:30,675 - VehicleCounter - INFO - [Track] ID=26 | motorbike | Pos=(442, 566)
2026-05-10 21:34:30,675 - VehicleCounter - INFO - [Track] ID=27 | motorbike | Pos=(118, 596)
2026-05-10 21:34:31,242 - VehicleCounter - INFO - [Track] ID=22 | motorbike | Pos=(179, 175)
2026-05-10 21:34:31,242 - VehicleCounter - INFO - [Track] ID=3 | motorbike | Pos=(564, 408)
2026-05-10 21:34:31,242 - VehicleCounter - INFO - [Track] ID=23 | motorbike | Pos=(78, 250)
2026-05-10 21:34:31,242 - VehicleCounter - INFO - [Track] ID=24 | motorbike | Pos=(97, 535)
2026-05-10 21:34:31,242 - VehicleCounter - INFO - [Track] ID=1 | car | Pos=(48, 139)
2026-05-10 21:34:31,243 - VehicleCounter - INFO - [Track] ID=25 | motorbike | Pos=(313, 548)
2026-05-10 21:34:31,243 - VehicleCounter - INFO - [Track] ID=26 | motorbike | Pos=(428, 559)
2026-05-10 21:34:31,243 - VehicleCounter - INFO - [Track] ID=27 | motorbike | Pos=(107, 580)
2026-05-10 21:34:31,643 - VehicleCounter - INFO - [Track] ID=22 | motorbike | Pos=(177, 173)
2026-05-10 21:34:31,643 - VehicleCounter - INFO - [Track] ID=3 | motorbike | Pos=(563, 407)
2026-05-10 21:34:31,644 - VehicleCounter - INFO - [Track] ID=23 | motorbike | Pos=(75, 248)
2026-05-10 21:34:31,644 - VehicleCounter - INFO - [Track] ID=24 | motorbike | Pos=(96, 531)
2026-05-10 21:34:31,644 - VehicleCounter - INFO - [Track] ID=1 | car | Pos=(48, 138)
2026-05-10 21:34:31,644 - VehicleCounter - INFO - [Track] ID=25 | motorbike | Pos=(313, 544)
2026-05-10 21:34:31,645 - VehicleCounter - INFO - [Track] ID=26 | motorbike | Pos=(423, 555)
2026-05-10 21:34:31,645 - VehicleCounter - INFO - [Track] ID=27 | motorbike | Pos=(104, 575)
2026-05-10 21:34:31,882 - VehicleCounter - INFO - [Track] ID=22 | motorbike | Pos=(174, 171)
2026-05-10 21:34:31,882 - VehicleCounter - INFO - [Track] ID=3 | motorbike | Pos=(563, 407)
2026-05-10 21:34:31,882 - VehicleCounter - INFO - [Track] ID=23 | motorbike | Pos=(72, 246)
2026-05-10 21:34:31,882 - VehicleCounter - INFO - [Track] ID=24 | motorbike | Pos=(92, 516)
2026-05-10 21:34:31,883 - VehicleCounter - INFO - [Track] ID=1 | car | Pos=(48, 137)
2026-05-10 21:34:31,883 - VehicleCounter - INFO - [Track] ID=25 | motorbike | Pos=(313, 537)
2026-05-10 21:34:31,883 - VehicleCounter - INFO - [Track] ID=26 | motorbike | Pos=(416, 550)
2026-05-10 21:34:31,897 - VehicleCounter - INFO - [Track] ID=27 | motorbike | Pos=(100, 568)
2026-05-10 21:34:31,898 - VehicleCounter - INFO - [Track] ID=28 | motorbike | Pos=(538, 602)
2026-05-10 21:34:32,281 - VehicleCounter - INFO - [Track] ID=22 | motorbike | Pos=(173, 169)
2026-05-10 21:34:32,282 - VehicleCounter - INFO - [Track] ID=3 | motorbike | Pos=(563, 406)
2026-05-10 21:34:32,282 - VehicleCounter - INFO - [Track] ID=23 | motorbike | Pos=(69, 242)
2026-05-10 21:34:32,282 - VehicleCounter - INFO - [Track] ID=24 | motorbike | Pos=(88, 494)
2026-05-10 21:34:32,283 - VehicleCounter - INFO - [Track] ID=1 | car | Pos=(48, 139)
2026-05-10 21:34:32,283 - VehicleCounter - INFO - [Track] ID=25 | motorbike | Pos=(314, 527)
2026-05-10 21:34:32,283 - VehicleCounter - INFO - [Track] ID=26 | motorbike | Pos=(408, 543)
2026-05-10 21:34:32,283 - VehicleCounter - INFO - [Track] ID=27 | motorbike | Pos=(95, 561)
2026-05-10 21:34:32,284 - VehicleCounter - INFO - [Track] ID=28 | motorbike | Pos=(518, 593)
2026-05-10 21:34:32,681 - VehicleCounter - INFO - [Track] ID=22 | motorbike | Pos=(172, 168)
2026-05-10 21:34:32,682 - VehicleCounter - INFO - [Track] ID=3 | motorbike | Pos=(563, 406)
2026-05-10 21:34:32,682 - VehicleCounter - INFO - [Track] ID=23 | motorbike | Pos=(67, 241)
2026-05-10 21:34:32,683 - VehicleCounter - INFO - [Track] ID=24 | motorbike | Pos=(86, 486)
2026-05-10 21:34:32,683 - VehicleCounter - INFO - [Track] ID=1 | car | Pos=(46, 139)
2026-05-10 21:34:32,683 - VehicleCounter - INFO - [Track] ID=25 | motorbike | Pos=(316, 515)
2026-05-10 21:34:32,683 - VehicleCounter - INFO - [Track] ID=26 | motorbike | Pos=(403, 537)
2026-05-10 21:34:32,684 - VehicleCounter - INFO - [Track] ID=27 | motorbike | Pos=(91, 556)
2026-05-10 21:34:32,684 - VehicleCounter - INFO - [Track] ID=28 | motorbike | Pos=(508, 588)
2026-05-10 21:34:32,684 - VehicleCounter - INFO - [Track] ID=29 | motorbike | Pos=(366, 612)
2026-05-10 21:34:33,089 - VehicleCounter - INFO - [Track] ID=3 | motorbike | Pos=(564, 405)
2026-05-10 21:34:33,089 - VehicleCounter - INFO - [Track] ID=23 | motorbike | Pos=(65, 237)
2026-05-10 21:34:33,089 - VehicleCounter - INFO - [Track] ID=24 | motorbike | Pos=(81, 474)
2026-05-10 21:34:33,089 - VehicleCounter - INFO - [Track] ID=1 | car | Pos=(47, 137)
2026-05-10 21:34:33,089 - VehicleCounter - INFO - [Track] ID=25 | motorbike | Pos=(323, 497)
2026-05-10 21:34:33,089 - VehicleCounter - INFO - [Track] ID=26 | motorbike | Pos=(395, 528)
2026-05-10 21:34:33,089 - VehicleCounter - INFO - [Track] ID=27 | motorbike | Pos=(86, 549)
2026-05-10 21:34:33,091 - VehicleCounter - INFO - [Track] ID=28 | motorbike | Pos=(490, 578)
2026-05-10 21:34:33,091 - VehicleCounter - INFO - [Track] ID=29 | motorbike | Pos=(357, 604)
2026-05-10 21:34:33,091 - VehicleCounter - INFO - [Track] ID=22 | motorbike | Pos=(170, 164)
2026-05-10 21:34:33,325 - VehicleCounter - INFO - [Track] ID=3 | motorbike | Pos=(564, 405)
2026-05-10 21:34:33,326 - VehicleCounter - INFO - [Track] ID=23 | motorbike | Pos=(64, 237)
2026-05-10 21:34:33,326 - VehicleCounter - INFO - [Track] ID=24 | motorbike | Pos=(80, 470)
2026-05-10 21:34:33,326 - VehicleCounter - INFO - [Track] ID=1 | car | Pos=(47, 138)
2026-05-10 21:34:33,326 - VehicleCounter - INFO - [Track] ID=25 | motorbike | Pos=(325, 493)
2026-05-10 21:34:33,326 - VehicleCounter - INFO - [Track] ID=26 | motorbike | Pos=(394, 524)
2026-05-10 21:34:33,326 - VehicleCounter - INFO - [Track] ID=27 | motorbike | Pos=(85, 548)
2026-05-10 21:34:33,327 - VehicleCounter - INFO - [Track] ID=28 | motorbike | Pos=(486, 576)
2026-05-10 21:34:33,327 - VehicleCounter - INFO - [Track] ID=29 | motorbike | Pos=(357, 601)
2026-05-10 21:34:33,327 - VehicleCounter - INFO - [Track] ID=22 | motorbike | Pos=(170, 163)
2026-05-10 21:34:33,733 - VehicleCounter - INFO - [Track] ID=3 | motorbike | Pos=(563, 406)
2026-05-10 21:34:33,733 - VehicleCounter - INFO - [Track] ID=23 | motorbike | Pos=(62, 234)
2026-05-10 21:34:33,733 - VehicleCounter - INFO - [Track] ID=24 | motorbike | Pos=(76, 461)
2026-05-10 21:34:33,733 - VehicleCounter - INFO - [Track] ID=1 | car | Pos=(48, 137)
2026-05-10 21:34:33,733 - VehicleCounter - INFO - [Track] ID=25 | motorbike | Pos=(333, 476)
2026-05-10 21:34:33,733 - VehicleCounter - INFO - [Track] ID=26 | motorbike | Pos=(387, 510)
2026-05-10 21:34:33,735 - VehicleCounter - INFO - [Track] ID=27 | motorbike | Pos=(81, 541)
2026-05-10 21:34:33,735 - VehicleCounter - INFO - [Track] ID=28 | motorbike | Pos=(471, 569)
2026-05-10 21:34:33,735 - VehicleCounter - INFO - [Track] ID=29 | motorbike | Pos=(356, 594)
2026-05-10 21:34:33,735 - VehicleCounter - INFO - [Track] ID=22 | motorbike | Pos=(167, 163)
2026-05-10 21:34:33,736 - VehicleCounter - INFO - [Track] ID=30 | motorbike | Pos=(126, 604)
2026-05-10 21:34:34,137 - VehicleCounter - INFO - [Track] ID=3 | motorbike | Pos=(563, 406)
2026-05-10 21:34:34,137 - VehicleCounter - INFO - [Track] ID=23 | motorbike | Pos=(61, 233)
2026-05-10 21:34:34,137 - VehicleCounter - INFO - [Track] ID=1 | car | Pos=(48, 137)
2026-05-10 21:34:34,137 - VehicleCounter - INFO - [Track] ID=25 | motorbike | Pos=(338, 468)
2026-05-10 21:34:34,137 - VehicleCounter - INFO - [Track] ID=26 | motorbike | Pos=(384, 503)
2026-05-10 21:34:34,138 - VehicleCounter - INFO - [Track] ID=27 | motorbike | Pos=(80, 535)
2026-05-10 21:34:34,138 - VehicleCounter - INFO - [Track] ID=28 | motorbike | Pos=(463, 565)
2026-05-10 21:34:34,138 - VehicleCounter - INFO - [Track] ID=29 | motorbike | Pos=(354, 589)
2026-05-10 21:34:34,138 - VehicleCounter - INFO - [Track] ID=22 | motorbike | Pos=(166, 163)
2026-05-10 21:34:34,138 - VehicleCounter - INFO - [Track] ID=30 | motorbike | Pos=(120, 599)
2026-05-10 21:34:34,138 - VehicleCounter - INFO - [Track] ID=31 | motorbike | Pos=(273, 608)
2026-05-10 21:34:34,370 - VehicleCounter - INFO - [Track] ID=3 | motorbike | Pos=(563, 406)
2026-05-10 21:34:34,370 - VehicleCounter - INFO - [Track] ID=23 | motorbike | Pos=(60, 232)
2026-05-10 21:34:34,370 - VehicleCounter - INFO - [Track] ID=1 | car | Pos=(48, 136)
2026-05-10 21:34:34,370 - VehicleCounter - INFO - [Track] ID=25 | motorbike | Pos=(342, 455)
2026-05-10 21:34:34,370 - VehicleCounter - INFO - [Track] ID=26 | motorbike | Pos=(378, 491)
2026-05-10 21:34:34,370 - VehicleCounter - INFO - [Track] ID=27 | motorbike | Pos=(76, 528)
2026-05-10 21:34:34,370 - VehicleCounter - INFO - [Track] ID=28 | motorbike | Pos=(451, 560)
2026-05-10 21:34:34,372 - VehicleCounter - INFO - [Track] ID=29 | motorbike | Pos=(348, 582)
2026-05-10 21:34:34,372 - VehicleCounter - INFO - [Track] ID=30 | motorbike | Pos=(112, 592)
2026-05-10 21:34:34,372 - VehicleCounter - INFO - [Track] ID=31 | motorbike | Pos=(269, 598)
2026-05-10 21:34:34,372 - VehicleCounter - INFO - [Track] ID=32 | motorbike | Pos=(613, 614)
2026-05-10 21:34:34,770 - VehicleCounter - INFO - [Track] ID=3 | motorbike | Pos=(563, 405)
2026-05-10 21:34:34,770 - VehicleCounter - INFO - [Track] ID=23 | motorbike | Pos=(59, 229)
2026-05-10 21:34:34,770 - VehicleCounter - INFO - [Track] ID=1 | car | Pos=(47, 137)
2026-05-10 21:34:34,770 - VehicleCounter - INFO - [Track] ID=26 | motorbike | Pos=(361, 467)
2026-05-10 21:34:34,772 - VehicleCounter - INFO - [Track] ID=27 | motorbike | Pos=(73, 512)
2026-05-10 21:34:34,772 - VehicleCounter - INFO - [Track] ID=28 | motorbike | Pos=(442, 553)
2026-05-10 21:34:34,772 - VehicleCounter - INFO - [Track] ID=29 | motorbike | Pos=(346, 575)
2026-05-10 21:34:34,772 - VehicleCounter - INFO - [Track] ID=30 | motorbike | Pos=(104, 584)
2026-05-10 21:34:34,772 - VehicleCounter - INFO - [Track] ID=31 | motorbike | Pos=(268, 587)
2026-05-10 21:34:34,772 - VehicleCounter - INFO - [Track] ID=32 | motorbike | Pos=(588, 604)
2026-05-10 21:34:35,167 - VehicleCounter - INFO - [Track] ID=3 | motorbike | Pos=(563, 405)
2026-05-10 21:34:35,167 - VehicleCounter - INFO - [Track] ID=23 | motorbike | Pos=(58, 229)
2026-05-10 21:34:35,168 - VehicleCounter - INFO - [Track] ID=1 | car | Pos=(42, 137)
2026-05-10 21:34:35,169 - VehicleCounter - INFO - [Track] ID=26 | motorbike | Pos=(363, 468)
2026-05-10 21:34:35,169 - VehicleCounter - INFO - [Track] ID=27 | motorbike | Pos=(72, 509)
2026-05-10 21:34:35,169 - VehicleCounter - INFO - [Track] ID=28 | motorbike | Pos=(435, 549)
2026-05-10 21:34:35,169 - VehicleCounter - INFO - [Track] ID=29 | motorbike | Pos=(346, 575)
2026-05-10 21:34:35,169 - VehicleCounter - INFO - [Track] ID=30 | motorbike | Pos=(102, 579)
2026-05-10 21:34:35,169 - VehicleCounter - INFO - [Track] ID=31 | motorbike | Pos=(265, 583)
2026-05-10 21:34:35,170 - VehicleCounter - INFO - [Track] ID=32 | motorbike | Pos=(585, 603)
2026-05-10 21:34:35,170 - VehicleCounter - INFO - [Track] ID=33 | motorbike | Pos=(493, 610)
2026-05-10 21:34:35,406 - VehicleCounter - INFO - [Track] ID=3 | motorbike | Pos=(563, 405)
2026-05-10 21:34:35,406 - VehicleCounter - INFO - [Track] ID=23 | motorbike | Pos=(58, 227)
2026-05-10 21:34:35,406 - VehicleCounter - INFO - [Track] ID=1 | car | Pos=(48, 137)
2026-05-10 21:34:35,406 - VehicleCounter - INFO - [Track] ID=26 | motorbike | Pos=(363, 465)
2026-05-10 21:34:35,407 - VehicleCounter - INFO - [Track] ID=27 | motorbike | Pos=(71, 497)
2026-05-10 21:34:35,407 - VehicleCounter - INFO - [Track] ID=28 | motorbike | Pos=(430, 546)
2026-05-10 21:34:35,407 - VehicleCounter - INFO - [Track] ID=29 | motorbike | Pos=(345, 570)
2026-05-10 21:34:35,407 - VehicleCounter - INFO - [Track] ID=30 | motorbike | Pos=(98, 575)
2026-05-10 21:34:35,407 - VehicleCounter - INFO - [Track] ID=31 | motorbike | Pos=(263, 580)
2026-05-10 21:34:35,407 - VehicleCounter - INFO - [Track] ID=32 | motorbike | Pos=(572, 599)
2026-05-10 21:34:35,407 - VehicleCounter - INFO - [Track] ID=33 | motorbike | Pos=(477, 605)
2026-05-10 21:34:35,809 - VehicleCounter - INFO - [Track] ID=3 | motorbike | Pos=(563, 405)
2026-05-10 21:34:35,809 - VehicleCounter - INFO - [Track] ID=23 | motorbike | Pos=(57, 224)
2026-05-10 21:34:35,809 - VehicleCounter - INFO - [Track] ID=1 | car | Pos=(41, 136)
2026-05-10 21:34:35,809 - VehicleCounter - INFO - [Track] ID=26 | motorbike | Pos=(355, 440)
2026-05-10 21:34:35,810 - VehicleCounter - INFO - [Track] ID=27 | motorbike | Pos=(65, 465)
2026-05-10 21:34:35,810 - VehicleCounter - INFO - [Track] ID=28 | motorbike | Pos=(414, 536)
2026-05-10 21:34:35,811 - VehicleCounter - INFO - [Track] ID=29 | motorbike | Pos=(336, 559)
2026-05-10 21:34:35,811 - VehicleCounter - INFO - [Track] ID=30 | motorbike | Pos=(84, 562)
2026-05-10 21:34:35,811 - VehicleCounter - INFO - [Track] ID=31 | motorbike | Pos=(257, 569)
2026-05-10 21:34:35,811 - VehicleCounter - INFO - [Track] ID=32 | motorbike | Pos=(547, 588)
2026-05-10 21:34:35,811 - VehicleCounter - INFO - [Track] ID=33 | motorbike | Pos=(447, 592)
2026-05-10 21:34:35,811 - VehicleCounter - INFO - [Track] ID=35 | motorbike | Pos=(677, 600)
2026-05-10 21:34:36,227 - VehicleCounter - INFO - [Track] ID=3 | motorbike | Pos=(563, 405)
2026-05-10 21:34:36,227 - VehicleCounter - INFO - [Track] ID=23 | motorbike | Pos=(57, 223)
2026-05-10 21:34:36,227 - VehicleCounter - INFO - [Track] ID=1 | car | Pos=(46, 136)
2026-05-10 21:34:36,227 - VehicleCounter - INFO - [Track] ID=26 | motorbike | Pos=(353, 435)
2026-05-10 21:34:36,227 - VehicleCounter - INFO - [Track] ID=27 | motorbike | Pos=(64, 456)
2026-05-10 21:34:36,227 - VehicleCounter - INFO - [Track] ID=28 | motorbike | Pos=(406, 529)
2026-05-10 21:34:36,227 - VehicleCounter - INFO - [Track] ID=29 | motorbike | Pos=(332, 557)
2026-05-10 21:34:36,227 - VehicleCounter - INFO - [Track] ID=30 | motorbike | Pos=(79, 559)
2026-05-10 21:34:36,227 - VehicleCounter - INFO - [Track] ID=31 | motorbike | Pos=(252, 564)
2026-05-10 21:34:36,227 - VehicleCounter - INFO - [Track] ID=32 | motorbike | Pos=(535, 583)
2026-05-10 21:34:36,227 - VehicleCounter - INFO - [Track] ID=33 | motorbike | Pos=(432, 585)
2026-05-10 21:34:36,229 - VehicleCounter - INFO - [Track] ID=35 | motorbike | Pos=(666, 595)
2026-05-10 21:34:36,637 - VehicleCounter - INFO - [Track] ID=3 | motorbike | Pos=(564, 405)
2026-05-10 21:34:36,637 - VehicleCounter - INFO - [Track] ID=23 | motorbike | Pos=(57, 221)
2026-05-10 21:34:36,637 - VehicleCounter - INFO - [Track] ID=1 | car | Pos=(45, 137)
2026-05-10 21:34:36,637 - VehicleCounter - INFO - [Track] ID=26 | motorbike | Pos=(351, 430)
2026-05-10 21:34:36,637 - VehicleCounter - INFO - [Track] ID=27 | motorbike | Pos=(62, 446)
2026-05-10 21:34:36,637 - VehicleCounter - INFO - [Track] ID=28 | motorbike | Pos=(400, 515)
2026-05-10 21:34:36,637 - VehicleCounter - INFO - [Track] ID=29 | motorbike | Pos=(330, 552)
2026-05-10 21:34:36,637 - VehicleCounter - INFO - [Track] ID=30 | motorbike | Pos=(76, 553)
2026-05-10 21:34:36,638 - VehicleCounter - INFO - [Track] ID=31 | motorbike | Pos=(248, 559)
2026-05-10 21:34:36,638 - VehicleCounter - INFO - [Track] ID=32 | motorbike | Pos=(526, 576)
2026-05-10 21:34:36,638 - VehicleCounter - INFO - [Track] ID=33 | motorbike | Pos=(421, 579)
2026-05-10 21:34:36,638 - VehicleCounter - INFO - [Track] ID=35 | motorbike | Pos=(662, 589)
2026-05-10 21:34:36,876 - VehicleCounter - INFO - [Track] ID=3 | motorbike | Pos=(564, 405)
2026-05-10 21:34:36,876 - VehicleCounter - INFO - [Track] ID=23 | motorbike | Pos=(57, 219)
2026-05-10 21:34:36,877 - VehicleCounter - INFO - [Track] ID=1 | car | Pos=(50, 137)
2026-05-10 21:34:36,877 - VehicleCounter - INFO - [Track] ID=26 | motorbike | Pos=(347, 423)
2026-05-10 21:34:36,877 - VehicleCounter - INFO - [Track] ID=27 | motorbike | Pos=(60, 435)
2026-05-10 21:34:36,877 - VehicleCounter - INFO - [Track] ID=28 | motorbike | Pos=(391, 502)
2026-05-10 21:34:36,877 - VehicleCounter - INFO - [Track] ID=29 | motorbike | Pos=(324, 548)
2026-05-10 21:34:36,879 - VehicleCounter - INFO - [Track] ID=30 | motorbike | Pos=(71, 546)
2026-05-10 21:34:36,879 - VehicleCounter - INFO - [Track] ID=31 | motorbike | Pos=(241, 553)
2026-05-10 21:34:36,879 - VehicleCounter - INFO - [Track] ID=32 | motorbike | Pos=(515, 572)
2026-05-10 21:34:36,879 - VehicleCounter - INFO - [Track] ID=33 | motorbike | Pos=(407, 570)
2026-05-10 21:34:36,879 - VehicleCounter - INFO - [Track] ID=35 | motorbike | Pos=(659, 581)
2026-05-10 21:34:37,305 - VehicleCounter - INFO - [Track] ID=3 | motorbike | Pos=(563, 406)
2026-05-10 21:34:37,305 - VehicleCounter - INFO - [Track] ID=23 | motorbike | Pos=(56, 217)
2026-05-10 21:34:37,305 - VehicleCounter - INFO - [Track] ID=1 | car | Pos=(50, 137)
2026-05-10 21:34:37,305 - VehicleCounter - INFO - [Track] ID=26 | motorbike | Pos=(348, 421)
2026-05-10 21:34:37,305 - VehicleCounter - INFO - [Track] ID=27 | motorbike | Pos=(59, 428)
2026-05-10 21:34:37,306 - VehicleCounter - INFO - [Track] ID=28 | motorbike | Pos=(386, 498)
2026-05-10 21:34:37,306 - VehicleCounter - INFO - [Track] ID=29 | motorbike | Pos=(320, 546)
2026-05-10 21:34:37,306 - VehicleCounter - INFO - [Track] ID=30 | motorbike | Pos=(69, 543)
2026-05-10 21:34:37,306 - VehicleCounter - INFO - [Track] ID=31 | motorbike | Pos=(238, 549)
2026-05-10 21:34:37,306 - VehicleCounter - INFO - [Track] ID=32 | motorbike | Pos=(509, 568)
2026-05-10 21:34:37,306 - VehicleCounter - INFO - [Track] ID=33 | motorbike | Pos=(400, 568)
2026-05-10 21:34:37,307 - VehicleCounter - INFO - [Track] ID=35 | motorbike | Pos=(658, 577)
2026-05-10 21:34:37,307 - VehicleCounter - INFO - [Track] ID=36 | motorbike | Pos=(335, 397)
2026-05-10 21:34:37,710 - VehicleCounter - INFO - [Track] ID=3 | motorbike | Pos=(563, 404)
2026-05-10 21:34:37,710 - VehicleCounter - INFO - [Track] ID=23 | motorbike | Pos=(56, 215)
2026-05-10 21:34:37,710 - VehicleCounter - INFO - [Track] ID=1 | car | Pos=(51, 131)
2026-05-10 21:34:37,710 - VehicleCounter - INFO - [Track] ID=27 | motorbike | Pos=(56, 414)
2026-05-10 21:34:37,710 - VehicleCounter - INFO - [Track] ID=29 | motorbike | Pos=(313, 541)
2026-05-10 21:34:37,710 - VehicleCounter - INFO - [Track] ID=30 | motorbike | Pos=(64, 534)
2026-05-10 21:34:37,710 - VehicleCounter - INFO - [Track] ID=31 | motorbike | Pos=(230, 542)
2026-05-10 21:34:37,712 - VehicleCounter - INFO - [Track] ID=32 | motorbike | Pos=(494, 563)
2026-05-10 21:34:37,712 - VehicleCounter - INFO - [Track] ID=33 | motorbike | Pos=(388, 559)
2026-05-10 21:34:37,712 - VehicleCounter - INFO - [Track] ID=35 | motorbike | Pos=(653, 569)
2026-05-10 21:34:37,712 - VehicleCounter - INFO - [Track] ID=36 | motorbike | Pos=(323, 375)
2026-05-10 21:34:38,118 - VehicleCounter - INFO - [Track] ID=3 | motorbike | Pos=(563, 405)
2026-05-10 21:34:38,119 - VehicleCounter - INFO - [Track] ID=23 | motorbike | Pos=(56, 214)
2026-05-10 21:34:38,119 - VehicleCounter - INFO - [Track] ID=1 | car | Pos=(50, 132)
2026-05-10 21:34:38,119 - VehicleCounter - INFO - [Track] ID=27 | motorbike | Pos=(55, 409)
2026-05-10 21:34:38,119 - VehicleCounter - INFO - [Track] ID=29 | motorbike | Pos=(308, 539)
2026-05-10 21:34:38,120 - VehicleCounter - INFO - [Track] ID=30 | motorbike | Pos=(61, 528)
2026-05-10 21:34:38,120 - VehicleCounter - INFO - [Track] ID=31 | motorbike | Pos=(224, 537)
2026-05-10 21:34:38,120 - VehicleCounter - INFO - [Track] ID=32 | motorbike | Pos=(486, 559)
2026-05-10 21:34:38,120 - VehicleCounter - INFO - [Track] ID=33 | motorbike | Pos=(382, 553)
2026-05-10 21:34:38,120 - VehicleCounter - INFO - [Track] ID=35 | motorbike | Pos=(651, 565)
2026-05-10 21:34:38,121 - VehicleCounter - INFO - [Track] ID=36 | motorbike | Pos=(319, 371)
2026-05-10 21:34:38,377 - VehicleCounter - INFO - [Track] ID=3 | motorbike | Pos=(563, 405)
2026-05-10 21:34:38,379 - VehicleCounter - INFO - [Track] ID=23 | motorbike | Pos=(56, 212)
2026-05-10 21:34:38,379 - VehicleCounter - INFO - [Track] ID=1 | car | Pos=(49, 131)
2026-05-10 21:34:38,379 - VehicleCounter - INFO - [Track] ID=27 | motorbike | Pos=(53, 404)
2026-05-10 21:34:38,379 - VehicleCounter - INFO - [Track] ID=29 | motorbike | Pos=(302, 540)
2026-05-10 21:34:38,379 - VehicleCounter - INFO - [Track] ID=30 | motorbike | Pos=(60, 520)
2026-05-10 21:34:38,379 - VehicleCounter - INFO - [Track] ID=31 | motorbike | Pos=(219, 532)
2026-05-10 21:34:38,379 - VehicleCounter - INFO - [Track] ID=32 | motorbike | Pos=(479, 555)
2026-05-10 21:34:38,380 - VehicleCounter - INFO - [Track] ID=33 | motorbike | Pos=(378, 549)
2026-05-10 21:34:38,380 - VehicleCounter - INFO - [Track] ID=35 | motorbike | Pos=(647, 561)
2026-05-10 21:34:38,380 - VehicleCounter - INFO - [Track] ID=36 | motorbike | Pos=(316, 366)
2026-05-10 21:34:38,780 - VehicleCounter - INFO - [Track] ID=3 | motorbike | Pos=(563, 406)
2026-05-10 21:34:38,780 - VehicleCounter - INFO - [Track] ID=23 | motorbike | Pos=(55, 210)
2026-05-10 21:34:38,781 - VehicleCounter - INFO - [Track] ID=1 | car | Pos=(46, 133)
2026-05-10 21:34:38,781 - VehicleCounter - INFO - [Track] ID=27 | motorbike | Pos=(46, 395)
2026-05-10 21:34:38,781 - VehicleCounter - INFO - [Track] ID=29 | motorbike | Pos=(288, 552)
2026-05-10 21:34:38,781 - VehicleCounter - INFO - [Track] ID=30 | motorbike | Pos=(57, 509)
2026-05-10 21:34:38,781 - VehicleCounter - INFO - [Track] ID=31 | motorbike | Pos=(210, 525)
2026-05-10 21:34:38,781 - VehicleCounter - INFO - [Track] ID=32 | motorbike | Pos=(468, 549)
2026-05-10 21:34:38,782 - VehicleCounter - INFO - [Track] ID=33 | motorbike | Pos=(373, 543)
2026-05-10 21:34:38,782 - VehicleCounter - INFO - [Track] ID=35 | motorbike | Pos=(637, 555)
2026-05-10 21:34:38,782 - VehicleCounter - INFO - [Track] ID=36 | motorbike | Pos=(311, 356)
2026-05-10 21:34:38,782 - VehicleCounter - INFO - [Track] ID=37 | motorbike | Pos=(160, 603)
2026-05-10 21:34:39,184 - VehicleCounter - INFO - [Track] ID=3 | motorbike | Pos=(563, 406)
2026-05-10 21:34:39,184 - VehicleCounter - INFO - [Track] ID=23 | motorbike | Pos=(55, 209)
2026-05-10 21:34:39,185 - VehicleCounter - INFO - [Track] ID=1 | car | Pos=(47, 133)
2026-05-10 21:34:39,185 - VehicleCounter - INFO - [Track] ID=27 | motorbike | Pos=(48, 392)
2026-05-10 21:34:39,185 - VehicleCounter - INFO - [Track] ID=29 | motorbike | Pos=(277, 551)
2026-05-10 21:34:39,185 - VehicleCounter - INFO - [Track] ID=30 | motorbike | Pos=(55, 500)
2026-05-10 21:34:39,185 - VehicleCounter - INFO - [Track] ID=31 | motorbike | Pos=(205, 518)
2026-05-10 21:34:39,185 - VehicleCounter - INFO - [Track] ID=32 | motorbike | Pos=(461, 546)
2026-05-10 21:34:39,186 - VehicleCounter - INFO - [Track] ID=33 | motorbike | Pos=(371, 538)
2026-05-10 21:34:39,186 - VehicleCounter - INFO - [Track] ID=35 | motorbike | Pos=(630, 552)
2026-05-10 21:34:39,186 - VehicleCounter - INFO - [Track] ID=36 | motorbike | Pos=(309, 351)
2026-05-10 21:34:39,186 - VehicleCounter - INFO - [Track] ID=37 | motorbike | Pos=(150, 600)
2026-05-10 21:34:39,425 - VehicleCounter - INFO - [Track] ID=3 | motorbike | Pos=(563, 406)
2026-05-10 21:34:39,425 - VehicleCounter - INFO - [Track] ID=23 | motorbike | Pos=(55, 208)
2026-05-10 21:34:39,425 - VehicleCounter - INFO - [Track] ID=1 | car | Pos=(48, 134)
2026-05-10 21:34:39,425 - VehicleCounter - INFO - [Track] ID=27 | motorbike | Pos=(47, 384)
2026-05-10 21:34:39,425 - VehicleCounter - INFO - [Track] ID=29 | motorbike | Pos=(270, 545)
2026-05-10 21:34:39,425 - VehicleCounter - INFO - [Track] ID=30 | motorbike | Pos=(52, 490)
2026-05-10 21:34:39,425 - VehicleCounter - INFO - [Track] ID=31 | motorbike | Pos=(199, 507)
2026-05-10 21:34:39,426 - VehicleCounter - INFO - [Track] ID=32 | motorbike | Pos=(453, 543)
2026-05-10 21:34:39,426 - VehicleCounter - INFO - [Track] ID=33 | motorbike | Pos=(369, 534)
2026-05-10 21:34:39,426 - VehicleCounter - INFO - [Track] ID=35 | motorbike | Pos=(616, 545)
2026-05-10 21:34:39,426 - VehicleCounter - INFO - [Track] ID=36 | motorbike | Pos=(305, 345)
2026-05-10 21:34:39,440 - VehicleCounter - INFO - [Track] ID=37 | motorbike | Pos=(139, 591)
2026-05-10 21:34:39,440 - VehicleCounter - INFO - [Track] ID=38 | motorbike | Pos=(306, 569)
2026-05-10 21:34:39,831 - VehicleCounter - INFO - [Track] ID=3 | motorbike | Pos=(563, 406)
2026-05-10 21:34:39,832 - VehicleCounter - INFO - [Track] ID=23 | motorbike | Pos=(54, 206)
2026-05-10 21:34:39,832 - VehicleCounter - INFO - [Track] ID=1 | car | Pos=(42, 134)
2026-05-10 21:34:39,832 - VehicleCounter - INFO - [Track] ID=27 | motorbike | Pos=(48, 379)
2026-05-10 21:34:39,832 - VehicleCounter - INFO - [Track] ID=29 | motorbike | Pos=(263, 537)
2026-05-10 21:34:39,832 - VehicleCounter - INFO - [Track] ID=30 | motorbike | Pos=(50, 480)
2026-05-10 21:34:39,832 - VehicleCounter - INFO - [Track] ID=31 | motorbike | Pos=(192, 495)
2026-05-10 21:34:39,834 - VehicleCounter - INFO - [Track] ID=32 | motorbike | Pos=(446, 535)
2026-05-10 21:34:39,834 - VehicleCounter - INFO - [Track] ID=33 | motorbike | Pos=(369, 526)
2026-05-10 21:34:39,834 - VehicleCounter - INFO - [Track] ID=35 | motorbike | Pos=(600, 538)
2026-05-10 21:34:39,834 - VehicleCounter - INFO - [Track] ID=36 | motorbike | Pos=(301, 338)
2026-05-10 21:34:39,834 - VehicleCounter - INFO - [Track] ID=37 | motorbike | Pos=(130, 585)
2026-05-10 21:34:39,834 - VehicleCounter - INFO - [Track] ID=38 | motorbike | Pos=(301, 565)
2026-05-10 21:34:40,235 - VehicleCounter - INFO - [Track] ID=3 | motorbike | Pos=(563, 404)
2026-05-10 21:34:40,235 - VehicleCounter - INFO - [Track] ID=23 | motorbike | Pos=(53, 204)
2026-05-10 21:34:40,236 - VehicleCounter - INFO - [Track] ID=1 | car | Pos=(40, 136)
2026-05-10 21:34:40,236 - VehicleCounter - INFO - [Track] ID=27 | motorbike | Pos=(46, 371)
2026-05-10 21:34:40,237 - VehicleCounter - INFO - [Track] ID=29 | motorbike | Pos=(256, 529)
2026-05-10 21:34:40,237 - VehicleCounter - INFO - [Track] ID=30 | motorbike | Pos=(47, 469)
2026-05-10 21:34:40,237 - VehicleCounter - INFO - [Track] ID=31 | motorbike | Pos=(187, 482)
2026-05-10 21:34:40,237 - VehicleCounter - INFO - [Track] ID=32 | motorbike | Pos=(437, 524)
2026-05-10 21:34:40,237 - VehicleCounter - INFO - [Track] ID=33 | motorbike | Pos=(369, 514)
2026-05-10 21:34:40,237 - VehicleCounter - INFO - [Track] ID=35 | motorbike | Pos=(580, 524)
2026-05-10 21:34:40,237 - VehicleCounter - INFO - [Track] ID=36 | motorbike | Pos=(296, 329)
2026-05-10 21:34:40,238 - VehicleCounter - INFO - [Track] ID=37 | motorbike | Pos=(119, 576)
2026-05-10 21:34:40,238 - VehicleCounter - INFO - [Track] ID=38 | motorbike | Pos=(296, 562)
2026-05-10 21:34:40,238 - VehicleCounter - INFO - [Track] ID=28 | motorbike | Pos=(335, 432)
2026-05-10 21:34:40,807 - VehicleCounter - INFO - [Track] ID=3 | motorbike | Pos=(563, 405)
2026-05-10 21:34:40,807 - VehicleCounter - INFO - [Track] ID=23 | motorbike | Pos=(52, 202)
2026-05-10 21:34:40,807 - VehicleCounter - INFO - [Track] ID=1 | car | Pos=(45, 136)
2026-05-10 21:34:40,808 - VehicleCounter - INFO - [Track] ID=27 | motorbike | Pos=(44, 364)
2026-05-10 21:34:40,808 - VehicleCounter - INFO - [Track] ID=29 | motorbike | Pos=(251, 518)
2026-05-10 21:34:40,808 - VehicleCounter - INFO - [Track] ID=30 | motorbike | Pos=(43, 462)
2026-05-10 21:34:40,808 - VehicleCounter - INFO - [Track] ID=31 | motorbike | Pos=(183, 473)
2026-05-10 21:34:40,809 - VehicleCounter - INFO - [Track] ID=32 | motorbike | Pos=(431, 507)
2026-05-10 21:34:40,809 - VehicleCounter - INFO - [Track] ID=33 | motorbike | Pos=(370, 503)
2026-05-10 21:34:40,809 - VehicleCounter - INFO - [Track] ID=35 | motorbike | Pos=(562, 512)
2026-05-10 21:34:40,809 - VehicleCounter - INFO - [Track] ID=36 | motorbike | Pos=(293, 323)
2026-05-10 21:34:40,809 - VehicleCounter - INFO - [Track] ID=37 | motorbike | Pos=(114, 568)
2026-05-10 21:34:40,809 - VehicleCounter - INFO - [Track] ID=38 | motorbike | Pos=(292, 562)
2026-05-10 21:34:40,810 - VehicleCounter - INFO - [Track] ID=39 | motorbike | Pos=(453, 588)
2026-05-10 21:34:41,201 - VehicleCounter - INFO - [Track] ID=3 | motorbike | Pos=(566, 403)
2026-05-10 21:34:41,201 - VehicleCounter - INFO - [Track] ID=23 | motorbike | Pos=(52, 202)
2026-05-10 21:34:41,201 - VehicleCounter - INFO - [Track] ID=1 | car | Pos=(47, 136)
2026-05-10 21:34:41,201 - VehicleCounter - INFO - [Track] ID=27 | motorbike | Pos=(45, 361)
2026-05-10 21:34:41,201 - VehicleCounter - INFO - [Track] ID=29 | motorbike | Pos=(247, 508)
2026-05-10 21:34:41,201 - VehicleCounter - INFO - [Track] ID=30 | motorbike | Pos=(41, 455)
2026-05-10 21:34:41,203 - VehicleCounter - INFO - [Track] ID=31 | motorbike | Pos=(180, 464)
2026-05-10 21:34:41,203 - VehicleCounter - INFO - [Track] ID=32 | motorbike | Pos=(427, 496)
2026-05-10 21:34:41,203 - VehicleCounter - INFO - [Track] ID=33 | motorbike | Pos=(370, 494)
2026-05-10 21:34:41,203 - VehicleCounter - INFO - [Track] ID=35 | motorbike | Pos=(548, 503)
2026-05-10 21:34:41,203 - VehicleCounter - INFO - [Track] ID=36 | motorbike | Pos=(290, 319)
2026-05-10 21:34:41,204 - VehicleCounter - INFO - [Track] ID=37 | motorbike | Pos=(110, 563)
2026-05-10 21:34:41,204 - VehicleCounter - INFO - [Track] ID=38 | motorbike | Pos=(293, 556)
2026-05-10 21:34:41,204 - VehicleCounter - INFO - [Track] ID=39 | motorbike | Pos=(457, 583)
2026-05-10 21:34:41,204 - VehicleCounter - INFO - [Track] ID=40 | motorbike | Pos=(672, 609)
2026-05-10 21:34:41,204 - VehicleCounter - INFO - [Track] ID=41 | motorbike | Pos=(416, 567)
2026-05-10 21:34:41,439 - VehicleCounter - INFO - [Track] ID=3 | motorbike | Pos=(566, 404)
2026-05-10 21:34:41,439 - VehicleCounter - INFO - [Track] ID=23 | motorbike | Pos=(52, 202)
2026-05-10 21:34:41,439 - VehicleCounter - INFO - [Track] ID=1 | car | Pos=(44, 137)
2026-05-10 21:34:41,440 - VehicleCounter - INFO - [Track] ID=27 | motorbike | Pos=(43, 358)
2026-05-10 21:34:41,440 - VehicleCounter - INFO - [Track] ID=29 | motorbike | Pos=(246, 498)
2026-05-10 21:34:41,440 - VehicleCounter - INFO - [Track] ID=30 | motorbike | Pos=(40, 448)
2026-05-10 21:34:41,440 - VehicleCounter - INFO - [Track] ID=31 | motorbike | Pos=(180, 458)
2026-05-10 21:34:41,440 - VehicleCounter - INFO - [Track] ID=32 | motorbike | Pos=(423, 489)
2026-05-10 21:34:41,440 - VehicleCounter - INFO - [Track] ID=33 | motorbike | Pos=(372, 486)
2026-05-10 21:34:41,453 - VehicleCounter - INFO - [Track] ID=35 | motorbike | Pos=(536, 496)
2026-05-10 21:34:41,453 - VehicleCounter - INFO - [Track] ID=36 | motorbike | Pos=(286, 315)
2026-05-10 21:34:41,456 - VehicleCounter - INFO - [Track] ID=37 | motorbike | Pos=(107, 558)
2026-05-10 21:34:41,456 - VehicleCounter - INFO - [Track] ID=38 | motorbike | Pos=(292, 554)
2026-05-10 21:34:41,456 - VehicleCounter - INFO - [Track] ID=39 | motorbike | Pos=(460, 578)
2026-05-10 21:34:41,456 - VehicleCounter - INFO - [Track] ID=40 | motorbike | Pos=(663, 605)
2026-05-10 21:34:41,457 - VehicleCounter - INFO - [Track] ID=41 | motorbike | Pos=(412, 563)
2026-05-10 21:34:41,459 - VehicleCounter - INFO - [Track] ID=28 | motorbike | Pos=(308, 454)
2026-05-10 21:34:41,849 - VehicleCounter - INFO - [Track] ID=3 | motorbike | Pos=(566, 405)
2026-05-10 21:34:41,849 - VehicleCounter - INFO - [Track] ID=23 | motorbike | Pos=(51, 200)
2026-05-10 21:34:41,849 - VehicleCounter - INFO - [Track] ID=1 | car | Pos=(43, 137)
2026-05-10 21:34:41,849 - VehicleCounter - INFO - [Track] ID=27 | motorbike | Pos=(41, 352)
2026-05-10 21:34:41,850 - VehicleCounter - INFO - [Track] ID=29 | motorbike | Pos=(240, 487)
2026-05-10 21:34:41,850 - VehicleCounter - INFO - [Track] ID=30 | motorbike | Pos=(36, 438)
2026-05-10 21:34:41,850 - VehicleCounter - INFO - [Track] ID=31 | motorbike | Pos=(178, 448)
2026-05-10 21:34:41,850 - VehicleCounter - INFO - [Track] ID=32 | motorbike | Pos=(416, 481)
2026-05-10 21:34:41,850 - VehicleCounter - INFO - [Track] ID=33 | motorbike | Pos=(373, 475)
2026-05-10 21:34:41,850 - VehicleCounter - INFO - [Track] ID=35 | motorbike | Pos=(518, 483)
2026-05-10 21:34:41,850 - VehicleCounter - INFO - [Track] ID=36 | motorbike | Pos=(282, 308)
2026-05-10 21:34:41,850 - VehicleCounter - INFO - [Track] ID=37 | motorbike | Pos=(102, 551)
2026-05-10 21:34:41,850 - VehicleCounter - INFO - [Track] ID=39 | motorbike | Pos=(462, 571)
2026-05-10 21:34:41,851 - VehicleCounter - INFO - [Track] ID=40 | motorbike | Pos=(647, 599)
2026-05-10 21:34:41,851 - VehicleCounter - INFO - [Track] ID=41 | motorbike | Pos=(401, 559)
2026-05-10 21:34:41,851 - VehicleCounter - INFO - [Track] ID=28 | motorbike | Pos=(307, 442)
2026-05-10 21:34:41,851 - VehicleCounter - INFO - [Track] ID=38 | motorbike | Pos=(288, 549)
2026-05-10 21:34:42,260 - VehicleCounter - INFO - [Track] ID=3 | motorbike | Pos=(565, 405)
2026-05-10 21:34:42,260 - VehicleCounter - INFO - [Track] ID=23 | motorbike | Pos=(51, 198)
2026-05-10 21:34:42,260 - VehicleCounter - INFO - [Track] ID=27 | motorbike | Pos=(39, 345)
2026-05-10 21:34:42,260 - VehicleCounter - INFO - [Track] ID=29 | motorbike | Pos=(237, 478)
2026-05-10 21:34:42,262 - VehicleCounter - INFO - [Track] ID=30 | motorbike | Pos=(34, 432)
2026-05-10 21:34:42,262 - VehicleCounter - INFO - [Track] ID=31 | motorbike | Pos=(177, 440)
2026-05-10 21:34:42,262 - VehicleCounter - INFO - [Track] ID=32 | motorbike | Pos=(411, 478)
2026-05-10 21:34:42,262 - VehicleCounter - INFO - [Track] ID=33 | motorbike | Pos=(373, 469)
2026-05-10 21:34:42,262 - VehicleCounter - INFO - [Track] ID=35 | motorbike | Pos=(509, 476)
2026-05-10 21:34:42,262 - VehicleCounter - INFO - [Track] ID=36 | motorbike | Pos=(278, 303)
2026-05-10 21:34:42,263 - VehicleCounter - INFO - [Track] ID=37 | motorbike | Pos=(99, 547)
2026-05-10 21:34:42,263 - VehicleCounter - INFO - [Track] ID=39 | motorbike | Pos=(463, 567)
2026-05-10 21:34:42,263 - VehicleCounter - INFO - [Track] ID=40 | motorbike | Pos=(639, 596)
2026-05-10 21:34:42,263 - VehicleCounter - INFO - [Track] ID=41 | motorbike | Pos=(395, 555)
2026-05-10 21:34:42,263 - VehicleCounter - INFO - [Track] ID=38 | motorbike | Pos=(286, 543)
2026-05-10 21:34:42,263 - VehicleCounter - INFO - [Track] ID=1 | car | Pos=(46, 136)
2026-05-10 21:34:42,263 - VehicleCounter - INFO - [Track] ID=28 | motorbike | Pos=(308, 431)
2026-05-10 21:34:42,669 - VehicleCounter - INFO - [Track] ID=3 | motorbike | Pos=(564, 405)
2026-05-10 21:34:42,669 - VehicleCounter - INFO - [Track] ID=23 | motorbike | Pos=(51, 197)
2026-05-10 21:34:42,669 - VehicleCounter - INFO - [Track] ID=27 | motorbike | Pos=(37, 341)
2026-05-10 21:34:42,670 - VehicleCounter - INFO - [Track] ID=29 | motorbike | Pos=(235, 470)
2026-05-10 21:34:42,670 - VehicleCounter - INFO - [Track] ID=30 | motorbike | Pos=(30, 423)
2026-05-10 21:34:42,670 - VehicleCounter - INFO - [Track] ID=31 | motorbike | Pos=(176, 431)
2026-05-10 21:34:42,670 - VehicleCounter - INFO - [Track] ID=32 | motorbike | Pos=(406, 472)
2026-05-10 21:34:42,670 - VehicleCounter - INFO - [Track] ID=33 | motorbike | Pos=(372, 452)
2026-05-10 21:34:42,670 - VehicleCounter - INFO - [Track] ID=35 | motorbike | Pos=(496, 462)
2026-05-10 21:34:42,670 - VehicleCounter - INFO - [Track] ID=36 | motorbike | Pos=(274, 296)
2026-05-10 21:34:42,670 - VehicleCounter - INFO - [Track] ID=37 | motorbike | Pos=(97, 541)
2026-05-10 21:34:42,670 - VehicleCounter - INFO - [Track] ID=39 | motorbike | Pos=(471, 562)
2026-05-10 21:34:42,671 - VehicleCounter - INFO - [Track] ID=40 | motorbike | Pos=(628, 591)
2026-05-10 21:34:42,671 - VehicleCounter - INFO - [Track] ID=41 | motorbike | Pos=(384, 551)
2026-05-10 21:34:42,671 - VehicleCounter - INFO - [Track] ID=38 | motorbike | Pos=(284, 538)
2026-05-10 21:34:42,671 - VehicleCounter - INFO - [Track] ID=1 | car | Pos=(49, 135)
2026-05-10 21:34:42,671 - VehicleCounter - INFO - [Track] ID=28 | motorbike | Pos=(305, 422)
2026-05-10 21:34:42,672 - VehicleCounter - INFO - [Track] ID=42 | motorbike | Pos=(222, 578)
2026-05-10 21:34:42,910 - VehicleCounter - INFO - [Track] ID=3 | motorbike | Pos=(564, 405)
2026-05-10 21:34:42,910 - VehicleCounter - INFO - [Track] ID=23 | motorbike | Pos=(50, 197)
2026-05-10 21:34:42,910 - VehicleCounter - INFO - [Track] ID=27 | motorbike | Pos=(36, 339)
2026-05-10 21:34:42,910 - VehicleCounter - INFO - [Track] ID=29 | motorbike | Pos=(232, 463)
2026-05-10 21:34:42,910 - VehicleCounter - INFO - [Track] ID=30 | motorbike | Pos=(28, 419)
2026-05-10 21:34:42,910 - VehicleCounter - INFO - [Track] ID=31 | motorbike | Pos=(176, 425)
2026-05-10 21:34:42,912 - VehicleCounter - INFO - [Track] ID=32 | motorbike | Pos=(401, 469)
2026-05-10 21:34:42,912 - VehicleCounter - INFO - [Track] ID=33 | motorbike | Pos=(373, 442)
2026-05-10 21:34:42,912 - VehicleCounter - INFO - [Track] ID=35 | motorbike | Pos=(487, 450)
2026-05-10 21:34:42,912 - VehicleCounter - INFO - [Track] ID=36 | motorbike | Pos=(271, 293)
2026-05-10 21:34:42,912 - VehicleCounter - INFO - [Track] ID=37 | motorbike | Pos=(95, 536)
2026-05-10 21:34:42,913 - VehicleCounter - INFO - [Track] ID=39 | motorbike | Pos=(475, 558)
2026-05-10 21:34:42,913 - VehicleCounter - INFO - [Track] ID=40 | motorbike | Pos=(620, 588)
2026-05-10 21:34:42,913 - VehicleCounter - INFO - [Track] ID=41 | motorbike | Pos=(374, 547)
2026-05-10 21:34:42,913 - VehicleCounter - INFO - [Track] ID=38 | motorbike | Pos=(283, 536)
2026-05-10 21:34:42,913 - VehicleCounter - INFO - [Track] ID=1 | car | Pos=(46, 137)
2026-05-10 21:34:42,913 - VehicleCounter - INFO - [Track] ID=28 | motorbike | Pos=(303, 416)
2026-05-10 21:34:42,913 - VehicleCounter - INFO - [Track] ID=42 | motorbike | Pos=(214, 572)
2026-05-10 21:34:42,913 - VehicleCounter - INFO - [Track] ID=43 | motorbike | Pos=(423, 584)
2026-05-10 21:34:43,323 - VehicleCounter - INFO - [Track] ID=3 | motorbike | Pos=(564, 405)
2026-05-10 21:34:43,324 - VehicleCounter - INFO - [Track] ID=23 | motorbike | Pos=(49, 197)
2026-05-10 21:34:43,324 - VehicleCounter - INFO - [Track] ID=27 | motorbike | Pos=(33, 337)
2026-05-10 21:34:43,324 - VehicleCounter - INFO - [Track] ID=29 | motorbike | Pos=(230, 456)
2026-05-10 21:34:43,324 - VehicleCounter - INFO - [Track] ID=30 | motorbike | Pos=(24, 412)
2026-05-10 21:34:43,325 - VehicleCounter - INFO - [Track] ID=31 | motorbike | Pos=(173, 420)
2026-05-10 21:34:43,325 - VehicleCounter - INFO - [Track] ID=32 | motorbike | Pos=(395, 462)
2026-05-10 21:34:43,325 - VehicleCounter - INFO - [Track] ID=35 | motorbike | Pos=(477, 437)
2026-05-10 21:34:43,325 - VehicleCounter - INFO - [Track] ID=36 | motorbike | Pos=(267, 287)
2026-05-10 21:34:43,325 - VehicleCounter - INFO - [Track] ID=37 | motorbike | Pos=(94, 529)
2026-05-10 21:34:43,325 - VehicleCounter - INFO - [Track] ID=39 | motorbike | Pos=(479, 551)
2026-05-10 21:34:43,325 - VehicleCounter - INFO - [Track] ID=40 | motorbike | Pos=(612, 583)
2026-05-10 21:34:43,326 - VehicleCounter - INFO - [Track] ID=41 | motorbike | Pos=(367, 544)
2026-05-10 21:34:43,326 - VehicleCounter - INFO - [Track] ID=38 | motorbike | Pos=(280, 530)
2026-05-10 21:34:43,326 - VehicleCounter - INFO - [Track] ID=1 | car | Pos=(48, 137)
2026-05-10 21:34:43,326 - VehicleCounter - INFO - [Track] ID=28 | motorbike | Pos=(299, 409)
2026-05-10 21:34:43,326 - VehicleCounter - INFO - [Track] ID=42 | motorbike | Pos=(207, 570)
2026-05-10 21:34:43,326 - VehicleCounter - INFO - [Track] ID=43 | motorbike | Pos=(414, 578)
2026-05-10 21:34:43,731 - VehicleCounter - INFO - [Track] ID=3 | motorbike | Pos=(563, 405)
2026-05-10 21:34:43,731 - VehicleCounter - INFO - [Track] ID=23 | motorbike | Pos=(48, 197)
2026-05-10 21:34:43,731 - VehicleCounter - INFO - [Track] ID=27 | motorbike | Pos=(30, 332)
2026-05-10 21:34:43,732 - VehicleCounter - INFO - [Track] ID=29 | motorbike | Pos=(226, 450)
2026-05-10 21:34:43,732 - VehicleCounter - INFO - [Track] ID=30 | motorbike | Pos=(22, 407)
2026-05-10 21:34:43,732 - VehicleCounter - INFO - [Track] ID=31 | motorbike | Pos=(172, 412)
2026-05-10 21:34:43,732 - VehicleCounter - INFO - [Track] ID=32 | motorbike | Pos=(386, 452)
2026-05-10 21:34:43,733 - VehicleCounter - INFO - [Track] ID=35 | motorbike | Pos=(466, 426)
2026-05-10 21:34:43,733 - VehicleCounter - INFO - [Track] ID=36 | motorbike | Pos=(262, 281)
2026-05-10 21:34:43,733 - VehicleCounter - INFO - [Track] ID=37 | motorbike | Pos=(94, 518)
2026-05-10 21:34:43,733 - VehicleCounter - INFO - [Track] ID=39 | motorbike | Pos=(477, 547)
2026-05-10 21:34:43,733 - VehicleCounter - INFO - [Track] ID=40 | motorbike | Pos=(602, 578)
2026-05-10 21:34:43,734 - VehicleCounter - INFO - [Track] ID=41 | motorbike | Pos=(356, 539)
2026-05-10 21:34:43,734 - VehicleCounter - INFO - [Track] ID=38 | motorbike | Pos=(279, 520)
2026-05-10 21:34:43,734 - VehicleCounter - INFO - [Track] ID=1 | car | Pos=(43, 136)
2026-05-10 21:34:43,734 - VehicleCounter - INFO - [Track] ID=28 | motorbike | Pos=(294, 403)
2026-05-10 21:34:43,734 - VehicleCounter - INFO - [Track] ID=42 | motorbike | Pos=(200, 561)
2026-05-10 21:34:43,734 - VehicleCounter - INFO - [Track] ID=43 | motorbike | Pos=(405, 573)
2026-05-10 21:34:43,974 - VehicleCounter - INFO - [Track] ID=3 | motorbike | Pos=(563, 404)
2026-05-10 21:34:43,974 - VehicleCounter - INFO - [Track] ID=23 | motorbike | Pos=(48, 196)
2026-05-10 21:34:43,974 - VehicleCounter - INFO - [Track] ID=27 | motorbike | Pos=(29, 333)
2026-05-10 21:34:43,974 - VehicleCounter - INFO - [Track] ID=29 | motorbike | Pos=(223, 445)
2026-05-10 21:34:43,974 - VehicleCounter - INFO - [Track] ID=30 | motorbike | Pos=(21, 401)
2026-05-10 21:34:43,975 - VehicleCounter - INFO - [Track] ID=31 | motorbike | Pos=(170, 408)
2026-05-10 21:34:43,975 - VehicleCounter - INFO - [Track] ID=32 | motorbike | Pos=(383, 444)
2026-05-10 21:34:43,975 - VehicleCounter - INFO - [Track] ID=35 | motorbike | Pos=(461, 422)
2026-05-10 21:34:43,975 - VehicleCounter - INFO - [Track] ID=36 | motorbike | Pos=(261, 277)
2026-05-10 21:34:43,975 - VehicleCounter - INFO - [Track] ID=37 | motorbike | Pos=(93, 510)
2026-05-10 21:34:43,975 - VehicleCounter - INFO - [Track] ID=39 | motorbike | Pos=(475, 544)
2026-05-10 21:34:43,976 - VehicleCounter - INFO - [Track] ID=40 | motorbike | Pos=(597, 576)
2026-05-10 21:34:43,976 - VehicleCounter - INFO - [Track] ID=41 | motorbike | Pos=(351, 535)
2026-05-10 21:34:43,989 - VehicleCounter - INFO - [Track] ID=38 | motorbike | Pos=(277, 514)
2026-05-10 21:34:43,989 - VehicleCounter - INFO - [Track] ID=1 | car | Pos=(38, 136)
2026-05-10 21:34:43,991 - VehicleCounter - INFO - [Track] ID=28 | motorbike | Pos=(291, 405)
2026-05-10 21:34:43,992 - VehicleCounter - INFO - [Track] ID=42 | motorbike | Pos=(197, 554)
2026-05-10 21:34:43,992 - VehicleCounter - INFO - [Track] ID=43 | motorbike | Pos=(400, 570)
2026-05-10 21:34:43,993 - VehicleCounter - INFO - [Track] ID=44 | motorbike | Pos=(299, 323)
2026-05-10 21:34:44,389 - VehicleCounter - INFO - [Track] ID=3 | motorbike | Pos=(564, 405)
2026-05-10 21:34:44,389 - VehicleCounter - INFO - [Track] ID=23 | motorbike | Pos=(46, 195)
2026-05-10 21:34:44,389 - VehicleCounter - INFO - [Track] ID=27 | motorbike | Pos=(28, 322)
2026-05-10 21:34:44,389 - VehicleCounter - INFO - [Track] ID=29 | motorbike | Pos=(220, 439)
2026-05-10 21:34:44,391 - VehicleCounter - INFO - [Track] ID=30 | motorbike | Pos=(20, 394)
2026-05-10 21:34:44,391 - VehicleCounter - INFO - [Track] ID=31 | motorbike | Pos=(166, 400)
2026-05-10 21:34:44,391 - VehicleCounter - INFO - [Track] ID=32 | motorbike | Pos=(377, 438)
2026-05-10 21:34:44,391 - VehicleCounter - INFO - [Track] ID=35 | motorbike | Pos=(448, 415)
2026-05-10 21:34:44,391 - VehicleCounter - INFO - [Track] ID=36 | motorbike | Pos=(256, 271)
2026-05-10 21:34:44,391 - VehicleCounter - INFO - [Track] ID=37 | motorbike | Pos=(93, 497)
2026-05-10 21:34:44,392 - VehicleCounter - INFO - [Track] ID=39 | motorbike | Pos=(469, 536)
2026-05-10 21:34:44,392 - VehicleCounter - INFO - [Track] ID=40 | motorbike | Pos=(582, 570)
2026-05-10 21:34:44,392 - VehicleCounter - INFO - [Track] ID=41 | motorbike | Pos=(342, 520)
2026-05-10 21:34:44,392 - VehicleCounter - INFO - [Track] ID=38 | motorbike | Pos=(274, 502)
2026-05-10 21:34:44,392 - VehicleCounter - INFO - [Track] ID=1 | car | Pos=(41, 138)
2026-05-10 21:34:44,392 - VehicleCounter - INFO - [Track] ID=28 | motorbike | Pos=(287, 393)
2026-05-10 21:34:44,392 - VehicleCounter - INFO - [Track] ID=42 | motorbike | Pos=(189, 538)
2026-05-10 21:34:44,392 - VehicleCounter - INFO - [Track] ID=43 | motorbike | Pos=(392, 565)
2026-05-10 21:34:44,392 - VehicleCounter - INFO - [Track] ID=44 | motorbike | Pos=(297, 320)
2026-05-10 21:34:44,392 - VehicleCounter - INFO - [Track] ID=45 | motorbike | Pos=(341, 578)
2026-05-10 21:34:44,805 - VehicleCounter - INFO - [Track] ID=3 | motorbike | Pos=(563, 406)
2026-05-10 21:34:44,805 - VehicleCounter - INFO - [Track] ID=23 | motorbike | Pos=(46, 195)
2026-05-10 21:34:44,805 - VehicleCounter - INFO - [Track] ID=27 | motorbike | Pos=(26, 321)
2026-05-10 21:34:44,806 - VehicleCounter - INFO - [Track] ID=29 | motorbike | Pos=(218, 435)
2026-05-10 21:34:44,806 - VehicleCounter - INFO - [Track] ID=30 | motorbike | Pos=(18, 391)
2026-05-10 21:34:44,806 - VehicleCounter - INFO - [Track] ID=31 | motorbike | Pos=(164, 396)
2026-05-10 21:34:44,806 - VehicleCounter - INFO - [Track] ID=32 | motorbike | Pos=(375, 436)
2026-05-10 21:34:44,806 - VehicleCounter - INFO - [Track] ID=35 | motorbike | Pos=(442, 416)
2026-05-10 21:34:44,806 - VehicleCounter - INFO - [Track] ID=36 | motorbike | Pos=(254, 270)
2026-05-10 21:34:44,806 - VehicleCounter - INFO - [Track] ID=37 | motorbike | Pos=(94, 492)
2026-05-10 21:34:44,806 - VehicleCounter - INFO - [Track] ID=39 | motorbike | Pos=(465, 530)
2026-05-10 21:34:44,806 - VehicleCounter - INFO - [Track] ID=40 | motorbike | Pos=(578, 568)
2026-05-10 21:34:44,806 - VehicleCounter - INFO - [Track] ID=41 | motorbike | Pos=(337, 513)
2026-05-10 21:34:44,806 - VehicleCounter - INFO - [Track] ID=38 | motorbike | Pos=(272, 499)
2026-05-10 21:34:44,806 - VehicleCounter - INFO - [Track] ID=1 | car | Pos=(43, 138)
2026-05-10 21:34:44,807 - VehicleCounter - INFO - [Track] ID=42 | motorbike | Pos=(185, 532)
2026-05-10 21:34:44,807 - VehicleCounter - INFO - [Track] ID=43 | motorbike | Pos=(388, 563)
2026-05-10 21:34:44,807 - VehicleCounter - INFO - [Track] ID=44 | motorbike | Pos=(295, 321)
2026-05-10 21:34:45,209 - VehicleCounter - INFO - [Track] ID=3 | motorbike | Pos=(563, 405)
2026-05-10 21:34:45,210 - VehicleCounter - INFO - [Track] ID=23 | motorbike | Pos=(46, 195)
2026-05-10 21:34:45,210 - VehicleCounter - INFO - [Track] ID=27 | motorbike | Pos=(26, 321)
2026-05-10 21:34:45,210 - VehicleCounter - INFO - [Track] ID=29 | motorbike | Pos=(218, 435)
2026-05-10 21:34:45,210 - VehicleCounter - INFO - [Track] ID=30 | motorbike | Pos=(18, 391)
2026-05-10 21:34:45,210 - VehicleCounter - INFO - [Track] ID=31 | motorbike | Pos=(164, 396)
2026-05-10 21:34:45,211 - VehicleCounter - INFO - [Track] ID=32 | motorbike | Pos=(375, 435)
2026-05-10 21:34:45,211 - VehicleCounter - INFO - [Track] ID=35 | motorbike | Pos=(443, 417)
2026-05-10 21:34:45,211 - VehicleCounter - INFO - [Track] ID=36 | motorbike | Pos=(255, 270)
2026-05-10 21:34:45,211 - VehicleCounter - INFO - [Track] ID=37 | motorbike | Pos=(93, 492)
2026-05-10 21:34:45,211 - VehicleCounter - INFO - [Track] ID=39 | motorbike | Pos=(465, 531)
2026-05-10 21:34:45,211 - VehicleCounter - INFO - [Track] ID=40 | motorbike | Pos=(579, 567)
2026-05-10 21:34:45,211 - VehicleCounter - INFO - [Track] ID=41 | motorbike | Pos=(337, 513)
2026-05-10 21:34:45,212 - VehicleCounter - INFO - [Track] ID=38 | motorbike | Pos=(272, 499)
2026-05-10 21:34:45,212 - VehicleCounter - INFO - [Track] ID=1 | car | Pos=(43, 138)
2026-05-10 21:34:45,212 - VehicleCounter - INFO - [Track] ID=42 | motorbike | Pos=(186, 533)
2026-05-10 21:34:45,212 - VehicleCounter - INFO - [Track] ID=43 | motorbike | Pos=(388, 563)
2026-05-10 21:34:45,212 - VehicleCounter - INFO - [Track] ID=44 | motorbike | Pos=(296, 321)
2026-05-10 21:34:45,461 - VehicleCounter - INFO - [Track] ID=3 | motorbike | Pos=(563, 406)
2026-05-10 21:34:45,462 - VehicleCounter - INFO - [Track] ID=23 | motorbike | Pos=(44, 193)
2026-05-10 21:34:45,462 - VehicleCounter - INFO - [Track] ID=27 | motorbike | Pos=(26, 317)
2026-05-10 21:34:45,462 - VehicleCounter - INFO - [Track] ID=29 | motorbike | Pos=(213, 427)
2026-05-10 21:34:45,462 - VehicleCounter - INFO - [Track] ID=30 | motorbike | Pos=(16, 384)
2026-05-10 21:34:45,462 - VehicleCounter - INFO - [Track] ID=31 | motorbike | Pos=(158, 385)
2026-05-10 21:34:45,462 - VehicleCounter - INFO - [Track] ID=32 | motorbike | Pos=(369, 425)
2026-05-10 21:34:45,462 - VehicleCounter - INFO - [Track] ID=35 | motorbike | Pos=(427, 405)
2026-05-10 21:34:45,462 - VehicleCounter - INFO - [Track] ID=36 | motorbike | Pos=(250, 264)
2026-05-10 21:34:45,464 - VehicleCounter - INFO - [Track] ID=37 | motorbike | Pos=(96, 477)
2026-05-10 21:34:45,464 - VehicleCounter - INFO - [Track] ID=39 | motorbike | Pos=(453, 515)
2026-05-10 21:34:45,464 - VehicleCounter - INFO - [Track] ID=40 | motorbike | Pos=(559, 572)
2026-05-10 21:34:45,464 - VehicleCounter - INFO - [Track] ID=41 | motorbike | Pos=(326, 503)
2026-05-10 21:34:45,464 - VehicleCounter - INFO - [Track] ID=38 | motorbike | Pos=(269, 484)
2026-05-10 21:34:45,464 - VehicleCounter - INFO - [Track] ID=1 | car | Pos=(44, 138)
2026-05-10 21:34:45,464 - VehicleCounter - INFO - [Track] ID=42 | motorbike | Pos=(178, 516)
2026-05-10 21:34:45,465 - VehicleCounter - INFO - [Track] ID=43 | motorbike | Pos=(376, 557)
2026-05-10 21:34:45,465 - VehicleCounter - INFO - [Track] ID=44 | motorbike | Pos=(293, 320)
2026-05-10 21:34:45,869 - VehicleCounter - INFO - [Track] ID=3 | motorbike | Pos=(563, 407)
2026-05-10 21:34:45,870 - VehicleCounter - INFO - [Track] ID=23 | motorbike | Pos=(43, 190)
2026-05-10 21:34:45,870 - VehicleCounter - INFO - [Track] ID=27 | motorbike | Pos=(24, 314)
2026-05-10 21:34:45,870 - VehicleCounter - INFO - [Track] ID=29 | motorbike | Pos=(208, 419)
2026-05-10 21:34:45,871 - VehicleCounter - INFO - [Track] ID=30 | motorbike | Pos=(14, 376)
2026-05-10 21:34:45,871 - VehicleCounter - INFO - [Track] ID=31 | motorbike | Pos=(154, 374)
2026-05-10 21:34:45,871 - VehicleCounter - INFO - [Track] ID=32 | motorbike | Pos=(358, 421)
2026-05-10 21:34:45,871 - VehicleCounter - INFO - [Track] ID=35 | motorbike | Pos=(410, 396)
2026-05-10 21:34:45,872 - VehicleCounter - INFO - [Track] ID=36 | motorbike | Pos=(246, 258)
2026-05-10 21:34:45,872 - VehicleCounter - INFO - [Track] ID=37 | motorbike | Pos=(98, 462)
2026-05-10 21:34:45,872 - VehicleCounter - INFO - [Track] ID=39 | motorbike | Pos=(440, 499)
2026-05-10 21:34:45,872 - VehicleCounter - INFO - [Track] ID=40 | motorbike | Pos=(542, 570)
2026-05-10 21:34:45,872 - VehicleCounter - INFO - [Track] ID=41 | motorbike | Pos=(316, 495)
2026-05-10 21:34:45,872 - VehicleCounter - INFO - [Track] ID=38 | motorbike | Pos=(266, 474)
2026-05-10 21:34:45,872 - VehicleCounter - INFO - [Track] ID=1 | car | Pos=(48, 138)
2026-05-10 21:34:45,873 - VehicleCounter - INFO - [Track] ID=43 | motorbike | Pos=(365, 553)
2026-05-10 21:34:45,873 - VehicleCounter - INFO - [Track] ID=44 | motorbike | Pos=(289, 315)
2026-05-10 21:34:45,873 - VehicleCounter - INFO - [Track] ID=45 | motorbike | Pos=(326, 591)
2026-05-10 21:34:46,285 - VehicleCounter - INFO - [Track] ID=3 | motorbike | Pos=(563, 407)
2026-05-10 21:34:46,285 - VehicleCounter - INFO - [Track] ID=23 | motorbike | Pos=(43, 190)
2026-05-10 21:34:46,285 - VehicleCounter - INFO - [Track] ID=27 | motorbike | Pos=(23, 309)
2026-05-10 21:34:46,285 - VehicleCounter - INFO - [Track] ID=29 | motorbike | Pos=(205, 413)
2026-05-10 21:34:46,286 - VehicleCounter - INFO - [Track] ID=30 | motorbike | Pos=(13, 369)
2026-05-10 21:34:46,286 - VehicleCounter - INFO - [Track] ID=31 | motorbike | Pos=(150, 367)
2026-05-10 21:34:46,287 - VehicleCounter - INFO - [Track] ID=32 | motorbike | Pos=(348, 419)
2026-05-10 21:34:46,287 - VehicleCounter - INFO - [Track] ID=35 | motorbike | Pos=(399, 387)
2026-05-10 21:34:46,287 - VehicleCounter - INFO - [Track] ID=36 | motorbike | Pos=(242, 254)
2026-05-10 21:34:46,287 - VehicleCounter - INFO - [Track] ID=37 | motorbike | Pos=(100, 451)
2026-05-10 21:34:46,287 - VehicleCounter - INFO - [Track] ID=39 | motorbike | Pos=(428, 487)
2026-05-10 21:34:46,287 - VehicleCounter - INFO - [Track] ID=40 | motorbike | Pos=(529, 568)
2026-05-10 21:34:46,288 - VehicleCounter - INFO - [Track] ID=41 | motorbike | Pos=(309, 488)
2026-05-10 21:34:46,288 - VehicleCounter - INFO - [Track] ID=38 | motorbike | Pos=(263, 467)
2026-05-10 21:34:46,288 - VehicleCounter - INFO - [Track] ID=43 | motorbike | Pos=(358, 548)
2026-05-10 21:34:46,288 - VehicleCounter - INFO - [Track] ID=44 | motorbike | Pos=(286, 309)
2026-05-10 21:34:46,288 - VehicleCounter - INFO - [Track] ID=45 | motorbike | Pos=(311, 588)
2026-05-10 21:34:46,288 - VehicleCounter - INFO - [Track] ID=47 | car | Pos=(141, 570)
2026-05-10 21:34:46,288 - VehicleCounter - INFO - [Track] ID=48 | motorbike | Pos=(632, 611)
2026-05-10 21:34:46,527 - VehicleCounter - INFO - [Track] ID=3 | motorbike | Pos=(563, 407)
2026-05-10 21:34:46,527 - VehicleCounter - INFO - [Track] ID=27 | motorbike | Pos=(23, 307)
2026-05-10 21:34:46,527 - VehicleCounter - INFO - [Track] ID=29 | motorbike | Pos=(203, 410)
2026-05-10 21:34:46,527 - VehicleCounter - INFO - [Track] ID=30 | motorbike | Pos=(12, 366)
2026-05-10 21:34:46,527 - VehicleCounter - INFO - [Track] ID=31 | motorbike | Pos=(148, 363)
2026-05-10 21:34:46,527 - VehicleCounter - INFO - [Track] ID=32 | motorbike | Pos=(344, 418)
2026-05-10 21:34:46,527 - VehicleCounter - INFO - [Track] ID=35 | motorbike | Pos=(393, 386)
2026-05-10 21:34:46,527 - VehicleCounter - INFO - [Track] ID=36 | motorbike | Pos=(240, 252)
2026-05-10 21:34:46,542 - VehicleCounter - INFO - [Track] ID=37 | motorbike | Pos=(100, 448)
2026-05-10 21:34:46,543 - VehicleCounter - INFO - [Track] ID=39 | motorbike | Pos=(423, 482)
2026-05-10 21:34:46,544 - VehicleCounter - INFO - [Track] ID=40 | motorbike | Pos=(517, 565)
2026-05-10 21:34:46,544 - VehicleCounter - INFO - [Track] ID=41 | motorbike | Pos=(307, 479)
2026-05-10 21:34:46,547 - VehicleCounter - INFO - [Track] ID=38 | motorbike | Pos=(262, 461)
2026-05-10 21:34:46,547 - VehicleCounter - INFO - [Track] ID=43 | motorbike | Pos=(353, 546)
2026-05-10 21:34:46,547 - VehicleCounter - INFO - [Track] ID=44 | motorbike | Pos=(285, 306)
2026-05-10 21:34:46,547 - VehicleCounter - INFO - [Track] ID=45 | motorbike | Pos=(302, 581)
2026-05-10 21:34:46,550 - VehicleCounter - INFO - [Track] ID=47 | car | Pos=(135, 569)
2026-05-10 21:34:46,550 - VehicleCounter - INFO - [Track] ID=48 | motorbike | Pos=(628, 608)
2026-05-10 21:34:46,551 - VehicleCounter - INFO - [Track] ID=42 | motorbike | Pos=(165, 482)
2026-05-10 21:34:46,951 - VehicleCounter - INFO - [Track] ID=3 | motorbike | Pos=(564, 409)
2026-05-10 21:34:46,951 - VehicleCounter - INFO - [Track] ID=27 | motorbike | Pos=(22, 304)
2026-05-10 21:34:46,951 - VehicleCounter - INFO - [Track] ID=29 | motorbike | Pos=(200, 406)
2026-05-10 21:34:46,951 - VehicleCounter - INFO - [Track] ID=30 | motorbike | Pos=(11, 362)
2026-05-10 21:34:46,952 - VehicleCounter - INFO - [Track] ID=31 | motorbike | Pos=(146, 359)
2026-05-10 21:34:46,952 - VehicleCounter - INFO - [Track] ID=32 | motorbike | Pos=(339, 417)
2026-05-10 21:34:46,952 - VehicleCounter - INFO - [Track] ID=36 | motorbike | Pos=(238, 250)
2026-05-10 21:34:46,952 - VehicleCounter - INFO - [Track] ID=37 | motorbike | Pos=(103, 439)
2026-05-10 21:34:46,952 - VehicleCounter - INFO - [Track] ID=39 | motorbike | Pos=(416, 475)
2026-05-10 21:34:46,952 - VehicleCounter - INFO - [Track] ID=40 | motorbike | Pos=(513, 563)
2026-05-10 21:34:46,952 - VehicleCounter - INFO - [Track] ID=38 | motorbike | Pos=(262, 457)
2026-05-10 21:34:46,953 - VehicleCounter - INFO - [Track] ID=43 | motorbike | Pos=(348, 543)
2026-05-10 21:34:46,953 - VehicleCounter - INFO - [Track] ID=44 | motorbike | Pos=(283, 301)
2026-05-10 21:34:46,953 - VehicleCounter - INFO - [Track] ID=45 | motorbike | Pos=(294, 577)
2026-05-10 21:34:46,953 - VehicleCounter - INFO - [Track] ID=47 | car | Pos=(129, 565)
2026-05-10 21:34:46,953 - VehicleCounter - INFO - [Track] ID=48 | motorbike | Pos=(612, 603)
2026-05-10 21:34:46,953 - VehicleCounter - INFO - [Track] ID=49 | motorbike | Pos=(372, 388)
2026-05-10 21:34:46,953 - VehicleCounter - INFO - [Track] ID=50 | motorbike | Pos=(451, 610)
2026-05-10 21:34:46,953 - VehicleCounter - INFO - [Track] ID=23 | motorbike | Pos=(43, 188)
2026-05-10 21:34:46,953 - VehicleCounter - INFO - [Track] ID=1 | car | Pos=(48, 137)
2026-05-10 21:34:47,352 - VehicleCounter - INFO - [Track] ID=3 | motorbike | Pos=(563, 408)
2026-05-10 21:34:47,353 - VehicleCounter - INFO - [Track] ID=27 | motorbike | Pos=(19, 299)
2026-05-10 21:34:47,353 - VehicleCounter - INFO - [Track] ID=29 | motorbike | Pos=(196, 397)
2026-05-10 21:34:47,353 - VehicleCounter - INFO - [Track] ID=30 | motorbike | Pos=(11, 357)
2026-05-10 21:34:47,353 - VehicleCounter - INFO - [Track] ID=31 | motorbike | Pos=(142, 351)
2026-05-10 21:34:47,353 - VehicleCounter - INFO - [Track] ID=32 | motorbike | Pos=(331, 410)
2026-05-10 21:34:47,353 - VehicleCounter - INFO - [Track] ID=36 | motorbike | Pos=(233, 245)
2026-05-10 21:34:47,353 - VehicleCounter - INFO - [Track] ID=37 | motorbike | Pos=(105, 430)
2026-05-10 21:34:47,354 - VehicleCounter - INFO - [Track] ID=39 | motorbike | Pos=(405, 464)
2026-05-10 21:34:47,354 - VehicleCounter - INFO - [Track] ID=40 | motorbike | Pos=(496, 560)
2026-05-10 21:34:47,354 - VehicleCounter - INFO - [Track] ID=38 | motorbike | Pos=(258, 444)
2026-05-10 21:34:47,355 - VehicleCounter - INFO - [Track] ID=43 | motorbike | Pos=(339, 537)
2026-05-10 21:34:47,355 - VehicleCounter - INFO - [Track] ID=44 | motorbike | Pos=(279, 296)
2026-05-10 21:34:47,355 - VehicleCounter - INFO - [Track] ID=45 | motorbike | Pos=(281, 571)
2026-05-10 21:34:47,355 - VehicleCounter - INFO - [Track] ID=47 | car | Pos=(118, 559)
2026-05-10 21:34:47,355 - VehicleCounter - INFO - [Track] ID=48 | motorbike | Pos=(596, 596)
2026-05-10 21:34:47,355 - VehicleCounter - INFO - [Track] ID=49 | motorbike | Pos=(366, 379)
2026-05-10 21:34:47,355 - VehicleCounter - INFO - [Track] ID=50 | motorbike | Pos=(433, 603)
2026-05-10 21:34:47,356 - VehicleCounter - INFO - [Track] ID=1 | car | Pos=(48, 138)
2026-05-10 21:34:47,356 - VehicleCounter - INFO - [Track] ID=51 | motorbike | Pos=(731, 610)
2026-05-10 21:34:47,747 - VehicleCounter - INFO - [Track] ID=3 | motorbike | Pos=(564, 410)
2026-05-10 21:34:47,748 - VehicleCounter - INFO - [Track] ID=27 | motorbike | Pos=(20, 297)
2026-05-10 21:34:47,748 - VehicleCounter - INFO - [Track] ID=29 | motorbike | Pos=(194, 393)
2026-05-10 21:34:47,748 - VehicleCounter - INFO - [Track] ID=30 | motorbike | Pos=(11, 354)
2026-05-10 21:34:47,748 - VehicleCounter - INFO - [Track] ID=31 | motorbike | Pos=(140, 347)
2026-05-10 21:34:47,748 - VehicleCounter - INFO - [Track] ID=32 | motorbike | Pos=(328, 407)
2026-05-10 21:34:47,748 - VehicleCounter - INFO - [Track] ID=36 | motorbike | Pos=(232, 245)
2026-05-10 21:34:47,748 - VehicleCounter - INFO - [Track] ID=37 | motorbike | Pos=(107, 426)
2026-05-10 21:34:47,748 - VehicleCounter - INFO - [Track] ID=39 | motorbike | Pos=(400, 459)
2026-05-10 21:34:47,750 - VehicleCounter - INFO - [Track] ID=40 | motorbike | Pos=(490, 556)
2026-05-10 21:34:47,750 - VehicleCounter - INFO - [Track] ID=38 | motorbike | Pos=(257, 440)
2026-05-10 21:34:47,750 - VehicleCounter - INFO - [Track] ID=43 | motorbike | Pos=(336, 535)
2026-05-10 21:34:47,750 - VehicleCounter - INFO - [Track] ID=44 | motorbike | Pos=(277, 294)
2026-05-10 21:34:47,750 - VehicleCounter - INFO - [Track] ID=45 | motorbike | Pos=(276, 569)
2026-05-10 21:34:47,750 - VehicleCounter - INFO - [Track] ID=47 | car | Pos=(111, 556)
2026-05-10 21:34:47,751 - VehicleCounter - INFO - [Track] ID=48 | motorbike | Pos=(584, 593)
2026-05-10 21:34:47,751 - VehicleCounter - INFO - [Track] ID=49 | motorbike | Pos=(360, 377)
2026-05-10 21:34:47,751 - VehicleCounter - INFO - [Track] ID=50 | motorbike | Pos=(421, 599)
2026-05-10 21:34:47,751 - VehicleCounter - INFO - [Track] ID=1 | car | Pos=(48, 140)
2026-05-10 21:34:47,751 - VehicleCounter - INFO - [Track] ID=51 | motorbike | Pos=(718, 607)
2026-05-10 21:34:47,994 - VehicleCounter - INFO - [Track] ID=3 | motorbike | Pos=(563, 410)
2026-05-10 21:34:47,994 - VehicleCounter - INFO - [Track] ID=27 | motorbike | Pos=(18, 292)
2026-05-10 21:34:47,995 - VehicleCounter - INFO - [Track] ID=29 | motorbike | Pos=(190, 387)
2026-05-10 21:34:47,995 - VehicleCounter - INFO - [Track] ID=30 | motorbike | Pos=(10, 350)
2026-05-10 21:34:47,995 - VehicleCounter - INFO - [Track] ID=31 | motorbike | Pos=(136, 340)
2026-05-10 21:34:47,995 - VehicleCounter - INFO - [Track] ID=32 | motorbike | Pos=(321, 402)
2026-05-10 21:34:47,995 - VehicleCounter - INFO - [Track] ID=36 | motorbike | Pos=(228, 241)
2026-05-10 21:34:47,995 - VehicleCounter - INFO - [Track] ID=37 | motorbike | Pos=(108, 419)
2026-05-10 21:34:47,996 - VehicleCounter - INFO - [Track] ID=39 | motorbike | Pos=(390, 449)
2026-05-10 21:34:47,996 - VehicleCounter - INFO - [Track] ID=40 | motorbike | Pos=(477, 554)
2026-05-10 21:34:47,996 - VehicleCounter - INFO - [Track] ID=38 | motorbike | Pos=(254, 433)
2026-05-10 21:34:47,996 - VehicleCounter - INFO - [Track] ID=43 | motorbike | Pos=(328, 524)
2026-05-10 21:34:47,996 - VehicleCounter - INFO - [Track] ID=44 | motorbike | Pos=(274, 291)
2026-05-10 21:34:47,996 - VehicleCounter - INFO - [Track] ID=45 | motorbike | Pos=(266, 563)
2026-05-10 21:34:47,996 - VehicleCounter - INFO - [Track] ID=47 | car | Pos=(103, 550)
2026-05-10 21:34:47,997 - VehicleCounter - INFO - [Track] ID=48 | motorbike | Pos=(577, 588)
2026-05-10 21:34:47,997 - VehicleCounter - INFO - [Track] ID=49 | motorbike | Pos=(353, 372)
2026-05-10 21:34:47,997 - VehicleCounter - INFO - [Track] ID=50 | motorbike | Pos=(407, 592)
2026-05-10 21:34:47,997 - VehicleCounter - INFO - [Track] ID=51 | motorbike | Pos=(704, 603)
2026-05-10 21:34:48,395 - VehicleCounter - INFO - [Track] ID=3 | motorbike | Pos=(564, 411)
2026-05-10 21:34:48,395 - VehicleCounter - INFO - [Track] ID=27 | motorbike | Pos=(17, 288)
2026-05-10 21:34:48,395 - VehicleCounter - INFO - [Track] ID=29 | motorbike | Pos=(187, 380)
2026-05-10 21:34:48,395 - VehicleCounter - INFO - [Track] ID=30 | motorbike | Pos=(11, 345)
2026-05-10 21:34:48,395 - VehicleCounter - INFO - [Track] ID=31 | motorbike | Pos=(133, 332)
2026-05-10 21:34:48,395 - VehicleCounter - INFO - [Track] ID=32 | motorbike | Pos=(316, 395)
2026-05-10 21:34:48,397 - VehicleCounter - INFO - [Track] ID=36 | motorbike | Pos=(225, 237)
2026-05-10 21:34:48,397 - VehicleCounter - INFO - [Track] ID=37 | motorbike | Pos=(110, 411)
2026-05-10 21:34:48,397 - VehicleCounter - INFO - [Track] ID=39 | motorbike | Pos=(383, 438)
2026-05-10 21:34:48,397 - VehicleCounter - INFO - [Track] ID=40 | motorbike | Pos=(469, 549)
2026-05-10 21:34:48,397 - VehicleCounter - INFO - [Track] ID=43 | motorbike | Pos=(321, 517)
2026-05-10 21:34:48,397 - VehicleCounter - INFO - [Track] ID=44 | motorbike | Pos=(270, 286)
2026-05-10 21:34:48,398 - VehicleCounter - INFO - [Track] ID=45 | motorbike | Pos=(257, 557)
2026-05-10 21:34:48,398 - VehicleCounter - INFO - [Track] ID=47 | car | Pos=(97, 544)
2026-05-10 21:34:48,398 - VehicleCounter - INFO - [Track] ID=48 | motorbike | Pos=(567, 582)
2026-05-10 21:34:48,398 - VehicleCounter - INFO - [Track] ID=50 | motorbike | Pos=(394, 587)
2026-05-10 21:34:48,398 - VehicleCounter - INFO - [Track] ID=51 | motorbike | Pos=(689, 599)
2026-05-10 21:34:48,398 - VehicleCounter - INFO - [Track] ID=35 | motorbike | Pos=(347, 365)
2026-05-10 21:34:48,398 - VehicleCounter - INFO - [Track] ID=42 | motorbike | Pos=(159, 459)
2026-05-10 21:34:48,817 - VehicleCounter - INFO - [Track] ID=3 | motorbike | Pos=(564, 412)
2026-05-10 21:34:48,817 - VehicleCounter - INFO - [Track] ID=27 | motorbike | Pos=(16, 284)
2026-05-10 21:34:48,817 - VehicleCounter - INFO - [Track] ID=29 | motorbike | Pos=(185, 376)
2026-05-10 21:34:48,817 - VehicleCounter - INFO - [Track] ID=30 | motorbike | Pos=(11, 342)
2026-05-10 21:34:48,818 - VehicleCounter - INFO - [Track] ID=31 | motorbike | Pos=(131, 325)
2026-05-10 21:34:48,818 - VehicleCounter - INFO - [Track] ID=32 | motorbike | Pos=(312, 391)
2026-05-10 21:34:48,818 - VehicleCounter - INFO - [Track] ID=36 | motorbike | Pos=(223, 236)
2026-05-10 21:34:48,818 - VehicleCounter - INFO - [Track] ID=37 | motorbike | Pos=(112, 405)
2026-05-10 21:34:48,819 - VehicleCounter - INFO - [Track] ID=39 | motorbike | Pos=(378, 433)
2026-05-10 21:34:48,819 - VehicleCounter - INFO - [Track] ID=40 | motorbike | Pos=(462, 548)
2026-05-10 21:34:48,819 - VehicleCounter - INFO - [Track] ID=43 | motorbike | Pos=(317, 514)
2026-05-10 21:34:48,819 - VehicleCounter - INFO - [Track] ID=44 | motorbike | Pos=(267, 283)
2026-05-10 21:34:48,819 - VehicleCounter - INFO - [Track] ID=45 | motorbike | Pos=(250, 555)
2026-05-10 21:34:48,819 - VehicleCounter - INFO - [Track] ID=47 | car | Pos=(93, 541)
2026-05-10 21:34:48,819 - VehicleCounter - INFO - [Track] ID=48 | motorbike | Pos=(564, 579)
2026-05-10 21:34:48,820 - VehicleCounter - INFO - [Track] ID=50 | motorbike | Pos=(387, 582)
2026-05-10 21:34:48,820 - VehicleCounter - INFO - [Track] ID=51 | motorbike | Pos=(683, 596)
2026-05-10 21:34:48,820 - VehicleCounter - INFO - [Track] ID=35 | motorbike | Pos=(342, 360)
2026-05-10 21:34:48,820 - VehicleCounter - INFO - [Track] ID=42 | motorbike | Pos=(158, 459)
2026-05-10 21:36:57,445 - VehicleCounter - INFO - Starting Vehicle Counter & Traffic Analytics System...
2026-05-10 21:37:00,947 - VehicleCounter - INFO - Loaded video source: E:/EAUT/Python/final_test/test/cam4.mp4
2026-05-10 21:37:10,001 - VehicleCounter - INFO - Loading model from E:/EAUT/Python/final_test/model/lastest.pt...
2026-05-10 21:37:10,155 - VehicleCounter - INFO - Model loaded successfully.
2026-05-10 21:37:12,177 - VehicleCounter - INFO - [Track] ID=1 | motorbike | Pos=(261, 559)
2026-05-10 21:37:12,177 - VehicleCounter - INFO - [Track] ID=2 | motorbike | Pos=(291, 446)
2026-05-10 21:37:12,177 - VehicleCounter - INFO - [Track] ID=3 | motorbike | Pos=(101, 452)
2026-05-10 21:37:12,177 - VehicleCounter - INFO - [Track] ID=4 | motorbike | Pos=(90, 567)
2026-05-10 21:37:12,177 - VehicleCounter - INFO - [Track] ID=5 | motorbike | Pos=(423, 421)
2026-05-10 21:37:12,179 - VehicleCounter - INFO - [Track] ID=6 | motorbike | Pos=(405, 514)
2026-05-10 21:37:12,179 - VehicleCounter - INFO - [Track] ID=7 | motorbike | Pos=(102, 295)
2026-05-10 21:37:12,179 - VehicleCounter - INFO - [Track] ID=8 | motorbike | Pos=(189, 306)
2026-05-10 21:37:12,179 - VehicleCounter - INFO - [Track] ID=9 | motorbike | Pos=(352, 330)
2026-05-10 21:37:12,179 - VehicleCounter - INFO - [Track] ID=10 | motorbike | Pos=(246, 358)
2026-05-10 21:37:12,179 - VehicleCounter - INFO - [Track] ID=11 | motorbike | Pos=(225, 321)
2026-05-10 21:37:12,179 - VehicleCounter - INFO - [Track] ID=12 | motorbike | Pos=(163, 261)
2026-05-10 21:37:12,179 - VehicleCounter - INFO - [Track] ID=13 | motorbike | Pos=(201, 226)
2026-05-10 21:37:12,179 - VehicleCounter - INFO - [Track] ID=14 | motorbike | Pos=(416, 592)
2026-05-10 21:37:12,179 - VehicleCounter - INFO - [Track] ID=15 | motorbike | Pos=(244, 250)
2026-05-10 21:37:12,179 - VehicleCounter - INFO - [Track] ID=16 | motorbike | Pos=(175, 229)
2026-05-10 21:37:12,179 - VehicleCounter - INFO - [Track] ID=17 | car | Pos=(137, 207)
2026-05-10 21:37:12,179 - VehicleCounter - INFO - [Track] ID=18 | motorbike | Pos=(264, 307)
2026-05-10 21:37:12,179 - VehicleCounter - INFO - [Track] ID=19 | car | Pos=(63, 199)
2026-05-10 21:37:12,179 - VehicleCounter - INFO - [Track] ID=20 | motorbike | Pos=(504, 577)
2026-05-10 21:37:12,179 - VehicleCounter - INFO - [Track] ID=21 | car | Pos=(98, 224)
2026-05-10 21:37:12,179 - VehicleCounter - INFO - [Track] ID=22 | motorbike | Pos=(282, 298)
2026-05-10 21:37:12,179 - VehicleCounter - INFO - [Track] ID=23 | motorbike | Pos=(682, 599)
2026-05-10 21:37:12,179 - VehicleCounter - INFO - [Track] ID=25 | motorbike | Pos=(523, 546)
2026-05-10 21:37:12,768 - VehicleCounter - INFO - [Track] ID=1 | motorbike | Pos=(253, 541)
2026-05-10 21:37:12,768 - VehicleCounter - INFO - [Track] ID=2 | motorbike | Pos=(286, 434)
2026-05-10 21:37:12,768 - VehicleCounter - INFO - [Track] ID=3 | motorbike | Pos=(94, 435)
2026-05-10 21:37:12,769 - VehicleCounter - INFO - [Track] ID=4 | motorbike | Pos=(93, 552)
2026-05-10 21:37:12,769 - VehicleCounter - INFO - [Track] ID=5 | motorbike | Pos=(409, 409)
2026-05-10 21:37:12,769 - VehicleCounter - INFO - [Track] ID=6 | motorbike | Pos=(393, 498)
2026-05-10 21:37:12,769 - VehicleCounter - INFO - [Track] ID=7 | motorbike | Pos=(102, 290)
2026-05-10 21:37:12,769 - VehicleCounter - INFO - [Track] ID=8 | motorbike | Pos=(190, 301)
2026-05-10 21:37:12,769 - VehicleCounter - INFO - [Track] ID=9 | motorbike | Pos=(347, 325)
2026-05-10 21:37:12,769 - VehicleCounter - INFO - [Track] ID=10 | motorbike | Pos=(242, 350)
2026-05-10 21:37:12,769 - VehicleCounter - INFO - [Track] ID=11 | motorbike | Pos=(215, 319)
2026-05-10 21:37:12,769 - VehicleCounter - INFO - [Track] ID=12 | motorbike | Pos=(160, 256)
2026-05-10 21:37:12,769 - VehicleCounter - INFO - [Track] ID=14 | motorbike | Pos=(388, 580)
2026-05-10 21:37:12,769 - VehicleCounter - INFO - [Track] ID=17 | car | Pos=(136, 206)
2026-05-10 21:37:12,769 - VehicleCounter - INFO - [Track] ID=18 | motorbike | Pos=(253, 301)
2026-05-10 21:37:12,769 - VehicleCounter - INFO - [Track] ID=20 | motorbike | Pos=(485, 571)
2026-05-10 21:37:12,770 - VehicleCounter - INFO - [Track] ID=22 | motorbike | Pos=(277, 296)
2026-05-10 21:37:12,770 - VehicleCounter - INFO - [Track] ID=23 | motorbike | Pos=(657, 588)
2026-05-10 21:37:12,770 - VehicleCounter - INFO - [Track] ID=25 | motorbike | Pos=(515, 529)
2026-05-10 21:37:13,378 - VehicleCounter - INFO - [Track] ID=1 | motorbike | Pos=(246, 525)
2026-05-10 21:37:13,378 - VehicleCounter - INFO - [Track] ID=2 | motorbike | Pos=(283, 425)
2026-05-10 21:37:13,379 - VehicleCounter - INFO - [Track] ID=3 | motorbike | Pos=(91, 423)
2026-05-10 21:37:13,382 - VehicleCounter - INFO - [Track] ID=4 | motorbike | Pos=(96, 536)
2026-05-10 21:37:13,382 - VehicleCounter - INFO - [Track] ID=5 | motorbike | Pos=(399, 401)
2026-05-10 21:37:13,382 - VehicleCounter - INFO - [Track] ID=6 | motorbike | Pos=(385, 489)
2026-05-10 21:37:13,383 - VehicleCounter - INFO - [Track] ID=7 | motorbike | Pos=(102, 287)
2026-05-10 21:37:13,386 - VehicleCounter - INFO - [Track] ID=8 | motorbike | Pos=(191, 297)
2026-05-10 21:37:13,388 - VehicleCounter - INFO - [Track] ID=9 | motorbike | Pos=(343, 324)
2026-05-10 21:37:13,390 - VehicleCounter - INFO - [Track] ID=10 | motorbike | Pos=(239, 345)
2026-05-10 21:37:13,393 - VehicleCounter - INFO - [Track] ID=11 | motorbike | Pos=(208, 316)
2026-05-10 21:37:13,393 - VehicleCounter - INFO - [Track] ID=12 | motorbike | Pos=(159, 254)
2026-05-10 21:37:13,398 - VehicleCounter - INFO - [Track] ID=14 | motorbike | Pos=(367, 573)
2026-05-10 21:37:13,398 - VehicleCounter - INFO - [Track] ID=17 | car | Pos=(136, 205)
2026-05-10 21:37:13,399 - VehicleCounter - INFO - [Track] ID=18 | motorbike | Pos=(246, 297)
2026-05-10 21:37:13,399 - VehicleCounter - INFO - [Track] ID=20 | motorbike | Pos=(470, 566)
2026-05-10 21:37:13,399 - VehicleCounter - INFO - [Track] ID=22 | motorbike | Pos=(275, 294)
2026-05-10 21:37:13,400 - VehicleCounter - INFO - [Track] ID=23 | motorbike | Pos=(639, 579)
2026-05-10 21:37:13,400 - VehicleCounter - INFO - [Track] ID=25 | motorbike | Pos=(508, 517)
2026-05-10 21:37:13,400 - VehicleCounter - INFO - [Track] ID=26 | motorbike | Pos=(224, 304)
2026-05-10 21:37:13,401 - VehicleCounter - INFO - [Track] ID=13 | motorbike | Pos=(200, 223)
2026-05-10 21:37:13,401 - VehicleCounter - INFO - [Track] ID=21 | car | Pos=(99, 221)
2026-05-10 21:37:14,131 - VehicleCounter - INFO - [Track] ID=1 | motorbike | Pos=(241, 515)
2026-05-10 21:37:14,131 - VehicleCounter - INFO - [Track] ID=2 | motorbike | Pos=(281, 419)
2026-05-10 21:37:14,131 - VehicleCounter - INFO - [Track] ID=3 | motorbike | Pos=(91, 417)
2026-05-10 21:37:14,131 - VehicleCounter - INFO - [Track] ID=4 | motorbike | Pos=(99, 522)
2026-05-10 21:37:14,131 - VehicleCounter - INFO - [Track] ID=5 | motorbike | Pos=(394, 393)
2026-05-10 21:37:14,131 - VehicleCounter - INFO - [Track] ID=6 | motorbike | Pos=(379, 480)
2026-05-10 21:37:14,131 - VehicleCounter - INFO - [Track] ID=7 | motorbike | Pos=(103, 283)
2026-05-10 21:37:14,131 - VehicleCounter - INFO - [Track] ID=9 | motorbike | Pos=(342, 321)
2026-05-10 21:37:14,131 - VehicleCounter - INFO - [Track] ID=10 | motorbike | Pos=(238, 342)
2026-05-10 21:37:14,131 - VehicleCounter - INFO - [Track] ID=11 | motorbike | Pos=(203, 312)
2026-05-10 21:37:14,131 - VehicleCounter - INFO - [Track] ID=14 | motorbike | Pos=(360, 567)
2026-05-10 21:37:14,131 - VehicleCounter - INFO - [Track] ID=20 | motorbike | Pos=(463, 562)
2026-05-10 21:37:14,131 - VehicleCounter - INFO - [Track] ID=22 | motorbike | Pos=(275, 290)
2026-05-10 21:37:14,131 - VehicleCounter - INFO - [Track] ID=23 | motorbike | Pos=(629, 573)
2026-05-10 21:37:14,131 - VehicleCounter - INFO - [Track] ID=25 | motorbike | Pos=(505, 505)
2026-05-10 21:37:14,132 - VehicleCounter - INFO - [Track] ID=26 | motorbike | Pos=(225, 300)
2026-05-10 21:37:14,132 - VehicleCounter - INFO - [Track] ID=21 | car | Pos=(97, 225)
2026-05-10 21:37:14,132 - VehicleCounter - INFO - [Track] ID=27 | motorbike | Pos=(180, 282)
2026-05-10 21:37:14,561 - VehicleCounter - INFO - [Track] ID=1 | motorbike | Pos=(234, 500)
2026-05-10 21:37:14,561 - VehicleCounter - INFO - [Track] ID=2 | motorbike | Pos=(278, 411)
2026-05-10 21:37:14,561 - VehicleCounter - INFO - [Track] ID=3 | motorbike | Pos=(91, 408)
2026-05-10 21:37:14,561 - VehicleCounter - INFO - [Track] ID=4 | motorbike | Pos=(103, 507)
2026-05-10 21:37:14,561 - VehicleCounter - INFO - [Track] ID=5 | motorbike | Pos=(384, 387)
2026-05-10 21:37:14,561 - VehicleCounter - INFO - [Track] ID=6 | motorbike | Pos=(371, 472)
2026-05-10 21:37:14,561 - VehicleCounter - INFO - [Track] ID=7 | motorbike | Pos=(104, 280)
2026-05-10 21:37:14,561 - VehicleCounter - INFO - [Track] ID=9 | motorbike | Pos=(339, 320)
2026-05-10 21:37:14,561 - VehicleCounter - INFO - [Track] ID=10 | motorbike | Pos=(236, 336)
2026-05-10 21:37:14,561 - VehicleCounter - INFO - [Track] ID=11 | motorbike | Pos=(196, 307)
2026-05-10 21:37:14,561 - VehicleCounter - INFO - [Track] ID=14 | motorbike | Pos=(343, 559)
2026-05-10 21:37:14,561 - VehicleCounter - INFO - [Track] ID=20 | motorbike | Pos=(451, 551)
2026-05-10 21:37:14,561 - VehicleCounter - INFO - [Track] ID=22 | motorbike | Pos=(272, 288)
2026-05-10 21:37:14,562 - VehicleCounter - INFO - [Track] ID=23 | motorbike | Pos=(614, 566)
2026-05-10 21:37:14,562 - VehicleCounter - INFO - [Track] ID=25 | motorbike | Pos=(499, 493)
2026-05-10 21:37:14,562 - VehicleCounter - INFO - [Track] ID=26 | motorbike | Pos=(221, 297)
2026-05-10 21:37:14,562 - VehicleCounter - INFO - [Track] ID=27 | motorbike | Pos=(176, 276)
2026-05-10 21:37:14,800 - VehicleCounter - INFO - [Track] ID=1 | motorbike | Pos=(229, 489)
2026-05-10 21:37:14,801 - VehicleCounter - INFO - [Track] ID=2 | motorbike | Pos=(276, 404)
2026-05-10 21:37:14,801 - VehicleCounter - INFO - [Track] ID=3 | motorbike | Pos=(90, 399)
2026-05-10 21:37:14,801 - VehicleCounter - INFO - [Track] ID=4 | motorbike | Pos=(105, 494)
2026-05-10 21:37:14,801 - VehicleCounter - INFO - [Track] ID=5 | motorbike | Pos=(376, 380)
2026-05-10 21:37:14,801 - VehicleCounter - INFO - [Track] ID=6 | motorbike | Pos=(365, 462)
2026-05-10 21:37:14,801 - VehicleCounter - INFO - [Track] ID=7 | motorbike | Pos=(104, 278)
2026-05-10 21:37:14,801 - VehicleCounter - INFO - [Track] ID=9 | motorbike | Pos=(336, 318)
2026-05-10 21:37:14,801 - VehicleCounter - INFO - [Track] ID=10 | motorbike | Pos=(233, 333)
2026-05-10 21:37:14,801 - VehicleCounter - INFO - [Track] ID=11 | motorbike | Pos=(190, 306)
2026-05-10 21:37:14,801 - VehicleCounter - INFO - [Track] ID=14 | motorbike | Pos=(332, 548)
2026-05-10 21:37:14,801 - VehicleCounter - INFO - [Track] ID=20 | motorbike | Pos=(440, 541)
2026-05-10 21:37:14,801 - VehicleCounter - INFO - [Track] ID=22 | motorbike | Pos=(270, 287)
2026-05-10 21:37:14,801 - VehicleCounter - INFO - [Track] ID=23 | motorbike | Pos=(601, 561)
2026-05-10 21:37:14,801 - VehicleCounter - INFO - [Track] ID=25 | motorbike | Pos=(492, 482)
2026-05-10 21:37:14,802 - VehicleCounter - INFO - [Track] ID=26 | motorbike | Pos=(219, 295)
2026-05-10 21:37:14,802 - VehicleCounter - INFO - [Track] ID=27 | motorbike | Pos=(175, 273)
2026-05-10 21:37:14,802 - VehicleCounter - INFO - [Track] ID=28 | motorbike | Pos=(363, 579)
2026-05-10 21:37:15,231 - VehicleCounter - INFO - [Track] ID=1 | motorbike | Pos=(225, 480)
2026-05-10 21:37:15,231 - VehicleCounter - INFO - [Track] ID=2 | motorbike | Pos=(274, 400)
2026-05-10 21:37:15,231 - VehicleCounter - INFO - [Track] ID=3 | motorbike | Pos=(90, 395)
2026-05-10 21:37:15,231 - VehicleCounter - INFO - [Track] ID=4 | motorbike | Pos=(108, 486)
2026-05-10 21:37:15,231 - VehicleCounter - INFO - [Track] ID=5 | motorbike | Pos=(370, 375)
2026-05-10 21:37:15,231 - VehicleCounter - INFO - [Track] ID=6 | motorbike | Pos=(360, 455)
2026-05-10 21:37:15,231 - VehicleCounter - INFO - [Track] ID=7 | motorbike | Pos=(104, 277)
2026-05-10 21:37:15,231 - VehicleCounter - INFO - [Track] ID=9 | motorbike | Pos=(334, 316)
2026-05-10 21:37:15,231 - VehicleCounter - INFO - [Track] ID=10 | motorbike | Pos=(232, 331)
2026-05-10 21:37:15,231 - VehicleCounter - INFO - [Track] ID=11 | motorbike | Pos=(186, 306)
2026-05-10 21:37:15,231 - VehicleCounter - INFO - [Track] ID=14 | motorbike | Pos=(324, 536)
2026-05-10 21:37:15,231 - VehicleCounter - INFO - [Track] ID=20 | motorbike | Pos=(433, 533)
2026-05-10 21:37:15,231 - VehicleCounter - INFO - [Track] ID=22 | motorbike | Pos=(269, 286)
2026-05-10 21:37:15,231 - VehicleCounter - INFO - [Track] ID=23 | motorbike | Pos=(592, 556)
2026-05-10 21:37:15,231 - VehicleCounter - INFO - [Track] ID=25 | motorbike | Pos=(489, 475)
2026-05-10 21:37:15,231 - VehicleCounter - INFO - [Track] ID=26 | motorbike | Pos=(218, 294)
2026-05-10 21:37:15,232 - VehicleCounter - INFO - [Track] ID=28 | motorbike | Pos=(365, 577)
2026-05-10 21:37:15,649 - VehicleCounter - INFO - [Track] ID=1 | motorbike | Pos=(220, 467)
2026-05-10 21:37:15,650 - VehicleCounter - INFO - [Track] ID=2 | motorbike | Pos=(271, 393)
2026-05-10 21:37:15,650 - VehicleCounter - INFO - [Track] ID=3 | motorbike | Pos=(90, 387)
2026-05-10 21:37:15,650 - VehicleCounter - INFO - [Track] ID=4 | motorbike | Pos=(112, 473)
2026-05-10 21:37:15,650 - VehicleCounter - INFO - [Track] ID=5 | motorbike | Pos=(361, 369)
2026-05-10 21:37:15,650 - VehicleCounter - INFO - [Track] ID=6 | motorbike | Pos=(353, 447)
2026-05-10 21:37:15,650 - VehicleCounter - INFO - [Track] ID=7 | motorbike | Pos=(104, 274)
2026-05-10 21:37:15,650 - VehicleCounter - INFO - [Track] ID=9 | motorbike | Pos=(331, 314)
2026-05-10 21:37:15,650 - VehicleCounter - INFO - [Track] ID=10 | motorbike | Pos=(229, 326)
2026-05-10 21:37:15,650 - VehicleCounter - INFO - [Track] ID=11 | motorbike | Pos=(180, 299)
2026-05-10 21:37:15,650 - VehicleCounter - INFO - [Track] ID=14 | motorbike | Pos=(317, 521)
2026-05-10 21:37:15,650 - VehicleCounter - INFO - [Track] ID=20 | motorbike | Pos=(423, 522)
2026-05-10 21:37:15,650 - VehicleCounter - INFO - [Track] ID=22 | motorbike | Pos=(266, 284)
2026-05-10 21:37:15,650 - VehicleCounter - INFO - [Track] ID=23 | motorbike | Pos=(576, 546)
2026-05-10 21:37:15,651 - VehicleCounter - INFO - [Track] ID=25 | motorbike | Pos=(482, 464)
2026-05-10 21:37:15,651 - VehicleCounter - INFO - [Track] ID=28 | motorbike | Pos=(363, 570)
2026-05-10 21:37:15,651 - VehicleCounter - INFO - [Track] ID=29 | motorbike | Pos=(317, 594)
2026-05-10 21:37:15,651 - VehicleCounter - INFO - [Track] ID=24 | motorbike | Pos=(382, 617)
2026-05-10 21:37:15,651 - VehicleCounter - INFO - [Track] ID=18 | motorbike | Pos=(205, 282)
2026-05-10 21:37:15,920 - VehicleCounter - INFO - [Track] ID=1 | motorbike | Pos=(214, 452)
2026-05-10 21:37:15,920 - VehicleCounter - INFO - [Track] ID=2 | motorbike | Pos=(267, 385)
2026-05-10 21:37:15,920 - VehicleCounter - INFO - [Track] ID=3 | motorbike | Pos=(91, 377)
2026-05-10 21:37:15,920 - VehicleCounter - INFO - [Track] ID=4 | motorbike | Pos=(117, 457)
2026-05-10 21:37:15,922 - VehicleCounter - INFO - [Track] ID=5 | motorbike | Pos=(350, 360)
2026-05-10 21:37:15,922 - VehicleCounter - INFO - [Track] ID=6 | motorbike | Pos=(344, 437)
2026-05-10 21:37:15,922 - VehicleCounter - INFO - [Track] ID=7 | motorbike | Pos=(105, 269)
2026-05-10 21:37:15,924 - VehicleCounter - INFO - [Track] ID=9 | motorbike | Pos=(327, 310)
2026-05-10 21:37:15,924 - VehicleCounter - INFO - [Track] ID=10 | motorbike | Pos=(225, 319)
2026-05-10 21:37:15,924 - VehicleCounter - INFO - [Track] ID=11 | motorbike | Pos=(175, 295)
2026-05-10 21:37:15,924 - VehicleCounter - INFO - [Track] ID=14 | motorbike | Pos=(309, 502)
2026-05-10 21:37:15,924 - VehicleCounter - INFO - [Track] ID=20 | motorbike | Pos=(410, 509)
2026-05-10 21:37:15,924 - VehicleCounter - INFO - [Track] ID=22 | motorbike | Pos=(263, 282)
2026-05-10 21:37:15,925 - VehicleCounter - INFO - [Track] ID=23 | motorbike | Pos=(557, 531)
2026-05-10 21:37:15,925 - VehicleCounter - INFO - [Track] ID=25 | motorbike | Pos=(473, 450)
2026-05-10 21:37:15,925 - VehicleCounter - INFO - [Track] ID=28 | motorbike | Pos=(362, 557)
2026-05-10 21:37:15,925 - VehicleCounter - INFO - [Track] ID=29 | motorbike | Pos=(306, 585)
2026-05-10 21:37:15,926 - VehicleCounter - INFO - [Track] ID=24 | motorbike | Pos=(384, 607)
2026-05-10 21:37:15,926 - VehicleCounter - INFO - [Track] ID=18 | motorbike | Pos=(206, 280)
2026-05-10 21:37:16,301 - VehicleCounter - INFO - [Track] ID=1 | motorbike | Pos=(211, 442)
2026-05-10 21:37:16,301 - VehicleCounter - INFO - [Track] ID=2 | motorbike | Pos=(265, 379)
2026-05-10 21:37:16,302 - VehicleCounter - INFO - [Track] ID=3 | motorbike | Pos=(91, 371)
2026-05-10 21:37:16,302 - VehicleCounter - INFO - [Track] ID=4 | motorbike | Pos=(119, 446)
2026-05-10 21:37:16,302 - VehicleCounter - INFO - [Track] ID=5 | motorbike | Pos=(343, 355)
2026-05-10 21:37:16,302 - VehicleCounter - INFO - [Track] ID=6 | motorbike | Pos=(339, 431)
2026-05-10 21:37:16,302 - VehicleCounter - INFO - [Track] ID=7 | motorbike | Pos=(105, 267)
2026-05-10 21:37:16,302 - VehicleCounter - INFO - [Track] ID=9 | motorbike | Pos=(325, 308)
2026-05-10 21:37:16,302 - VehicleCounter - INFO - [Track] ID=10 | motorbike | Pos=(223, 315)
2026-05-10 21:37:16,302 - VehicleCounter - INFO - [Track] ID=11 | motorbike | Pos=(171, 290)
2026-05-10 21:37:16,302 - VehicleCounter - INFO - [Track] ID=14 | motorbike | Pos=(305, 491)
2026-05-10 21:37:16,302 - VehicleCounter - INFO - [Track] ID=20 | motorbike | Pos=(401, 499)
2026-05-10 21:37:16,302 - VehicleCounter - INFO - [Track] ID=22 | motorbike | Pos=(260, 280)
2026-05-10 21:37:16,302 - VehicleCounter - INFO - [Track] ID=23 | motorbike | Pos=(543, 520)
2026-05-10 21:37:16,302 - VehicleCounter - INFO - [Track] ID=25 | motorbike | Pos=(466, 442)
2026-05-10 21:37:16,302 - VehicleCounter - INFO - [Track] ID=28 | motorbike | Pos=(360, 548)
2026-05-10 21:37:16,302 - VehicleCounter - INFO - [Track] ID=29 | motorbike | Pos=(298, 578)
2026-05-10 21:37:16,302 - VehicleCounter - INFO - [Track] ID=24 | motorbike | Pos=(380, 600)
2026-05-10 21:37:16,302 - VehicleCounter - INFO - [Track] ID=18 | motorbike | Pos=(206, 282)
2026-05-10 21:37:16,302 - VehicleCounter - INFO - [Track] ID=30 | motorbike | Pos=(785, 619)
2026-05-10 21:37:16,733 - VehicleCounter - INFO - [Track] ID=1 | motorbike | Pos=(207, 432)
2026-05-10 21:37:16,733 - VehicleCounter - INFO - [Track] ID=2 | motorbike | Pos=(262, 375)
2026-05-10 21:37:16,733 - VehicleCounter - INFO - [Track] ID=3 | motorbike | Pos=(90, 364)
2026-05-10 21:37:16,733 - VehicleCounter - INFO - [Track] ID=4 | motorbike | Pos=(123, 435)
2026-05-10 21:37:16,733 - VehicleCounter - INFO - [Track] ID=5 | motorbike | Pos=(334, 348)
2026-05-10 21:37:16,733 - VehicleCounter - INFO - [Track] ID=6 | motorbike | Pos=(333, 423)
2026-05-10 21:37:16,733 - VehicleCounter - INFO - [Track] ID=7 | motorbike | Pos=(104, 264)
2026-05-10 21:37:16,733 - VehicleCounter - INFO - [Track] ID=9 | motorbike | Pos=(323, 305)
2026-05-10 21:37:16,733 - VehicleCounter - INFO - [Track] ID=10 | motorbike | Pos=(220, 313)
2026-05-10 21:37:16,733 - VehicleCounter - INFO - [Track] ID=11 | motorbike | Pos=(167, 288)
2026-05-10 21:37:16,733 - VehicleCounter - INFO - [Track] ID=14 | motorbike | Pos=(303, 480)
2026-05-10 21:37:16,733 - VehicleCounter - INFO - [Track] ID=20 | motorbike | Pos=(392, 488)
2026-05-10 21:37:16,733 - VehicleCounter - INFO - [Track] ID=22 | motorbike | Pos=(257, 279)
2026-05-10 21:37:16,733 - VehicleCounter - INFO - [Track] ID=23 | motorbike | Pos=(528, 509)
2026-05-10 21:37:16,733 - VehicleCounter - INFO - [Track] ID=25 | motorbike | Pos=(457, 434)
2026-05-10 21:37:16,734 - VehicleCounter - INFO - [Track] ID=29 | motorbike | Pos=(287, 571)
2026-05-10 21:37:16,734 - VehicleCounter - INFO - [Track] ID=24 | motorbike | Pos=(377, 592)
2026-05-10 21:37:16,734 - VehicleCounter - INFO - [Track] ID=30 | motorbike | Pos=(756, 610)
2026-05-10 21:37:17,154 - VehicleCounter - INFO - [Track] ID=1 | motorbike | Pos=(206, 429)
2026-05-10 21:37:17,154 - VehicleCounter - INFO - [Track] ID=2 | motorbike | Pos=(261, 372)
2026-05-10 21:37:17,154 - VehicleCounter - INFO - [Track] ID=3 | motorbike | Pos=(90, 362)
2026-05-10 21:37:17,154 - VehicleCounter - INFO - [Track] ID=4 | motorbike | Pos=(124, 432)
2026-05-10 21:37:17,155 - VehicleCounter - INFO - [Track] ID=5 | motorbike | Pos=(331, 348)
2026-05-10 21:37:17,155 - VehicleCounter - INFO - [Track] ID=6 | motorbike | Pos=(331, 421)
2026-05-10 21:37:17,155 - VehicleCounter - INFO - [Track] ID=7 | motorbike | Pos=(104, 263)
2026-05-10 21:37:17,155 - VehicleCounter - INFO - [Track] ID=9 | motorbike | Pos=(322, 304)
2026-05-10 21:37:17,155 - VehicleCounter - INFO - [Track] ID=10 | motorbike | Pos=(219, 311)
2026-05-10 21:37:17,155 - VehicleCounter - INFO - [Track] ID=11 | motorbike | Pos=(167, 287)
2026-05-10 21:37:17,155 - VehicleCounter - INFO - [Track] ID=14 | motorbike | Pos=(302, 478)
2026-05-10 21:37:17,155 - VehicleCounter - INFO - [Track] ID=20 | motorbike | Pos=(389, 485)
2026-05-10 21:37:17,155 - VehicleCounter - INFO - [Track] ID=22 | motorbike | Pos=(256, 279)
2026-05-10 21:37:17,155 - VehicleCounter - INFO - [Track] ID=23 | motorbike | Pos=(524, 506)
2026-05-10 21:37:17,155 - VehicleCounter - INFO - [Track] ID=25 | motorbike | Pos=(454, 431)
2026-05-10 21:37:17,155 - VehicleCounter - INFO - [Track] ID=29 | motorbike | Pos=(285, 569)
2026-05-10 21:37:17,155 - VehicleCounter - INFO - [Track] ID=24 | motorbike | Pos=(376, 589)
2026-05-10 21:37:17,155 - VehicleCounter - INFO - [Track] ID=30 | motorbike | Pos=(748, 608)
2026-05-10 21:37:17,394 - VehicleCounter - INFO - [Track] ID=1 | motorbike | Pos=(204, 421)
2026-05-10 21:37:17,394 - VehicleCounter - INFO - [Track] ID=2 | motorbike | Pos=(259, 367)
2026-05-10 21:37:17,394 - VehicleCounter - INFO - [Track] ID=3 | motorbike | Pos=(91, 356)
2026-05-10 21:37:17,394 - VehicleCounter - INFO - [Track] ID=4 | motorbike | Pos=(126, 423)
2026-05-10 21:37:17,394 - VehicleCounter - INFO - [Track] ID=5 | motorbike | Pos=(324, 341)
2026-05-10 21:37:17,394 - VehicleCounter - INFO - [Track] ID=6 | motorbike | Pos=(327, 414)
2026-05-10 21:37:17,394 - VehicleCounter - INFO - [Track] ID=7 | motorbike | Pos=(105, 261)
2026-05-10 21:37:17,394 - VehicleCounter - INFO - [Track] ID=10 | motorbike | Pos=(217, 308)
2026-05-10 21:37:17,394 - VehicleCounter - INFO - [Track] ID=11 | motorbike | Pos=(165, 285)
2026-05-10 21:37:17,394 - VehicleCounter - INFO - [Track] ID=14 | motorbike | Pos=(302, 470)
2026-05-10 21:37:17,394 - VehicleCounter - INFO - [Track] ID=20 | motorbike | Pos=(380, 479)
2026-05-10 21:37:17,395 - VehicleCounter - INFO - [Track] ID=22 | motorbike | Pos=(254, 278)
2026-05-10 21:37:17,395 - VehicleCounter - INFO - [Track] ID=23 | motorbike | Pos=(513, 496)
2026-05-10 21:37:17,395 - VehicleCounter - INFO - [Track] ID=25 | motorbike | Pos=(446, 423)
2026-05-10 21:37:17,395 - VehicleCounter - INFO - [Track] ID=29 | motorbike | Pos=(279, 565)
2026-05-10 21:37:17,395 - VehicleCounter - INFO - [Track] ID=24 | motorbike | Pos=(373, 583)
2026-05-10 21:37:17,395 - VehicleCounter - INFO - [Track] ID=30 | motorbike | Pos=(723, 602)
2026-05-10 21:37:17,829 - VehicleCounter - INFO - [Track] ID=1 | motorbike | Pos=(202, 407)
2026-05-10 21:37:17,829 - VehicleCounter - INFO - [Track] ID=2 | motorbike | Pos=(255, 358)
2026-05-10 21:37:17,829 - VehicleCounter - INFO - [Track] ID=3 | motorbike | Pos=(91, 346)
2026-05-10 21:37:17,830 - VehicleCounter - INFO - [Track] ID=4 | motorbike | Pos=(130, 408)
2026-05-10 21:37:17,830 - VehicleCounter - INFO - [Track] ID=5 | motorbike | Pos=(312, 334)
2026-05-10 21:37:17,830 - VehicleCounter - INFO - [Track] ID=6 | motorbike | Pos=(320, 402)
2026-05-10 21:37:17,830 - VehicleCounter - INFO - [Track] ID=7 | motorbike | Pos=(105, 258)
2026-05-10 21:37:17,830 - VehicleCounter - INFO - [Track] ID=10 | motorbike | Pos=(213, 302)
2026-05-10 21:37:17,830 - VehicleCounter - INFO - [Track] ID=11 | motorbike | Pos=(162, 280)
2026-05-10 21:37:17,830 - VehicleCounter - INFO - [Track] ID=14 | motorbike | Pos=(300, 455)
2026-05-10 21:37:17,830 - VehicleCounter - INFO - [Track] ID=20 | motorbike | Pos=(367, 464)
2026-05-10 21:37:17,830 - VehicleCounter - INFO - [Track] ID=22 | motorbike | Pos=(248, 274)
2026-05-10 21:37:17,830 - VehicleCounter - INFO - [Track] ID=23 | motorbike | Pos=(494, 478)
2026-05-10 21:37:17,830 - VehicleCounter - INFO - [Track] ID=25 | motorbike | Pos=(431, 409)
2026-05-10 21:37:17,831 - VehicleCounter - INFO - [Track] ID=29 | motorbike | Pos=(267, 551)
2026-05-10 21:37:17,831 - VehicleCounter - INFO - [Track] ID=24 | motorbike | Pos=(368, 572)
2026-05-10 21:37:17,831 - VehicleCounter - INFO - [Track] ID=30 | motorbike | Pos=(686, 592)
2026-05-10 21:37:18,252 - VehicleCounter - INFO - [Track] ID=1 | motorbike | Pos=(201, 400)
2026-05-10 21:37:18,252 - VehicleCounter - INFO - [Track] ID=2 | motorbike | Pos=(252, 354)
2026-05-10 21:37:18,252 - VehicleCounter - INFO - [Track] ID=3 | motorbike | Pos=(91, 340)
2026-05-10 21:37:18,252 - VehicleCounter - INFO - [Track] ID=4 | motorbike | Pos=(132, 401)
2026-05-10 21:37:18,253 - VehicleCounter - INFO - [Track] ID=5 | motorbike | Pos=(305, 333)
2026-05-10 21:37:18,253 - VehicleCounter - INFO - [Track] ID=6 | motorbike | Pos=(316, 395)
2026-05-10 21:37:18,253 - VehicleCounter - INFO - [Track] ID=7 | motorbike | Pos=(106, 257)
2026-05-10 21:37:18,253 - VehicleCounter - INFO - [Track] ID=10 | motorbike | Pos=(211, 299)
2026-05-10 21:37:18,253 - VehicleCounter - INFO - [Track] ID=11 | motorbike | Pos=(162, 279)
2026-05-10 21:37:18,253 - VehicleCounter - INFO - [Track] ID=14 | motorbike | Pos=(299, 446)
2026-05-10 21:37:18,253 - VehicleCounter - INFO - [Track] ID=20 | motorbike | Pos=(363, 458)
2026-05-10 21:37:18,253 - VehicleCounter - INFO - [Track] ID=22 | motorbike | Pos=(245, 273)
2026-05-10 21:37:18,253 - VehicleCounter - INFO - [Track] ID=23 | motorbike | Pos=(484, 470)
2026-05-10 21:37:18,253 - VehicleCounter - INFO - [Track] ID=25 | motorbike | Pos=(422, 403)
2026-05-10 21:37:18,253 - VehicleCounter - INFO - [Track] ID=29 | motorbike | Pos=(262, 541)
2026-05-10 21:37:18,254 - VehicleCounter - INFO - [Track] ID=24 | motorbike | Pos=(364, 568)
2026-05-10 21:37:18,254 - VehicleCounter - INFO - [Track] ID=30 | motorbike | Pos=(667, 585)
2026-05-10 21:37:18,254 - VehicleCounter - INFO - [Track] ID=9 | motorbike | Pos=(316, 298)
2026-05-10 21:37:18,662 - VehicleCounter - INFO - [Track] ID=1 | motorbike | Pos=(201, 395)
2026-05-10 21:37:18,662 - VehicleCounter - INFO - [Track] ID=2 | motorbike | Pos=(251, 350)
2026-05-10 21:37:18,662 - VehicleCounter - INFO - [Track] ID=3 | motorbike | Pos=(91, 335)
2026-05-10 21:37:18,663 - VehicleCounter - INFO - [Track] ID=4 | motorbike | Pos=(133, 397)
2026-05-10 21:37:18,663 - VehicleCounter - INFO - [Track] ID=5 | motorbike | Pos=(299, 329)
2026-05-10 21:37:18,663 - VehicleCounter - INFO - [Track] ID=6 | motorbike | Pos=(313, 388)
2026-05-10 21:37:18,663 - VehicleCounter - INFO - [Track] ID=7 | motorbike | Pos=(106, 255)
2026-05-10 21:37:18,663 - VehicleCounter - INFO - [Track] ID=10 | motorbike | Pos=(210, 296)
2026-05-10 21:37:18,663 - VehicleCounter - INFO - [Track] ID=11 | motorbike | Pos=(162, 277)
2026-05-10 21:37:18,663 - VehicleCounter - INFO - [Track] ID=14 | motorbike | Pos=(298, 441)
2026-05-10 21:37:18,663 - VehicleCounter - INFO - [Track] ID=20 | motorbike | Pos=(357, 447)
2026-05-10 21:37:18,663 - VehicleCounter - INFO - [Track] ID=22 | motorbike | Pos=(243, 272)
2026-05-10 21:37:18,663 - VehicleCounter - INFO - [Track] ID=23 | motorbike | Pos=(477, 464)
2026-05-10 21:37:18,663 - VehicleCounter - INFO - [Track] ID=25 | motorbike | Pos=(415, 398)
2026-05-10 21:37:18,663 - VehicleCounter - INFO - [Track] ID=29 | motorbike | Pos=(259, 532)
2026-05-10 21:37:18,663 - VehicleCounter - INFO - [Track] ID=24 | motorbike | Pos=(361, 565)
2026-05-10 21:37:18,663 - VehicleCounter - INFO - [Track] ID=30 | motorbike | Pos=(654, 580)
2026-05-10 21:37:18,663 - VehicleCounter - INFO - [Track] ID=9 | motorbike | Pos=(316, 297)
2026-05-10 21:37:18,899 - VehicleCounter - INFO - [Track] ID=1 | motorbike | Pos=(200, 387)
2026-05-10 21:37:18,899 - VehicleCounter - INFO - [Track] ID=2 | motorbike | Pos=(248, 345)
2026-05-10 21:37:18,900 - VehicleCounter - INFO - [Track] ID=3 | motorbike | Pos=(92, 329)
2026-05-10 21:37:18,900 - VehicleCounter - INFO - [Track] ID=4 | motorbike | Pos=(135, 388)
2026-05-10 21:37:18,900 - VehicleCounter - INFO - [Track] ID=5 | motorbike | Pos=(293, 324)
2026-05-10 21:37:18,900 - VehicleCounter - INFO - [Track] ID=6 | motorbike | Pos=(307, 379)
2026-05-10 21:37:18,900 - VehicleCounter - INFO - [Track] ID=7 | motorbike | Pos=(107, 253)
2026-05-10 21:37:18,900 - VehicleCounter - INFO - [Track] ID=10 | motorbike | Pos=(206, 291)
2026-05-10 21:37:18,900 - VehicleCounter - INFO - [Track] ID=11 | motorbike | Pos=(163, 273)
2026-05-10 21:37:18,900 - VehicleCounter - INFO - [Track] ID=14 | motorbike | Pos=(297, 431)
2026-05-10 21:37:18,900 - VehicleCounter - INFO - [Track] ID=20 | motorbike | Pos=(348, 436)
2026-05-10 21:37:18,900 - VehicleCounter - INFO - [Track] ID=22 | motorbike | Pos=(241, 269)
2026-05-10 21:37:18,900 - VehicleCounter - INFO - [Track] ID=23 | motorbike | Pos=(468, 452)
2026-05-10 21:37:18,901 - VehicleCounter - INFO - [Track] ID=25 | motorbike | Pos=(404, 389)
2026-05-10 21:37:18,901 - VehicleCounter - INFO - [Track] ID=29 | motorbike | Pos=(254, 522)
2026-05-10 21:37:18,901 - VehicleCounter - INFO - [Track] ID=24 | motorbike | Pos=(355, 560)
2026-05-10 21:37:18,901 - VehicleCounter - INFO - [Track] ID=30 | motorbike | Pos=(632, 572)
2026-05-10 21:37:18,901 - VehicleCounter - INFO - [Track] ID=9 | motorbike | Pos=(315, 295)
2026-05-10 21:37:19,545 - VehicleCounter - INFO - [Track] ID=1 | motorbike | Pos=(200, 380)
2026-05-10 21:37:19,548 - VehicleCounter - INFO - [Track] ID=2 | motorbike | Pos=(245, 340)
2026-05-10 21:37:19,548 - VehicleCounter - INFO - [Track] ID=3 | motorbike | Pos=(91, 324)
2026-05-10 21:37:19,548 - VehicleCounter - INFO - [Track] ID=4 | motorbike | Pos=(136, 382)
2026-05-10 21:37:19,549 - VehicleCounter - INFO - [Track] ID=5 | motorbike | Pos=(287, 317)
2026-05-10 21:37:19,550 - VehicleCounter - INFO - [Track] ID=6 | motorbike | Pos=(301, 370)
2026-05-10 21:37:19,550 - VehicleCounter - INFO - [Track] ID=7 | motorbike | Pos=(107, 250)
2026-05-10 21:37:19,550 - VehicleCounter - INFO - [Track] ID=10 | motorbike | Pos=(204, 288)
2026-05-10 21:37:19,550 - VehicleCounter - INFO - [Track] ID=11 | motorbike | Pos=(163, 271)
2026-05-10 21:37:19,551 - VehicleCounter - INFO - [Track] ID=14 | motorbike | Pos=(295, 425)
2026-05-10 21:37:19,551 - VehicleCounter - INFO - [Track] ID=20 | motorbike | Pos=(341, 429)
2026-05-10 21:37:19,551 - VehicleCounter - INFO - [Track] ID=22 | motorbike | Pos=(238, 267)
2026-05-10 21:37:19,551 - VehicleCounter - INFO - [Track] ID=23 | motorbike | Pos=(460, 445)
2026-05-10 21:37:19,551 - VehicleCounter - INFO - [Track] ID=25 | motorbike | Pos=(395, 384)
2026-05-10 21:37:19,551 - VehicleCounter - INFO - [Track] ID=29 | motorbike | Pos=(250, 512)
2026-05-10 21:37:19,552 - VehicleCounter - INFO - [Track] ID=24 | motorbike | Pos=(350, 551)
2026-05-10 21:37:19,552 - VehicleCounter - INFO - [Track] ID=30 | motorbike | Pos=(617, 567)
2026-05-10 21:37:19,552 - VehicleCounter - INFO - [Track] ID=9 | motorbike | Pos=(313, 294)
2026-05-10 21:37:19,552 - VehicleCounter - INFO - [Track] ID=28 | motorbike | Pos=(368, 478)
2026-05-10 21:37:19,878 - VehicleCounter - INFO - [Track] ID=1 | motorbike | Pos=(200, 377)
2026-05-10 21:37:19,878 - VehicleCounter - INFO - [Track] ID=2 | motorbike | Pos=(244, 339)
2026-05-10 21:37:19,878 - VehicleCounter - INFO - [Track] ID=3 | motorbike | Pos=(91, 322)
2026-05-10 21:37:19,878 - VehicleCounter - INFO - [Track] ID=4 | motorbike | Pos=(137, 379)
2026-05-10 21:37:19,878 - VehicleCounter - INFO - [Track] ID=5 | motorbike | Pos=(284, 317)
2026-05-10 21:37:19,878 - VehicleCounter - INFO - [Track] ID=6 | motorbike | Pos=(300, 365)
2026-05-10 21:37:19,878 - VehicleCounter - INFO - [Track] ID=7 | motorbike | Pos=(107, 249)
2026-05-10 21:37:19,878 - VehicleCounter - INFO - [Track] ID=10 | motorbike | Pos=(204, 286)
2026-05-10 21:37:19,879 - VehicleCounter - INFO - [Track] ID=11 | motorbike | Pos=(163, 269)
2026-05-10 21:37:19,879 - VehicleCounter - INFO - [Track] ID=14 | motorbike | Pos=(294, 421)
2026-05-10 21:37:19,879 - VehicleCounter - INFO - [Track] ID=20 | motorbike | Pos=(339, 427)
2026-05-10 21:37:19,879 - VehicleCounter - INFO - [Track] ID=23 | motorbike | Pos=(457, 443)
2026-05-10 21:37:19,879 - VehicleCounter - INFO - [Track] ID=25 | motorbike | Pos=(391, 381)
2026-05-10 21:37:19,879 - VehicleCounter - INFO - [Track] ID=29 | motorbike | Pos=(248, 508)
2026-05-10 21:37:19,879 - VehicleCounter - INFO - [Track] ID=24 | motorbike | Pos=(347, 546)
2026-05-10 21:37:19,879 - VehicleCounter - INFO - [Track] ID=30 | motorbike | Pos=(610, 566)
2026-05-10 21:37:19,879 - VehicleCounter - INFO - [Track] ID=9 | motorbike | Pos=(312, 293)
2026-05-10 21:37:19,879 - VehicleCounter - INFO - [Track] ID=28 | motorbike | Pos=(369, 477)
2026-05-10 21:37:20,314 - VehicleCounter - INFO - [Track] ID=1 | motorbike | Pos=(199, 371)
2026-05-10 21:37:20,314 - VehicleCounter - INFO - [Track] ID=2 | motorbike | Pos=(242, 336)
2026-05-10 21:37:20,314 - VehicleCounter - INFO - [Track] ID=3 | motorbike | Pos=(91, 318)
2026-05-10 21:37:20,314 - VehicleCounter - INFO - [Track] ID=4 | motorbike | Pos=(138, 374)
2026-05-10 21:37:20,315 - VehicleCounter - INFO - [Track] ID=5 | motorbike | Pos=(279, 314)
2026-05-10 21:37:20,315 - VehicleCounter - INFO - [Track] ID=7 | motorbike | Pos=(107, 247)
2026-05-10 21:37:20,315 - VehicleCounter - INFO - [Track] ID=10 | motorbike | Pos=(202, 285)
2026-05-10 21:37:20,315 - VehicleCounter - INFO - [Track] ID=11 | motorbike | Pos=(164, 267)
2026-05-10 21:37:20,315 - VehicleCounter - INFO - [Track] ID=14 | motorbike | Pos=(292, 414)
2026-05-10 21:37:20,315 - VehicleCounter - INFO - [Track] ID=20 | motorbike | Pos=(335, 422)
2026-05-10 21:37:20,315 - VehicleCounter - INFO - [Track] ID=23 | motorbike | Pos=(451, 437)
2026-05-10 21:37:20,315 - VehicleCounter - INFO - [Track] ID=25 | motorbike | Pos=(385, 377)
2026-05-10 21:37:20,315 - VehicleCounter - INFO - [Track] ID=29 | motorbike | Pos=(246, 501)
2026-05-10 21:37:20,315 - VehicleCounter - INFO - [Track] ID=24 | motorbike | Pos=(343, 539)
2026-05-10 21:37:20,315 - VehicleCounter - INFO - [Track] ID=30 | motorbike | Pos=(598, 562)
2026-05-10 21:37:20,315 - VehicleCounter - INFO - [Track] ID=9 | motorbike | Pos=(310, 292)
2026-05-10 21:37:20,315 - VehicleCounter - INFO - [Track] ID=28 | motorbike | Pos=(367, 472)
2026-05-10 21:37:20,315 - VehicleCounter - INFO - [Track] ID=22 | motorbike | Pos=(234, 267)
2026-05-10 21:37:20,733 - VehicleCounter - INFO - [Track] ID=1 | motorbike | Pos=(199, 361)
2026-05-10 21:37:20,733 - VehicleCounter - INFO - [Track] ID=2 | motorbike | Pos=(238, 329)
2026-05-10 21:37:20,733 - VehicleCounter - INFO - [Track] ID=3 | motorbike | Pos=(91, 311)
2026-05-10 21:37:20,733 - VehicleCounter - INFO - [Track] ID=4 | motorbike | Pos=(139, 363)
2026-05-10 21:37:20,734 - VehicleCounter - INFO - [Track] ID=5 | motorbike | Pos=(271, 311)
2026-05-10 21:37:20,734 - VehicleCounter - INFO - [Track] ID=7 | motorbike | Pos=(109, 244)
2026-05-10 21:37:20,734 - VehicleCounter - INFO - [Track] ID=10 | motorbike | Pos=(199, 280)
2026-05-10 21:37:20,734 - VehicleCounter - INFO - [Track] ID=11 | motorbike | Pos=(167, 266)
2026-05-10 21:37:20,734 - VehicleCounter - INFO - [Track] ID=14 | motorbike | Pos=(289, 403)
2026-05-10 21:37:20,734 - VehicleCounter - INFO - [Track] ID=20 | motorbike | Pos=(325, 414)
2026-05-10 21:37:20,734 - VehicleCounter - INFO - [Track] ID=23 | motorbike | Pos=(438, 425)
2026-05-10 21:37:20,734 - VehicleCounter - INFO - [Track] ID=25 | motorbike | Pos=(372, 366)
2026-05-10 21:37:20,734 - VehicleCounter - INFO - [Track] ID=29 | motorbike | Pos=(241, 486)
2026-05-10 21:37:20,734 - VehicleCounter - INFO - [Track] ID=24 | motorbike | Pos=(334, 525)
2026-05-10 21:37:20,734 - VehicleCounter - INFO - [Track] ID=30 | motorbike | Pos=(573, 547)
2026-05-10 21:37:20,734 - VehicleCounter - INFO - [Track] ID=9 | motorbike | Pos=(306, 289)
2026-05-10 21:37:20,734 - VehicleCounter - INFO - [Track] ID=28 | motorbike | Pos=(366, 457)
2026-05-10 21:37:20,734 - VehicleCounter - INFO - [Track] ID=22 | motorbike | Pos=(231, 265)
2026-05-10 21:37:20,968 - VehicleCounter - INFO - [Track] ID=1 | motorbike | Pos=(198, 356)
2026-05-10 21:37:20,968 - VehicleCounter - INFO - [Track] ID=2 | motorbike | Pos=(235, 326)
2026-05-10 21:37:20,968 - VehicleCounter - INFO - [Track] ID=3 | motorbike | Pos=(90, 308)
2026-05-10 21:37:20,968 - VehicleCounter - INFO - [Track] ID=4 | motorbike | Pos=(140, 358)
2026-05-10 21:37:20,969 - VehicleCounter - INFO - [Track] ID=5 | motorbike | Pos=(267, 307)
2026-05-10 21:37:20,969 - VehicleCounter - INFO - [Track] ID=7 | motorbike | Pos=(109, 241)
2026-05-10 21:37:20,969 - VehicleCounter - INFO - [Track] ID=10 | motorbike | Pos=(198, 278)
2026-05-10 21:37:20,969 - VehicleCounter - INFO - [Track] ID=11 | motorbike | Pos=(169, 264)
2026-05-10 21:37:20,969 - VehicleCounter - INFO - [Track] ID=14 | motorbike | Pos=(287, 397)
2026-05-10 21:37:20,969 - VehicleCounter - INFO - [Track] ID=20 | motorbike | Pos=(321, 408)
2026-05-10 21:37:20,969 - VehicleCounter - INFO - [Track] ID=23 | motorbike | Pos=(430, 417)
2026-05-10 21:37:20,969 - VehicleCounter - INFO - [Track] ID=25 | motorbike | Pos=(365, 360)
2026-05-10 21:37:20,969 - VehicleCounter - INFO - [Track] ID=29 | motorbike | Pos=(239, 478)
2026-05-10 21:37:20,969 - VehicleCounter - INFO - [Track] ID=24 | motorbike | Pos=(330, 516)
2026-05-10 21:37:20,969 - VehicleCounter - INFO - [Track] ID=30 | motorbike | Pos=(561, 536)
2026-05-10 21:37:20,969 - VehicleCounter - INFO - [Track] ID=9 | motorbike | Pos=(304, 288)
2026-05-10 21:37:20,969 - VehicleCounter - INFO - [Track] ID=28 | motorbike | Pos=(364, 451)
2026-05-10 21:37:20,970 - VehicleCounter - INFO - [Track] ID=22 | motorbike | Pos=(229, 263)
2026-05-10 21:37:21,387 - VehicleCounter - INFO - [Track] ID=1 | motorbike | Pos=(196, 350)
2026-05-10 21:37:21,387 - VehicleCounter - INFO - [Track] ID=2 | motorbike | Pos=(232, 323)
2026-05-10 21:37:21,387 - VehicleCounter - INFO - [Track] ID=3 | motorbike | Pos=(86, 303)
2026-05-10 21:37:21,387 - VehicleCounter - INFO - [Track] ID=4 | motorbike | Pos=(140, 352)
2026-05-10 21:37:21,387 - VehicleCounter - INFO - [Track] ID=5 | motorbike | Pos=(261, 303)
2026-05-10 21:37:21,387 - VehicleCounter - INFO - [Track] ID=7 | motorbike | Pos=(109, 240)
2026-05-10 21:37:21,387 - VehicleCounter - INFO - [Track] ID=10 | motorbike | Pos=(196, 277)
2026-05-10 21:37:21,387 - VehicleCounter - INFO - [Track] ID=11 | motorbike | Pos=(170, 263)
2026-05-10 21:37:21,388 - VehicleCounter - INFO - [Track] ID=14 | motorbike | Pos=(283, 391)
2026-05-10 21:37:21,388 - VehicleCounter - INFO - [Track] ID=20 | motorbike | Pos=(316, 404)
2026-05-10 21:37:21,388 - VehicleCounter - INFO - [Track] ID=23 | motorbike | Pos=(422, 410)
2026-05-10 21:37:21,388 - VehicleCounter - INFO - [Track] ID=25 | motorbike | Pos=(358, 355)
2026-05-10 21:37:21,388 - VehicleCounter - INFO - [Track] ID=29 | motorbike | Pos=(237, 470)
2026-05-10 21:37:21,388 - VehicleCounter - INFO - [Track] ID=24 | motorbike | Pos=(325, 508)
2026-05-10 21:37:21,388 - VehicleCounter - INFO - [Track] ID=30 | motorbike | Pos=(548, 528)
2026-05-10 21:37:21,388 - VehicleCounter - INFO - [Track] ID=9 | motorbike | Pos=(301, 287)
2026-05-10 21:37:21,388 - VehicleCounter - INFO - [Track] ID=28 | motorbike | Pos=(363, 444)
2026-05-10 21:37:21,388 - VehicleCounter - INFO - [Track] ID=22 | motorbike | Pos=(227, 264)
2026-05-10 21:37:21,802 - VehicleCounter - INFO - [Track] ID=1 | motorbike | Pos=(195, 345)
2026-05-10 21:37:21,802 - VehicleCounter - INFO - [Track] ID=2 | motorbike | Pos=(230, 320)
2026-05-10 21:37:21,802 - VehicleCounter - INFO - [Track] ID=3 | motorbike | Pos=(84, 300)
2026-05-10 21:37:21,802 - VehicleCounter - INFO - [Track] ID=4 | motorbike | Pos=(140, 347)
2026-05-10 21:37:21,802 - VehicleCounter - INFO - [Track] ID=5 | motorbike | Pos=(256, 297)
2026-05-10 21:37:21,802 - VehicleCounter - INFO - [Track] ID=10 | motorbike | Pos=(194, 275)
2026-05-10 21:37:21,802 - VehicleCounter - INFO - [Track] ID=11 | motorbike | Pos=(171, 258)
2026-05-10 21:37:21,802 - VehicleCounter - INFO - [Track] ID=14 | motorbike | Pos=(281, 386)
2026-05-10 21:37:21,802 - VehicleCounter - INFO - [Track] ID=20 | motorbike | Pos=(310, 400)
2026-05-10 21:37:21,802 - VehicleCounter - INFO - [Track] ID=23 | motorbike | Pos=(414, 405)
2026-05-10 21:37:21,802 - VehicleCounter - INFO - [Track] ID=25 | motorbike | Pos=(351, 351)
2026-05-10 21:37:21,802 - VehicleCounter - INFO - [Track] ID=29 | motorbike | Pos=(235, 463)
2026-05-10 21:37:21,802 - VehicleCounter - INFO - [Track] ID=24 | motorbike | Pos=(322, 500)
2026-05-10 21:37:21,802 - VehicleCounter - INFO - [Track] ID=30 | motorbike | Pos=(534, 520)
2026-05-10 21:37:21,804 - VehicleCounter - INFO - [Track] ID=9 | motorbike | Pos=(298, 285)
2026-05-10 21:37:21,804 - VehicleCounter - INFO - [Track] ID=28 | motorbike | Pos=(361, 439)
2026-05-10 21:37:22,217 - VehicleCounter - INFO - [Track] ID=1 | motorbike | Pos=(195, 342)
2026-05-10 21:37:22,217 - VehicleCounter - INFO - [Track] ID=2 | motorbike | Pos=(229, 317)
2026-05-10 21:37:22,217 - VehicleCounter - INFO - [Track] ID=3 | motorbike | Pos=(81, 297)
2026-05-10 21:37:22,217 - VehicleCounter - INFO - [Track] ID=4 | motorbike | Pos=(142, 344)
2026-05-10 21:37:22,218 - VehicleCounter - INFO - [Track] ID=5 | motorbike | Pos=(254, 296)
2026-05-10 21:37:22,218 - VehicleCounter - INFO - [Track] ID=10 | motorbike | Pos=(193, 272)
2026-05-10 21:37:22,218 - VehicleCounter - INFO - [Track] ID=11 | motorbike | Pos=(172, 257)
2026-05-10 21:37:22,218 - VehicleCounter - INFO - [Track] ID=14 | motorbike | Pos=(280, 383)
2026-05-10 21:37:22,218 - VehicleCounter - INFO - [Track] ID=20 | motorbike | Pos=(307, 397)
2026-05-10 21:37:22,218 - VehicleCounter - INFO - [Track] ID=23 | motorbike | Pos=(409, 400)
2026-05-10 21:37:22,218 - VehicleCounter - INFO - [Track] ID=25 | motorbike | Pos=(347, 349)
2026-05-10 21:37:22,218 - VehicleCounter - INFO - [Track] ID=29 | motorbike | Pos=(235, 458)
2026-05-10 21:37:22,218 - VehicleCounter - INFO - [Track] ID=24 | motorbike | Pos=(319, 495)
2026-05-10 21:37:22,218 - VehicleCounter - INFO - [Track] ID=30 | motorbike | Pos=(527, 514)
2026-05-10 21:37:22,219 - VehicleCounter - INFO - [Track] ID=9 | motorbike | Pos=(296, 285)
2026-05-10 21:37:22,219 - VehicleCounter - INFO - [Track] ID=28 | motorbike | Pos=(360, 436)
2026-05-10 21:37:22,219 - VehicleCounter - INFO - [Track] ID=32 | motorbike | Pos=(265, 347)
2026-05-10 21:37:22,453 - VehicleCounter - INFO - [Track] ID=1 | motorbike | Pos=(193, 336)
2026-05-10 21:37:22,453 - VehicleCounter - INFO - [Track] ID=2 | motorbike | Pos=(227, 313)
2026-05-10 21:37:22,453 - VehicleCounter - INFO - [Track] ID=3 | motorbike | Pos=(76, 293)
2026-05-10 21:37:22,453 - VehicleCounter - INFO - [Track] ID=4 | motorbike | Pos=(143, 338)
2026-05-10 21:37:22,453 - VehicleCounter - INFO - [Track] ID=5 | motorbike | Pos=(250, 292)
2026-05-10 21:37:22,453 - VehicleCounter - INFO - [Track] ID=10 | motorbike | Pos=(193, 270)
2026-05-10 21:37:22,453 - VehicleCounter - INFO - [Track] ID=11 | motorbike | Pos=(173, 253)
2026-05-10 21:37:22,453 - VehicleCounter - INFO - [Track] ID=14 | motorbike | Pos=(279, 376)
2026-05-10 21:37:22,453 - VehicleCounter - INFO - [Track] ID=20 | motorbike | Pos=(301, 393)
2026-05-10 21:37:22,453 - VehicleCounter - INFO - [Track] ID=23 | motorbike | Pos=(400, 393)
2026-05-10 21:37:22,453 - VehicleCounter - INFO - [Track] ID=25 | motorbike | Pos=(340, 344)
2026-05-10 21:37:22,453 - VehicleCounter - INFO - [Track] ID=29 | motorbike | Pos=(233, 449)
2026-05-10 21:37:22,453 - VehicleCounter - INFO - [Track] ID=24 | motorbike | Pos=(316, 484)
2026-05-10 21:37:22,453 - VehicleCounter - INFO - [Track] ID=30 | motorbike | Pos=(513, 503)
2026-05-10 21:37:22,453 - VehicleCounter - INFO - [Track] ID=9 | motorbike | Pos=(294, 284)
2026-05-10 21:37:22,455 - VehicleCounter - INFO - [Track] ID=28 | motorbike | Pos=(358, 429)
2026-05-10 21:37:22,455 - VehicleCounter - INFO - [Track] ID=32 | motorbike | Pos=(262, 342)
2026-05-10 21:37:22,455 - VehicleCounter - INFO - [Track] ID=7 | motorbike | Pos=(111, 234)
2026-05-10 21:37:22,880 - VehicleCounter - INFO - [Track] ID=1 | motorbike | Pos=(191, 329)
2026-05-10 21:37:22,880 - VehicleCounter - INFO - [Track] ID=2 | motorbike | Pos=(224, 310)
2026-05-10 21:37:22,881 - VehicleCounter - INFO - [Track] ID=3 | motorbike | Pos=(70, 288)
2026-05-10 21:37:22,881 - VehicleCounter - INFO - [Track] ID=4 | motorbike | Pos=(145, 332)
2026-05-10 21:37:22,881 - VehicleCounter - INFO - [Track] ID=5 | motorbike | Pos=(245, 287)
2026-05-10 21:37:22,881 - VehicleCounter - INFO - [Track] ID=14 | motorbike | Pos=(275, 370)
2026-05-10 21:37:22,881 - VehicleCounter - INFO - [Track] ID=20 | motorbike | Pos=(294, 385)
2026-05-10 21:37:22,881 - VehicleCounter - INFO - [Track] ID=23 | motorbike | Pos=(390, 386)
2026-05-10 21:37:22,881 - VehicleCounter - INFO - [Track] ID=25 | motorbike | Pos=(332, 339)
2026-05-10 21:37:22,881 - VehicleCounter - INFO - [Track] ID=29 | motorbike | Pos=(231, 442)
2026-05-10 21:37:22,881 - VehicleCounter - INFO - [Track] ID=24 | motorbike | Pos=(311, 474)
2026-05-10 21:37:22,881 - VehicleCounter - INFO - [Track] ID=30 | motorbike | Pos=(498, 493)
2026-05-10 21:37:22,881 - VehicleCounter - INFO - [Track] ID=9 | motorbike | Pos=(289, 282)
2026-05-10 21:37:22,881 - VehicleCounter - INFO - [Track] ID=28 | motorbike | Pos=(355, 422)
2026-05-10 21:37:22,882 - VehicleCounter - INFO - [Track] ID=32 | motorbike | Pos=(255, 338)
2026-05-10 21:37:22,882 - VehicleCounter - INFO - [Track] ID=7 | motorbike | Pos=(111, 232)
2026-05-10 21:37:22,882 - VehicleCounter - INFO - [Track] ID=33 | truck | Pos=(719, 608)
2026-05-10 21:37:23,293 - VehicleCounter - INFO - [Track] ID=1 | motorbike | Pos=(191, 329)
2026-05-10 21:37:23,293 - VehicleCounter - INFO - [Track] ID=2 | motorbike | Pos=(224, 309)
2026-05-10 21:37:23,293 - VehicleCounter - INFO - [Track] ID=3 | motorbike | Pos=(70, 288)
2026-05-10 21:37:23,293 - VehicleCounter - INFO - [Track] ID=4 | motorbike | Pos=(145, 332)
2026-05-10 21:37:23,294 - VehicleCounter - INFO - [Track] ID=5 | motorbike | Pos=(245, 286)
2026-05-10 21:37:23,294 - VehicleCounter - INFO - [Track] ID=14 | motorbike | Pos=(275, 369)
2026-05-10 21:37:23,294 - VehicleCounter - INFO - [Track] ID=20 | motorbike | Pos=(294, 385)
2026-05-10 21:37:23,294 - VehicleCounter - INFO - [Track] ID=23 | motorbike | Pos=(389, 385)
2026-05-10 21:37:23,294 - VehicleCounter - INFO - [Track] ID=25 | motorbike | Pos=(332, 338)
2026-05-10 21:37:23,294 - VehicleCounter - INFO - [Track] ID=29 | motorbike | Pos=(231, 440)
2026-05-10 21:37:23,294 - VehicleCounter - INFO - [Track] ID=24 | motorbike | Pos=(311, 472)
2026-05-10 21:37:23,294 - VehicleCounter - INFO - [Track] ID=30 | motorbike | Pos=(496, 492)
2026-05-10 21:37:23,294 - VehicleCounter - INFO - [Track] ID=9 | motorbike | Pos=(289, 282)
2026-05-10 21:37:23,294 - VehicleCounter - INFO - [Track] ID=28 | motorbike | Pos=(355, 422)
2026-05-10 21:37:23,295 - VehicleCounter - INFO - [Track] ID=32 | motorbike | Pos=(254, 337)
2026-05-10 21:37:23,295 - VehicleCounter - INFO - [Track] ID=7 | motorbike | Pos=(112, 232)
2026-05-10 21:37:23,295 - VehicleCounter - INFO - [Track] ID=33 | truck | Pos=(712, 606)
2026-05-10 21:37:23,526 - VehicleCounter - INFO - [Track] ID=1 | motorbike | Pos=(187, 321)
2026-05-10 21:37:23,526 - VehicleCounter - INFO - [Track] ID=2 | motorbike | Pos=(221, 305)
2026-05-10 21:37:23,526 - VehicleCounter - INFO - [Track] ID=3 | motorbike | Pos=(63, 283)
2026-05-10 21:37:23,526 - VehicleCounter - INFO - [Track] ID=4 | motorbike | Pos=(147, 323)
2026-05-10 21:37:23,526 - VehicleCounter - INFO - [Track] ID=14 | motorbike | Pos=(273, 353)
2026-05-10 21:37:23,526 - VehicleCounter - INFO - [Track] ID=20 | motorbike | Pos=(286, 377)
2026-05-10 21:37:23,526 - VehicleCounter - INFO - [Track] ID=23 | motorbike | Pos=(375, 374)
2026-05-10 21:37:23,526 - VehicleCounter - INFO - [Track] ID=25 | motorbike | Pos=(322, 332)
2026-05-10 21:37:23,526 - VehicleCounter - INFO - [Track] ID=29 | motorbike | Pos=(229, 429)
2026-05-10 21:37:23,526 - VehicleCounter - INFO - [Track] ID=24 | motorbike | Pos=(306, 460)
2026-05-10 21:37:23,526 - VehicleCounter - INFO - [Track] ID=30 | motorbike | Pos=(477, 478)
2026-05-10 21:37:23,526 - VehicleCounter - INFO - [Track] ID=9 | motorbike | Pos=(284, 279)
2026-05-10 21:37:23,526 - VehicleCounter - INFO - [Track] ID=28 | motorbike | Pos=(350, 414)
2026-05-10 21:37:23,526 - VehicleCounter - INFO - [Track] ID=32 | motorbike | Pos=(245, 329)
2026-05-10 21:37:23,526 - VehicleCounter - INFO - [Track] ID=7 | motorbike | Pos=(113, 229)
2026-05-10 21:37:23,526 - VehicleCounter - INFO - [Track] ID=33 | truck | Pos=(663, 592)
2026-05-10 21:37:23,526 - VehicleCounter - INFO - [Track] ID=34 | motorbike | Pos=(38, 599)
2026-05-10 21:37:23,959 - VehicleCounter - INFO - [Track] ID=1 | motorbike | Pos=(185, 316)
2026-05-10 21:37:23,959 - VehicleCounter - INFO - [Track] ID=2 | motorbike | Pos=(220, 302)
2026-05-10 21:37:23,959 - VehicleCounter - INFO - [Track] ID=3 | motorbike | Pos=(60, 280)
2026-05-10 21:37:23,959 - VehicleCounter - INFO - [Track] ID=4 | motorbike | Pos=(148, 318)
2026-05-10 21:37:23,959 - VehicleCounter - INFO - [Track] ID=20 | motorbike | Pos=(282, 373)
2026-05-10 21:37:23,959 - VehicleCounter - INFO - [Track] ID=23 | motorbike | Pos=(367, 369)
2026-05-10 21:37:23,959 - VehicleCounter - INFO - [Track] ID=25 | motorbike | Pos=(316, 327)
2026-05-10 21:37:23,959 - VehicleCounter - INFO - [Track] ID=29 | motorbike | Pos=(228, 423)
2026-05-10 21:37:23,959 - VehicleCounter - INFO - [Track] ID=24 | motorbike | Pos=(303, 453)
2026-05-10 21:37:23,959 - VehicleCounter - INFO - [Track] ID=30 | motorbike | Pos=(467, 471)
2026-05-10 21:37:23,959 - VehicleCounter - INFO - [Track] ID=9 | motorbike | Pos=(281, 276)
2026-05-10 21:37:23,959 - VehicleCounter - INFO - [Track] ID=28 | motorbike | Pos=(347, 408)
2026-05-10 21:37:23,959 - VehicleCounter - INFO - [Track] ID=32 | motorbike | Pos=(239, 327)
2026-05-10 21:37:23,959 - VehicleCounter - INFO - [Track] ID=7 | motorbike | Pos=(114, 228)
2026-05-10 21:37:23,959 - VehicleCounter - INFO - [Track] ID=33 | truck | Pos=(657, 579)
2026-05-10 21:37:23,959 - VehicleCounter - INFO - [Track] ID=14 | motorbike | Pos=(270, 349)
2026-05-10 21:37:24,372 - VehicleCounter - INFO - [Track] ID=1 | motorbike | Pos=(184, 314)
2026-05-10 21:37:24,372 - VehicleCounter - INFO - [Track] ID=2 | motorbike | Pos=(218, 300)
2026-05-10 21:37:24,372 - VehicleCounter - INFO - [Track] ID=3 | motorbike | Pos=(58, 278)
2026-05-10 21:37:24,373 - VehicleCounter - INFO - [Track] ID=4 | motorbike | Pos=(149, 317)
2026-05-10 21:37:24,373 - VehicleCounter - INFO - [Track] ID=20 | motorbike | Pos=(280, 370)
2026-05-10 21:37:24,373 - VehicleCounter - INFO - [Track] ID=23 | motorbike | Pos=(363, 366)
2026-05-10 21:37:24,373 - VehicleCounter - INFO - [Track] ID=25 | motorbike | Pos=(313, 325)
2026-05-10 21:37:24,373 - VehicleCounter - INFO - [Track] ID=29 | motorbike | Pos=(228, 419)
2026-05-10 21:37:24,373 - VehicleCounter - INFO - [Track] ID=24 | motorbike | Pos=(301, 449)
2026-05-10 21:37:24,373 - VehicleCounter - INFO - [Track] ID=30 | motorbike | Pos=(461, 468)
2026-05-10 21:37:24,373 - VehicleCounter - INFO - [Track] ID=9 | motorbike | Pos=(279, 275)
2026-05-10 21:37:24,373 - VehicleCounter - INFO - [Track] ID=28 | motorbike | Pos=(346, 405)
2026-05-10 21:37:24,373 - VehicleCounter - INFO - [Track] ID=32 | motorbike | Pos=(237, 324)
2026-05-10 21:37:24,373 - VehicleCounter - INFO - [Track] ID=7 | motorbike | Pos=(114, 227)
2026-05-10 21:37:24,373 - VehicleCounter - INFO - [Track] ID=33 | truck | Pos=(666, 575)
2026-05-10 21:37:24,373 - VehicleCounter - INFO - [Track] ID=35 | bus | Pos=(695, 576)
2026-05-10 21:37:24,373 - VehicleCounter - INFO - [Track] ID=34 | motorbike | Pos=(58, 583)
2026-05-10 21:37:24,789 - VehicleCounter - INFO - [Track] ID=1 | motorbike | Pos=(180, 307)
2026-05-10 21:37:24,789 - VehicleCounter - INFO - [Track] ID=2 | motorbike | Pos=(214, 294)
2026-05-10 21:37:24,789 - VehicleCounter - INFO - [Track] ID=3 | motorbike | Pos=(54, 272)
2026-05-10 21:37:24,789 - VehicleCounter - INFO - [Track] ID=4 | motorbike | Pos=(148, 311)
2026-05-10 21:37:24,789 - VehicleCounter - INFO - [Track] ID=20 | motorbike | Pos=(272, 361)
2026-05-10 21:37:24,789 - VehicleCounter - INFO - [Track] ID=25 | motorbike | Pos=(303, 320)
2026-05-10 21:37:24,789 - VehicleCounter - INFO - [Track] ID=29 | motorbike | Pos=(224, 412)
2026-05-10 21:37:24,790 - VehicleCounter - INFO - [Track] ID=24 | motorbike | Pos=(296, 439)
2026-05-10 21:37:24,790 - VehicleCounter - INFO - [Track] ID=30 | motorbike | Pos=(447, 458)
2026-05-10 21:37:24,790 - VehicleCounter - INFO - [Track] ID=28 | motorbike | Pos=(342, 396)
2026-05-10 21:37:24,790 - VehicleCounter - INFO - [Track] ID=32 | motorbike | Pos=(229, 318)
2026-05-10 21:37:24,790 - VehicleCounter - INFO - [Track] ID=34 | motorbike | Pos=(72, 572)
2026-05-10 21:37:24,790 - VehicleCounter - INFO - [Track] ID=35 | truck | Pos=(671, 568)
2026-05-10 21:37:25,054 - VehicleCounter - INFO - [Track] ID=1 | motorbike | Pos=(176, 304)
2026-05-10 21:37:25,054 - VehicleCounter - INFO - [Track] ID=3 | motorbike | Pos=(52, 269)
2026-05-10 21:37:25,055 - VehicleCounter - INFO - [Track] ID=4 | motorbike | Pos=(147, 307)
2026-05-10 21:37:25,055 - VehicleCounter - INFO - [Track] ID=20 | motorbike | Pos=(269, 357)
2026-05-10 21:37:25,055 - VehicleCounter - INFO - [Track] ID=25 | motorbike | Pos=(297, 316)
2026-05-10 21:37:25,056 - VehicleCounter - INFO - [Track] ID=29 | motorbike | Pos=(223, 408)
2026-05-10 21:37:25,056 - VehicleCounter - INFO - [Track] ID=24 | motorbike | Pos=(293, 434)
2026-05-10 21:37:25,056 - VehicleCounter - INFO - [Track] ID=30 | motorbike | Pos=(440, 452)
2026-05-10 21:37:25,057 - VehicleCounter - INFO - [Track] ID=28 | motorbike | Pos=(339, 392)
2026-05-10 21:37:25,057 - VehicleCounter - INFO - [Track] ID=32 | motorbike | Pos=(223, 315)
2026-05-10 21:37:25,057 - VehicleCounter - INFO - [Track] ID=34 | motorbike | Pos=(82, 565)
2026-05-10 21:37:25,057 - VehicleCounter - INFO - [Track] ID=35 | truck | Pos=(666, 563)
2026-05-10 21:37:25,480 - VehicleCounter - INFO - [Track] ID=1 | motorbike | Pos=(174, 302)
2026-05-10 21:37:25,481 - VehicleCounter - INFO - [Track] ID=3 | motorbike | Pos=(51, 267)
2026-05-10 21:37:25,481 - VehicleCounter - INFO - [Track] ID=4 | motorbike | Pos=(146, 306)
2026-05-10 21:37:25,481 - VehicleCounter - INFO - [Track] ID=20 | motorbike | Pos=(266, 354)
2026-05-10 21:37:25,481 - VehicleCounter - INFO - [Track] ID=25 | motorbike | Pos=(292, 313)
2026-05-10 21:37:25,481 - VehicleCounter - INFO - [Track] ID=29 | motorbike | Pos=(221, 403)
2026-05-10 21:37:25,481 - VehicleCounter - INFO - [Track] ID=24 | motorbike | Pos=(290, 429)
2026-05-10 21:37:25,481 - VehicleCounter - INFO - [Track] ID=30 | motorbike | Pos=(434, 446)
2026-05-10 21:37:25,481 - VehicleCounter - INFO - [Track] ID=28 | motorbike | Pos=(336, 386)
2026-05-10 21:37:25,481 - VehicleCounter - INFO - [Track] ID=32 | motorbike | Pos=(218, 311)
2026-05-10 21:37:25,481 - VehicleCounter - INFO - [Track] ID=34 | motorbike | Pos=(91, 557)
2026-05-10 21:37:25,481 - VehicleCounter - INFO - [Track] ID=35 | truck | Pos=(663, 557)
2026-05-10 21:37:25,482 - VehicleCounter - INFO - [Track] ID=36 | motorbike | Pos=(198, 247)
2026-05-10 21:37:25,895 - VehicleCounter - INFO - [Track] ID=1 | motorbike | Pos=(172, 298)
2026-05-10 21:37:25,895 - VehicleCounter - INFO - [Track] ID=3 | motorbike | Pos=(50, 263)
2026-05-10 21:37:25,895 - VehicleCounter - INFO - [Track] ID=4 | motorbike | Pos=(145, 301)
2026-05-10 21:37:25,895 - VehicleCounter - INFO - [Track] ID=20 | motorbike | Pos=(263, 350)
2026-05-10 21:37:25,895 - VehicleCounter - INFO - [Track] ID=25 | motorbike | Pos=(286, 309)
2026-05-10 21:37:25,895 - VehicleCounter - INFO - [Track] ID=29 | motorbike | Pos=(219, 398)
2026-05-10 21:37:25,895 - VehicleCounter - INFO - [Track] ID=24 | motorbike | Pos=(288, 423)
2026-05-10 21:37:25,895 - VehicleCounter - INFO - [Track] ID=30 | motorbike | Pos=(428, 440)
2026-05-10 21:37:25,895 - VehicleCounter - INFO - [Track] ID=28 | motorbike | Pos=(333, 379)
2026-05-10 21:37:25,895 - VehicleCounter - INFO - [Track] ID=32 | motorbike | Pos=(213, 305)
2026-05-10 21:37:25,895 - VehicleCounter - INFO - [Track] ID=34 | motorbike | Pos=(99, 544)
2026-05-10 21:37:25,895 - VehicleCounter - INFO - [Track] ID=35 | truck | Pos=(659, 550)
2026-05-10 21:37:25,895 - VehicleCounter - INFO - [Track] ID=7 | motorbike | Pos=(115, 222)
2026-05-10 21:37:26,306 - VehicleCounter - INFO - [Track] ID=1 | motorbike | Pos=(170, 294)
2026-05-10 21:37:26,306 - VehicleCounter - INFO - [Track] ID=3 | motorbike | Pos=(50, 260)
2026-05-10 21:37:26,306 - VehicleCounter - INFO - [Track] ID=4 | motorbike | Pos=(145, 298)
2026-05-10 21:37:26,306 - VehicleCounter - INFO - [Track] ID=20 | motorbike | Pos=(259, 347)
2026-05-10 21:37:26,306 - VehicleCounter - INFO - [Track] ID=25 | motorbike | Pos=(281, 305)
2026-05-10 21:37:26,306 - VehicleCounter - INFO - [Track] ID=29 | motorbike | Pos=(218, 393)
2026-05-10 21:37:26,306 - VehicleCounter - INFO - [Track] ID=24 | motorbike | Pos=(286, 418)
2026-05-10 21:37:26,306 - VehicleCounter - INFO - [Track] ID=30 | motorbike | Pos=(422, 433)
2026-05-10 21:37:26,306 - VehicleCounter - INFO - [Track] ID=28 | motorbike | Pos=(332, 379)
2026-05-10 21:37:26,306 - VehicleCounter - INFO - [Track] ID=32 | motorbike | Pos=(209, 301)
2026-05-10 21:37:26,306 - VehicleCounter - INFO - [Track] ID=34 | motorbike | Pos=(106, 531)
2026-05-10 21:37:26,306 - VehicleCounter - INFO - [Track] ID=35 | truck | Pos=(646, 545)
2026-05-10 21:37:26,306 - VehicleCounter - INFO - [Track] ID=37 | motorbike | Pos=(849, 614)
2026-05-10 21:37:26,592 - VehicleCounter - INFO - [Track] ID=1 | motorbike | Pos=(170, 293)
2026-05-10 21:37:26,592 - VehicleCounter - INFO - [Track] ID=3 | motorbike | Pos=(50, 259)
2026-05-10 21:37:26,592 - VehicleCounter - INFO - [Track] ID=4 | motorbike | Pos=(146, 297)
2026-05-10 21:37:26,592 - VehicleCounter - INFO - [Track] ID=20 | motorbike | Pos=(259, 346)
2026-05-10 21:37:26,592 - VehicleCounter - INFO - [Track] ID=25 | motorbike | Pos=(280, 304)
2026-05-10 21:37:26,592 - VehicleCounter - INFO - [Track] ID=29 | motorbike | Pos=(218, 392)
2026-05-10 21:37:26,593 - VehicleCounter - INFO - [Track] ID=24 | motorbike | Pos=(285, 416)
2026-05-10 21:37:26,593 - VehicleCounter - INFO - [Track] ID=30 | motorbike | Pos=(421, 432)
2026-05-10 21:37:26,593 - VehicleCounter - INFO - [Track] ID=28 | motorbike | Pos=(331, 378)
2026-05-10 21:37:26,593 - VehicleCounter - INFO - [Track] ID=32 | motorbike | Pos=(208, 300)
2026-05-10 21:37:26,593 - VehicleCounter - INFO - [Track] ID=34 | motorbike | Pos=(108, 526)
2026-05-10 21:37:26,593 - VehicleCounter - INFO - [Track] ID=35 | bus | Pos=(641, 542)
2026-05-10 21:37:26,593 - VehicleCounter - INFO - [Track] ID=23 | motorbike | Pos=(319, 337)
2026-05-10 21:37:26,983 - VehicleCounter - INFO - [Track] ID=1 | motorbike | Pos=(168, 288)
2026-05-10 21:37:26,983 - VehicleCounter - INFO - [Track] ID=3 | motorbike | Pos=(51, 257)
2026-05-10 21:37:26,983 - VehicleCounter - INFO - [Track] ID=4 | motorbike | Pos=(146, 293)
2026-05-10 21:37:26,983 - VehicleCounter - INFO - [Track] ID=20 | motorbike | Pos=(256, 341)
2026-05-10 21:37:26,983 - VehicleCounter - INFO - [Track] ID=25 | motorbike | Pos=(274, 301)
2026-05-10 21:37:26,983 - VehicleCounter - INFO - [Track] ID=29 | motorbike | Pos=(217, 386)
2026-05-10 21:37:26,983 - VehicleCounter - INFO - [Track] ID=24 | motorbike | Pos=(283, 410)
2026-05-10 21:37:26,983 - VehicleCounter - INFO - [Track] ID=30 | motorbike | Pos=(416, 424)
2026-05-10 21:37:26,983 - VehicleCounter - INFO - [Track] ID=28 | motorbike | Pos=(330, 373)
2026-05-10 21:37:26,983 - VehicleCounter - INFO - [Track] ID=32 | motorbike | Pos=(205, 296)
2026-05-10 21:37:26,983 - VehicleCounter - INFO - [Track] ID=34 | motorbike | Pos=(119, 510)
2026-05-10 21:37:26,983 - VehicleCounter - INFO - [Track] ID=35 | truck | Pos=(627, 536)
2026-05-10 21:37:26,983 - VehicleCounter - INFO - [Track] ID=38 | motorbike | Pos=(171, 609)
2026-05-10 21:37:26,983 - VehicleCounter - INFO - [Track] ID=23 | motorbike | Pos=(313, 332)
2026-05-10 21:37:26,983 - VehicleCounter - INFO - [Track] ID=33 | bus | Pos=(602, 535)
2026-05-10 21:37:27,760 - VehicleCounter - INFO - [Track] ID=1 | motorbike | Pos=(168, 286)
2026-05-10 21:37:27,760 - VehicleCounter - INFO - [Track] ID=3 | motorbike | Pos=(52, 254)
2026-05-10 21:37:27,760 - VehicleCounter - INFO - [Track] ID=4 | motorbike | Pos=(147, 291)
2026-05-10 21:37:27,760 - VehicleCounter - INFO - [Track] ID=20 | motorbike | Pos=(255, 339)
2026-05-10 21:37:27,760 - VehicleCounter - INFO - [Track] ID=25 | motorbike | Pos=(271, 299)
2026-05-10 21:37:27,760 - VehicleCounter - INFO - [Track] ID=29 | motorbike | Pos=(217, 383)
2026-05-10 21:37:27,760 - VehicleCounter - INFO - [Track] ID=24 | motorbike | Pos=(282, 406)
2026-05-10 21:37:27,760 - VehicleCounter - INFO - [Track] ID=30 | motorbike | Pos=(414, 420)
2026-05-10 21:37:27,760 - VehicleCounter - INFO - [Track] ID=28 | motorbike | Pos=(329, 370)
2026-05-10 21:37:27,760 - VehicleCounter - INFO - [Track] ID=32 | motorbike | Pos=(204, 294)
2026-05-10 21:37:27,760 - VehicleCounter - INFO - [Track] ID=34 | motorbike | Pos=(124, 501)
2026-05-10 21:37:27,760 - VehicleCounter - INFO - [Track] ID=35 | truck | Pos=(623, 532)
2026-05-10 21:37:27,760 - VehicleCounter - INFO - [Track] ID=38 | motorbike | Pos=(179, 603)
2026-05-10 21:37:27,760 - VehicleCounter - INFO - [Track] ID=23 | motorbike | Pos=(311, 329)
2026-05-10 21:37:27,991 - VehicleCounter - INFO - [Track] ID=1 | motorbike | Pos=(164, 281)
2026-05-10 21:37:27,991 - VehicleCounter - INFO - [Track] ID=3 | motorbike | Pos=(52, 250)
2026-05-10 21:37:27,991 - VehicleCounter - INFO - [Track] ID=4 | motorbike | Pos=(146, 288)
2026-05-10 21:37:27,991 - VehicleCounter - INFO - [Track] ID=20 | motorbike | Pos=(249, 335)
2026-05-10 21:37:27,991 - VehicleCounter - INFO - [Track] ID=25 | motorbike | Pos=(263, 293)
2026-05-10 21:37:27,991 - VehicleCounter - INFO - [Track] ID=29 | motorbike | Pos=(214, 377)
2026-05-10 21:37:27,991 - VehicleCounter - INFO - [Track] ID=24 | motorbike | Pos=(279, 401)
2026-05-10 21:37:27,991 - VehicleCounter - INFO - [Track] ID=30 | motorbike | Pos=(409, 414)
2026-05-10 21:37:27,991 - VehicleCounter - INFO - [Track] ID=28 | motorbike | Pos=(326, 364)
2026-05-10 21:37:27,991 - VehicleCounter - INFO - [Track] ID=32 | motorbike | Pos=(199, 289)
2026-05-10 21:37:27,991 - VehicleCounter - INFO - [Track] ID=34 | motorbike | Pos=(131, 488)
2026-05-10 21:37:27,993 - VehicleCounter - INFO - [Track] ID=35 | truck | Pos=(607, 526)
2026-05-10 21:37:27,993 - VehicleCounter - INFO - [Track] ID=38 | motorbike | Pos=(192, 592)
2026-05-10 21:37:27,993 - VehicleCounter - INFO - [Track] ID=23 | motorbike | Pos=(306, 325)
2026-05-10 21:37:27,993 - VehicleCounter - INFO - [Track] ID=39 | motorbike | Pos=(470, 479)
2026-05-10 21:37:28,408 - VehicleCounter - INFO - [Track] ID=1 | motorbike | Pos=(163, 278)
2026-05-10 21:37:28,408 - VehicleCounter - INFO - [Track] ID=3 | motorbike | Pos=(53, 247)
2026-05-10 21:37:28,408 - VehicleCounter - INFO - [Track] ID=4 | motorbike | Pos=(146, 285)
2026-05-10 21:37:28,408 - VehicleCounter - INFO - [Track] ID=20 | motorbike | Pos=(246, 331)
2026-05-10 21:37:28,408 - VehicleCounter - INFO - [Track] ID=29 | motorbike | Pos=(213, 373)
2026-05-10 21:37:28,409 - VehicleCounter - INFO - [Track] ID=24 | motorbike | Pos=(278, 396)
2026-05-10 21:37:28,409 - VehicleCounter - INFO - [Track] ID=30 | motorbike | Pos=(406, 408)
2026-05-10 21:37:28,409 - VehicleCounter - INFO - [Track] ID=28 | motorbike | Pos=(324, 361)
2026-05-10 21:37:28,409 - VehicleCounter - INFO - [Track] ID=32 | motorbike | Pos=(196, 287)
2026-05-10 21:37:28,409 - VehicleCounter - INFO - [Track] ID=34 | motorbike | Pos=(137, 476)
2026-05-10 21:37:28,409 - VehicleCounter - INFO - [Track] ID=35 | truck | Pos=(602, 521)
2026-05-10 21:37:28,409 - VehicleCounter - INFO - [Track] ID=38 | motorbike | Pos=(203, 582)
2026-05-10 21:37:28,409 - VehicleCounter - INFO - [Track] ID=23 | motorbike | Pos=(302, 322)
2026-05-10 21:37:28,409 - VehicleCounter - INFO - [Track] ID=39 | motorbike | Pos=(462, 471)
2026-05-10 21:37:28,409 - VehicleCounter - INFO - [Track] ID=25 | motorbike | Pos=(259, 289)
2026-05-10 21:37:28,843 - VehicleCounter - INFO - [Track] ID=1 | motorbike | Pos=(162, 276)
2026-05-10 21:37:28,843 - VehicleCounter - INFO - [Track] ID=3 | motorbike | Pos=(55, 245)
2026-05-10 21:37:28,843 - VehicleCounter - INFO - [Track] ID=4 | motorbike | Pos=(146, 284)
2026-05-10 21:37:28,843 - VehicleCounter - INFO - [Track] ID=20 | motorbike | Pos=(244, 328)
2026-05-10 21:37:28,843 - VehicleCounter - INFO - [Track] ID=29 | motorbike | Pos=(213, 370)
2026-05-10 21:37:28,843 - VehicleCounter - INFO - [Track] ID=24 | motorbike | Pos=(277, 393)
2026-05-10 21:37:28,843 - VehicleCounter - INFO - [Track] ID=30 | motorbike | Pos=(404, 404)
2026-05-10 21:37:28,843 - VehicleCounter - INFO - [Track] ID=28 | motorbike | Pos=(322, 359)
2026-05-10 21:37:28,844 - VehicleCounter - INFO - [Track] ID=32 | motorbike | Pos=(195, 284)
2026-05-10 21:37:28,844 - VehicleCounter - INFO - [Track] ID=34 | motorbike | Pos=(142, 466)
2026-05-10 21:37:28,844 - VehicleCounter - INFO - [Track] ID=35 | truck | Pos=(594, 515)
2026-05-10 21:37:28,844 - VehicleCounter - INFO - [Track] ID=38 | motorbike | Pos=(212, 576)
2026-05-10 21:37:28,844 - VehicleCounter - INFO - [Track] ID=23 | motorbike | Pos=(300, 319)
2026-05-10 21:37:28,844 - VehicleCounter - INFO - [Track] ID=39 | motorbike | Pos=(453, 465)
2026-05-10 21:37:28,844 - VehicleCounter - INFO - [Track] ID=40 | motorbike | Pos=(166, 619)
2026-05-10 21:37:29,314 - VehicleCounter - INFO - [Track] ID=1 | motorbike | Pos=(161, 276)
2026-05-10 21:37:29,315 - VehicleCounter - INFO - [Track] ID=3 | motorbike | Pos=(56, 244)
2026-05-10 21:37:29,315 - VehicleCounter - INFO - [Track] ID=4 | motorbike | Pos=(148, 282)
2026-05-10 21:37:29,315 - VehicleCounter - INFO - [Track] ID=20 | motorbike | Pos=(243, 326)
2026-05-10 21:37:29,315 - VehicleCounter - INFO - [Track] ID=29 | motorbike | Pos=(213, 367)
2026-05-10 21:37:29,315 - VehicleCounter - INFO - [Track] ID=24 | motorbike | Pos=(276, 390)
2026-05-10 21:37:29,315 - VehicleCounter - INFO - [Track] ID=30 | motorbike | Pos=(403, 402)
2026-05-10 21:37:29,315 - VehicleCounter - INFO - [Track] ID=28 | motorbike | Pos=(321, 356)
2026-05-10 21:37:29,315 - VehicleCounter - INFO - [Track] ID=32 | motorbike | Pos=(194, 282)
2026-05-10 21:37:29,315 - VehicleCounter - INFO - [Track] ID=34 | motorbike | Pos=(145, 460)
2026-05-10 21:37:29,315 - VehicleCounter - INFO - [Track] ID=35 | truck | Pos=(593, 516)
2026-05-10 21:37:29,315 - VehicleCounter - INFO - [Track] ID=38 | motorbike | Pos=(216, 571)
2026-05-10 21:37:29,315 - VehicleCounter - INFO - [Track] ID=23 | motorbike | Pos=(298, 317)
2026-05-10 21:37:29,315 - VehicleCounter - INFO - [Track] ID=39 | motorbike | Pos=(448, 458)
2026-05-10 21:37:29,315 - VehicleCounter - INFO - [Track] ID=40 | motorbike | Pos=(161, 614)
2026-05-10 21:39:29,903 - VehicleCounter - INFO - Starting Vehicle Counter & Traffic Analytics System...
2026-05-10 21:39:34,023 - VehicleCounter - INFO - Loaded video source: E:/EAUT/Python/final_test/test/cam4.mp4
2026-05-10 21:39:42,207 - VehicleCounter - INFO - Loading model from E:/EAUT/Python/final_test/model/lastest.pt...
2026-05-10 21:39:42,359 - VehicleCounter - INFO - Model loaded successfully.
2026-05-10 21:39:44,322 - VehicleCounter - INFO - [Track] ID=1 | motorbike | Pos=(261, 559)
2026-05-10 21:39:44,322 - VehicleCounter - INFO - [Track] ID=2 | motorbike | Pos=(291, 446)
2026-05-10 21:39:44,323 - VehicleCounter - INFO - [Track] ID=3 | motorbike | Pos=(101, 452)
2026-05-10 21:39:44,323 - VehicleCounter - INFO - [Track] ID=4 | motorbike | Pos=(90, 567)
2026-05-10 21:39:44,324 - VehicleCounter - INFO - [Track] ID=5 | motorbike | Pos=(423, 421)
2026-05-10 21:39:44,324 - VehicleCounter - INFO - [Track] ID=6 | motorbike | Pos=(405, 514)
2026-05-10 21:39:44,324 - VehicleCounter - INFO - [Track] ID=7 | motorbike | Pos=(102, 295)
2026-05-10 21:39:44,324 - VehicleCounter - INFO - [Track] ID=8 | motorbike | Pos=(189, 306)
2026-05-10 21:39:44,324 - VehicleCounter - INFO - [Track] ID=9 | motorbike | Pos=(352, 330)
2026-05-10 21:39:44,324 - VehicleCounter - INFO - [Track] ID=10 | motorbike | Pos=(246, 358)
2026-05-10 21:39:44,324 - VehicleCounter - INFO - [Track] ID=11 | motorbike | Pos=(225, 321)
2026-05-10 21:39:44,324 - VehicleCounter - INFO - [Track] ID=12 | motorbike | Pos=(163, 261)
2026-05-10 21:39:44,325 - VehicleCounter - INFO - [Track] ID=13 | motorbike | Pos=(201, 226)
2026-05-10 21:39:44,325 - VehicleCounter - INFO - [Track] ID=14 | motorbike | Pos=(416, 592)
2026-05-10 21:39:44,325 - VehicleCounter - INFO - [Track] ID=15 | motorbike | Pos=(244, 250)
2026-05-10 21:39:44,325 - VehicleCounter - INFO - [Track] ID=16 | motorbike | Pos=(175, 229)
2026-05-10 21:39:44,325 - VehicleCounter - INFO - [Track] ID=17 | car | Pos=(137, 207)
2026-05-10 21:39:44,325 - VehicleCounter - INFO - [Track] ID=18 | motorbike | Pos=(264, 307)
2026-05-10 21:39:44,325 - VehicleCounter - INFO - [Track] ID=19 | car | Pos=(63, 199)
2026-05-10 21:39:44,325 - VehicleCounter - INFO - [Track] ID=20 | motorbike | Pos=(504, 577)
2026-05-10 21:39:44,326 - VehicleCounter - INFO - [Track] ID=21 | car | Pos=(98, 224)
2026-05-10 21:39:44,326 - VehicleCounter - INFO - [Track] ID=22 | motorbike | Pos=(282, 298)
2026-05-10 21:39:44,326 - VehicleCounter - INFO - [Track] ID=23 | motorbike | Pos=(682, 599)
2026-05-10 21:39:44,326 - VehicleCounter - INFO - [Track] ID=25 | motorbike | Pos=(523, 546)
2026-05-10 21:39:45,057 - VehicleCounter - INFO - [Track] ID=1 | motorbike | Pos=(253, 541)
2026-05-10 21:39:45,057 - VehicleCounter - INFO - [Track] ID=2 | motorbike | Pos=(286, 434)
2026-05-10 21:39:45,058 - VehicleCounter - INFO - [Track] ID=3 | motorbike | Pos=(94, 435)
2026-05-10 21:39:45,058 - VehicleCounter - INFO - [Track] ID=4 | motorbike | Pos=(93, 552)
2026-05-10 21:39:45,058 - VehicleCounter - INFO - [Track] ID=5 | motorbike | Pos=(409, 409)
2026-05-10 21:39:45,059 - VehicleCounter - INFO - [Track] ID=6 | motorbike | Pos=(393, 498)
2026-05-10 21:39:45,059 - VehicleCounter - INFO - [Track] ID=7 | motorbike | Pos=(102, 290)
2026-05-10 21:39:45,059 - VehicleCounter - INFO - [Track] ID=8 | motorbike | Pos=(190, 301)
2026-05-10 21:39:45,059 - VehicleCounter - INFO - [Track] ID=9 | motorbike | Pos=(347, 325)
2026-05-10 21:39:45,059 - VehicleCounter - INFO - [Track] ID=10 | motorbike | Pos=(242, 350)
2026-05-10 21:39:45,060 - VehicleCounter - INFO - [Track] ID=11 | motorbike | Pos=(215, 319)
2026-05-10 21:39:45,060 - VehicleCounter - INFO - [Track] ID=12 | motorbike | Pos=(160, 256)
2026-05-10 21:39:45,060 - VehicleCounter - INFO - [Track] ID=14 | motorbike | Pos=(388, 580)
2026-05-10 21:39:45,060 - VehicleCounter - INFO - [Track] ID=17 | car | Pos=(136, 206)
2026-05-10 21:39:45,060 - VehicleCounter - INFO - [Track] ID=18 | motorbike | Pos=(253, 301)
2026-05-10 21:39:45,060 - VehicleCounter - INFO - [Track] ID=20 | motorbike | Pos=(485, 571)
2026-05-10 21:39:45,061 - VehicleCounter - INFO - [Track] ID=22 | motorbike | Pos=(277, 296)
2026-05-10 21:39:45,061 - VehicleCounter - INFO - [Track] ID=23 | motorbike | Pos=(657, 588)
2026-05-10 21:39:45,061 - VehicleCounter - INFO - [Track] ID=25 | motorbike | Pos=(515, 529)
2026-05-10 21:39:45,629 - VehicleCounter - INFO - [Track] ID=1 | motorbike | Pos=(246, 525)
2026-05-10 21:39:45,629 - VehicleCounter - INFO - [Track] ID=2 | motorbike | Pos=(283, 425)
2026-05-10 21:39:45,629 - VehicleCounter - INFO - [Track] ID=3 | motorbike | Pos=(91, 423)
2026-05-10 21:39:45,629 - VehicleCounter - INFO - [Track] ID=4 | motorbike | Pos=(96, 536)
2026-05-10 21:39:45,629 - VehicleCounter - INFO - [Track] ID=5 | motorbike | Pos=(399, 401)
2026-05-10 21:39:45,629 - VehicleCounter - INFO - [Track] ID=6 | motorbike | Pos=(385, 489)
2026-05-10 21:39:45,629 - VehicleCounter - INFO - [Track] ID=7 | motorbike | Pos=(102, 287)
2026-05-10 21:39:45,630 - VehicleCounter - INFO - [Track] ID=8 | motorbike | Pos=(191, 297)
2026-05-10 21:39:45,630 - VehicleCounter - INFO - [Track] ID=9 | motorbike | Pos=(343, 324)
2026-05-10 21:39:45,630 - VehicleCounter - INFO - [Track] ID=10 | motorbike | Pos=(239, 345)
2026-05-10 21:39:45,630 - VehicleCounter - INFO - [Track] ID=11 | motorbike | Pos=(208, 316)
2026-05-10 21:39:45,630 - VehicleCounter - INFO - [Track] ID=12 | motorbike | Pos=(159, 254)
2026-05-10 21:39:45,631 - VehicleCounter - INFO - [Track] ID=14 | motorbike | Pos=(367, 573)
2026-05-10 21:39:45,631 - VehicleCounter - INFO - [Track] ID=17 | car | Pos=(136, 205)
2026-05-10 21:39:45,631 - VehicleCounter - INFO - [Track] ID=18 | motorbike | Pos=(246, 297)
2026-05-10 21:39:45,631 - VehicleCounter - INFO - [Track] ID=20 | motorbike | Pos=(470, 566)
2026-05-10 21:39:45,631 - VehicleCounter - INFO - [Track] ID=22 | motorbike | Pos=(275, 294)
2026-05-10 21:39:45,631 - VehicleCounter - INFO - [Track] ID=23 | motorbike | Pos=(639, 579)
2026-05-10 21:39:45,631 - VehicleCounter - INFO - [Track] ID=25 | motorbike | Pos=(508, 517)
2026-05-10 21:39:45,631 - VehicleCounter - INFO - [Track] ID=26 | motorbike | Pos=(224, 304)
2026-05-10 21:39:45,633 - VehicleCounter - INFO - [Track] ID=13 | motorbike | Pos=(200, 223)
2026-05-10 21:39:45,633 - VehicleCounter - INFO - [Track] ID=21 | car | Pos=(99, 221)
2026-05-10 21:39:46,180 - VehicleCounter - INFO - [Track] ID=1 | motorbike | Pos=(241, 515)
2026-05-10 21:39:46,180 - VehicleCounter - INFO - [Track] ID=2 | motorbike | Pos=(281, 420)
2026-05-10 21:39:46,180 - VehicleCounter - INFO - [Track] ID=3 | motorbike | Pos=(90, 417)
2026-05-10 21:39:46,181 - VehicleCounter - INFO - [Track] ID=4 | motorbike | Pos=(98, 522)
2026-05-10 21:39:46,181 - VehicleCounter - INFO - [Track] ID=5 | motorbike | Pos=(394, 396)
2026-05-10 21:39:46,181 - VehicleCounter - INFO - [Track] ID=6 | motorbike | Pos=(379, 481)
2026-05-10 21:39:46,181 - VehicleCounter - INFO - [Track] ID=7 | motorbike | Pos=(103, 285)
2026-05-10 21:39:46,181 - VehicleCounter - INFO - [Track] ID=9 | motorbike | Pos=(341, 322)
2026-05-10 21:39:46,181 - VehicleCounter - INFO - [Track] ID=10 | motorbike | Pos=(237, 341)
2026-05-10 21:39:46,181 - VehicleCounter - INFO - [Track] ID=11 | motorbike | Pos=(202, 312)
2026-05-10 21:39:46,181 - VehicleCounter - INFO - [Track] ID=12 | motorbike | Pos=(158, 253)
2026-05-10 21:39:46,181 - VehicleCounter - INFO - [Track] ID=14 | motorbike | Pos=(361, 569)
2026-05-10 21:39:46,181 - VehicleCounter - INFO - [Track] ID=17 | car | Pos=(136, 205)
2026-05-10 21:39:46,181 - VehicleCounter - INFO - [Track] ID=18 | motorbike | Pos=(242, 295)
2026-05-10 21:39:46,181 - VehicleCounter - INFO - [Track] ID=20 | motorbike | Pos=(462, 562)
2026-05-10 21:39:46,183 - VehicleCounter - INFO - [Track] ID=22 | motorbike | Pos=(273, 293)
2026-05-10 21:39:46,183 - VehicleCounter - INFO - [Track] ID=23 | motorbike | Pos=(627, 575)
2026-05-10 21:39:46,183 - VehicleCounter - INFO - [Track] ID=25 | motorbike | Pos=(504, 507)
2026-05-10 21:39:46,183 - VehicleCounter - INFO - [Track] ID=26 | motorbike | Pos=(223, 302)
2026-05-10 21:39:46,183 - VehicleCounter - INFO - [Track] ID=13 | motorbike | Pos=(200, 222)
2026-05-10 21:39:46,183 - VehicleCounter - INFO - [Track] ID=21 | car | Pos=(98, 220)
2026-05-10 21:39:46,183 - VehicleCounter - INFO - [Track] ID=27 | motorbike | Pos=(179, 283)
2026-05-10 21:39:46,183 - VehicleCounter - INFO - [Track] ID=19 | car | Pos=(63, 198)
2026-05-10 21:39:46,647 - VehicleCounter - INFO - [Track] ID=1 | motorbike | Pos=(234, 500)
2026-05-10 21:39:46,647 - VehicleCounter - INFO - [Track] ID=2 | motorbike | Pos=(278, 411)
2026-05-10 21:39:46,647 - VehicleCounter - INFO - [Track] ID=3 | motorbike | Pos=(91, 408)
2026-05-10 21:39:46,648 - VehicleCounter - INFO - [Track] ID=4 | motorbike | Pos=(103, 507)
2026-05-10 21:39:46,648 - VehicleCounter - INFO - [Track] ID=5 | motorbike | Pos=(384, 387)
2026-05-10 21:39:46,648 - VehicleCounter - INFO - [Track] ID=6 | motorbike | Pos=(371, 472)
2026-05-10 21:39:46,649 - VehicleCounter - INFO - [Track] ID=7 | motorbike | Pos=(104, 280)
2026-05-10 21:39:46,649 - VehicleCounter - INFO - [Track] ID=9 | motorbike | Pos=(339, 320)
2026-05-10 21:39:46,649 - VehicleCounter - INFO - [Track] ID=10 | motorbike | Pos=(236, 336)
2026-05-10 21:39:46,649 - VehicleCounter - INFO - [Track] ID=11 | motorbike | Pos=(196, 307)
2026-05-10 21:39:46,649 - VehicleCounter - INFO - [Track] ID=14 | motorbike | Pos=(343, 559)
2026-05-10 21:39:46,649 - VehicleCounter - INFO - [Track] ID=20 | motorbike | Pos=(451, 551)
2026-05-10 21:39:46,649 - VehicleCounter - INFO - [Track] ID=22 | motorbike | Pos=(272, 288)
2026-05-10 21:39:46,649 - VehicleCounter - INFO - [Track] ID=23 | motorbike | Pos=(614, 566)
2026-05-10 21:39:46,649 - VehicleCounter - INFO - [Track] ID=25 | motorbike | Pos=(499, 493)
2026-05-10 21:39:46,649 - VehicleCounter - INFO - [Track] ID=26 | motorbike | Pos=(221, 297)
2026-05-10 21:39:46,649 - VehicleCounter - INFO - [Track] ID=27 | motorbike | Pos=(176, 276)
2026-05-10 21:39:47,086 - VehicleCounter - INFO - [Track] ID=1 | motorbike | Pos=(229, 489)
2026-05-10 21:39:47,086 - VehicleCounter - INFO - [Track] ID=2 | motorbike | Pos=(276, 404)
2026-05-10 21:39:47,086 - VehicleCounter - INFO - [Track] ID=3 | motorbike | Pos=(90, 399)
2026-05-10 21:39:47,086 - VehicleCounter - INFO - [Track] ID=4 | motorbike | Pos=(105, 494)
2026-05-10 21:39:47,086 - VehicleCounter - INFO - [Track] ID=5 | motorbike | Pos=(376, 380)
2026-05-10 21:39:47,086 - VehicleCounter - INFO - [Track] ID=6 | motorbike | Pos=(365, 462)
2026-05-10 21:39:47,086 - VehicleCounter - INFO - [Track] ID=7 | motorbike | Pos=(104, 278)
2026-05-10 21:39:47,086 - VehicleCounter - INFO - [Track] ID=9 | motorbike | Pos=(336, 318)
2026-05-10 21:39:47,086 - VehicleCounter - INFO - [Track] ID=10 | motorbike | Pos=(233, 333)
2026-05-10 21:39:47,086 - VehicleCounter - INFO - [Track] ID=11 | motorbike | Pos=(190, 306)
2026-05-10 21:39:47,087 - VehicleCounter - INFO - [Track] ID=14 | motorbike | Pos=(332, 548)
2026-05-10 21:39:47,087 - VehicleCounter - INFO - [Track] ID=20 | motorbike | Pos=(440, 541)
2026-05-10 21:39:47,087 - VehicleCounter - INFO - [Track] ID=22 | motorbike | Pos=(270, 287)
2026-05-10 21:39:47,087 - VehicleCounter - INFO - [Track] ID=23 | motorbike | Pos=(601, 561)
2026-05-10 21:39:47,087 - VehicleCounter - INFO - [Track] ID=25 | motorbike | Pos=(492, 482)
2026-05-10 21:39:47,087 - VehicleCounter - INFO - [Track] ID=26 | motorbike | Pos=(219, 295)
2026-05-10 21:39:47,088 - VehicleCounter - INFO - [Track] ID=27 | motorbike | Pos=(176, 273)
2026-05-10 21:39:47,088 - VehicleCounter - INFO - [Track] ID=28 | motorbike | Pos=(363, 579)
2026-05-10 21:39:47,328 - VehicleCounter - INFO - [Track] ID=1 | motorbike | Pos=(225, 480)
2026-05-10 21:39:47,328 - VehicleCounter - INFO - [Track] ID=2 | motorbike | Pos=(274, 400)
2026-05-10 21:39:47,328 - VehicleCounter - INFO - [Track] ID=3 | motorbike | Pos=(90, 395)
2026-05-10 21:39:47,328 - VehicleCounter - INFO - [Track] ID=4 | motorbike | Pos=(108, 486)
2026-05-10 21:39:47,328 - VehicleCounter - INFO - [Track] ID=5 | motorbike | Pos=(370, 375)
2026-05-10 21:39:47,328 - VehicleCounter - INFO - [Track] ID=6 | motorbike | Pos=(360, 455)
2026-05-10 21:39:47,328 - VehicleCounter - INFO - [Track] ID=7 | motorbike | Pos=(104, 277)
2026-05-10 21:39:47,328 - VehicleCounter - INFO - [Track] ID=9 | motorbike | Pos=(334, 316)
2026-05-10 21:39:47,328 - VehicleCounter - INFO - [Track] ID=10 | motorbike | Pos=(232, 331)
2026-05-10 21:39:47,330 - VehicleCounter - INFO - [Track] ID=11 | motorbike | Pos=(186, 306)
2026-05-10 21:39:47,330 - VehicleCounter - INFO - [Track] ID=14 | motorbike | Pos=(324, 536)
2026-05-10 21:39:47,330 - VehicleCounter - INFO - [Track] ID=20 | motorbike | Pos=(433, 533)
2026-05-10 21:39:47,330 - VehicleCounter - INFO - [Track] ID=22 | motorbike | Pos=(269, 286)
2026-05-10 21:39:47,330 - VehicleCounter - INFO - [Track] ID=23 | motorbike | Pos=(592, 556)
2026-05-10 21:39:47,330 - VehicleCounter - INFO - [Track] ID=25 | motorbike | Pos=(489, 475)
2026-05-10 21:39:47,331 - VehicleCounter - INFO - [Track] ID=26 | motorbike | Pos=(218, 294)
2026-05-10 21:39:47,331 - VehicleCounter - INFO - [Track] ID=28 | motorbike | Pos=(365, 577)
2026-05-10 21:39:47,746 - VehicleCounter - INFO - [Track] ID=1 | motorbike | Pos=(220, 467)
2026-05-10 21:39:47,747 - VehicleCounter - INFO - [Track] ID=2 | motorbike | Pos=(271, 393)
2026-05-10 21:39:47,747 - VehicleCounter - INFO - [Track] ID=3 | motorbike | Pos=(90, 387)
2026-05-10 21:39:47,747 - VehicleCounter - INFO - [Track] ID=4 | motorbike | Pos=(112, 473)
2026-05-10 21:39:47,747 - VehicleCounter - INFO - [Track] ID=5 | motorbike | Pos=(361, 369)
2026-05-10 21:39:47,747 - VehicleCounter - INFO - [Track] ID=6 | motorbike | Pos=(353, 447)
2026-05-10 21:39:47,747 - VehicleCounter - INFO - [Track] ID=7 | motorbike | Pos=(104, 274)
2026-05-10 21:39:47,747 - VehicleCounter - INFO - [Track] ID=9 | motorbike | Pos=(331, 314)
2026-05-10 21:39:47,747 - VehicleCounter - INFO - [Track] ID=10 | motorbike | Pos=(229, 326)
2026-05-10 21:39:47,748 - VehicleCounter - INFO - [Track] ID=11 | motorbike | Pos=(180, 299)
2026-05-10 21:39:47,748 - VehicleCounter - INFO - [Track] ID=14 | motorbike | Pos=(317, 521)
2026-05-10 21:39:47,748 - VehicleCounter - INFO - [Track] ID=20 | motorbike | Pos=(423, 522)
2026-05-10 21:39:47,748 - VehicleCounter - INFO - [Track] ID=22 | motorbike | Pos=(266, 284)
2026-05-10 21:39:47,748 - VehicleCounter - INFO - [Track] ID=23 | motorbike | Pos=(577, 546)
2026-05-10 21:39:47,748 - VehicleCounter - INFO - [Track] ID=25 | motorbike | Pos=(482, 464)
2026-05-10 21:39:47,748 - VehicleCounter - INFO - [Track] ID=28 | motorbike | Pos=(363, 570)
2026-05-10 21:39:47,748 - VehicleCounter - INFO - [Track] ID=29 | motorbike | Pos=(317, 594)
2026-05-10 21:39:47,749 - VehicleCounter - INFO - [Track] ID=24 | motorbike | Pos=(382, 617)
2026-05-10 21:39:47,749 - VehicleCounter - INFO - [Track] ID=8 | motorbike | Pos=(205, 282)
2026-05-10 21:39:48,160 - VehicleCounter - INFO - [Track] ID=1 | motorbike | Pos=(214, 452)
2026-05-10 21:39:48,160 - VehicleCounter - INFO - [Track] ID=2 | motorbike | Pos=(267, 385)
2026-05-10 21:39:48,161 - VehicleCounter - INFO - [Track] ID=3 | motorbike | Pos=(91, 377)
2026-05-10 21:39:48,161 - VehicleCounter - INFO - [Track] ID=4 | motorbike | Pos=(117, 457)
2026-05-10 21:39:48,161 - VehicleCounter - INFO - [Track] ID=5 | motorbike | Pos=(350, 360)
2026-05-10 21:39:48,161 - VehicleCounter - INFO - [Track] ID=6 | motorbike | Pos=(344, 437)
2026-05-10 21:39:48,161 - VehicleCounter - INFO - [Track] ID=7 | motorbike | Pos=(105, 269)
2026-05-10 21:39:48,161 - VehicleCounter - INFO - [Track] ID=9 | motorbike | Pos=(327, 310)
2026-05-10 21:39:48,162 - VehicleCounter - INFO - [Track] ID=10 | motorbike | Pos=(225, 319)
2026-05-10 21:39:48,162 - VehicleCounter - INFO - [Track] ID=11 | motorbike | Pos=(175, 295)
2026-05-10 21:39:48,162 - VehicleCounter - INFO - [Track] ID=14 | motorbike | Pos=(309, 502)
2026-05-10 21:39:48,162 - VehicleCounter - INFO - [Track] ID=20 | motorbike | Pos=(410, 509)
2026-05-10 21:39:48,162 - VehicleCounter - INFO - [Track] ID=22 | motorbike | Pos=(263, 282)
2026-05-10 21:39:48,163 - VehicleCounter - INFO - [Track] ID=23 | motorbike | Pos=(557, 531)
2026-05-10 21:39:48,163 - VehicleCounter - INFO - [Track] ID=25 | motorbike | Pos=(473, 450)
2026-05-10 21:39:48,163 - VehicleCounter - INFO - [Track] ID=28 | motorbike | Pos=(362, 557)
2026-05-10 21:39:48,163 - VehicleCounter - INFO - [Track] ID=29 | motorbike | Pos=(306, 585)
2026-05-10 21:39:48,163 - VehicleCounter - INFO - [Track] ID=24 | motorbike | Pos=(384, 607)
2026-05-10 21:39:48,163 - VehicleCounter - INFO - [Track] ID=8 | motorbike | Pos=(207, 280)
2026-05-10 21:39:48,580 - VehicleCounter - INFO - [Track] ID=1 | motorbike | Pos=(211, 442)
2026-05-10 21:39:48,580 - VehicleCounter - INFO - [Track] ID=2 | motorbike | Pos=(265, 379)
2026-05-10 21:39:48,580 - VehicleCounter - INFO - [Track] ID=3 | motorbike | Pos=(91, 371)
2026-05-10 21:39:48,581 - VehicleCounter - INFO - [Track] ID=4 | motorbike | Pos=(119, 446)
2026-05-10 21:39:48,581 - VehicleCounter - INFO - [Track] ID=5 | motorbike | Pos=(343, 355)
2026-05-10 21:39:48,581 - VehicleCounter - INFO - [Track] ID=6 | motorbike | Pos=(339, 431)
2026-05-10 21:39:48,581 - VehicleCounter - INFO - [Track] ID=7 | motorbike | Pos=(105, 267)
2026-05-10 21:39:48,581 - VehicleCounter - INFO - [Track] ID=9 | motorbike | Pos=(325, 308)
2026-05-10 21:39:48,582 - VehicleCounter - INFO - [Track] ID=10 | motorbike | Pos=(223, 315)
2026-05-10 21:39:48,582 - VehicleCounter - INFO - [Track] ID=11 | motorbike | Pos=(171, 290)
2026-05-10 21:39:48,582 - VehicleCounter - INFO - [Track] ID=14 | motorbike | Pos=(305, 491)
2026-05-10 21:39:48,582 - VehicleCounter - INFO - [Track] ID=20 | motorbike | Pos=(401, 499)
2026-05-10 21:39:48,582 - VehicleCounter - INFO - [Track] ID=22 | motorbike | Pos=(260, 280)
2026-05-10 21:39:48,584 - VehicleCounter - INFO - [Track] ID=23 | motorbike | Pos=(543, 520)
2026-05-10 21:39:48,584 - VehicleCounter - INFO - [Track] ID=25 | motorbike | Pos=(466, 442)
2026-05-10 21:39:48,584 - VehicleCounter - INFO - [Track] ID=28 | motorbike | Pos=(360, 548)
2026-05-10 21:39:48,584 - VehicleCounter - INFO - [Track] ID=29 | motorbike | Pos=(298, 578)
2026-05-10 21:39:48,584 - VehicleCounter - INFO - [Track] ID=24 | motorbike | Pos=(380, 600)
2026-05-10 21:39:48,584 - VehicleCounter - INFO - [Track] ID=8 | motorbike | Pos=(207, 282)
2026-05-10 21:39:48,585 - VehicleCounter - INFO - [Track] ID=30 | motorbike | Pos=(785, 619)
2026-05-10 21:39:48,814 - VehicleCounter - INFO - [Track] ID=1 | motorbike | Pos=(207, 432)
2026-05-10 21:39:48,814 - VehicleCounter - INFO - [Track] ID=2 | motorbike | Pos=(262, 375)
2026-05-10 21:39:48,814 - VehicleCounter - INFO - [Track] ID=3 | motorbike | Pos=(90, 364)
2026-05-10 21:39:48,814 - VehicleCounter - INFO - [Track] ID=4 | motorbike | Pos=(123, 435)
2026-05-10 21:39:48,814 - VehicleCounter - INFO - [Track] ID=5 | motorbike | Pos=(334, 348)
2026-05-10 21:39:48,814 - VehicleCounter - INFO - [Track] ID=6 | motorbike | Pos=(333, 423)
2026-05-10 21:39:48,814 - VehicleCounter - INFO - [Track] ID=7 | motorbike | Pos=(104, 264)
2026-05-10 21:39:48,816 - VehicleCounter - INFO - [Track] ID=9 | motorbike | Pos=(323, 305)
2026-05-10 21:39:48,816 - VehicleCounter - INFO - [Track] ID=10 | motorbike | Pos=(220, 313)
2026-05-10 21:39:48,816 - VehicleCounter - INFO - [Track] ID=11 | motorbike | Pos=(167, 288)
2026-05-10 21:39:48,816 - VehicleCounter - INFO - [Track] ID=14 | motorbike | Pos=(303, 480)
2026-05-10 21:39:48,816 - VehicleCounter - INFO - [Track] ID=20 | motorbike | Pos=(392, 488)
2026-05-10 21:39:48,816 - VehicleCounter - INFO - [Track] ID=22 | motorbike | Pos=(257, 279)
2026-05-10 21:39:48,816 - VehicleCounter - INFO - [Track] ID=23 | motorbike | Pos=(528, 509)
2026-05-10 21:39:48,816 - VehicleCounter - INFO - [Track] ID=25 | motorbike | Pos=(457, 434)
2026-05-10 21:39:48,816 - VehicleCounter - INFO - [Track] ID=29 | motorbike | Pos=(287, 571)
2026-05-10 21:39:48,816 - VehicleCounter - INFO - [Track] ID=24 | motorbike | Pos=(377, 592)
2026-05-10 21:39:48,816 - VehicleCounter - INFO - [Track] ID=30 | motorbike | Pos=(756, 610)
2026-05-10 21:39:49,236 - VehicleCounter - INFO - [Track] ID=1 | motorbike | Pos=(206, 429)
2026-05-10 21:39:49,236 - VehicleCounter - INFO - [Track] ID=2 | motorbike | Pos=(261, 372)
2026-05-10 21:39:49,236 - VehicleCounter - INFO - [Track] ID=3 | motorbike | Pos=(90, 362)
2026-05-10 21:39:49,236 - VehicleCounter - INFO - [Track] ID=4 | motorbike | Pos=(124, 432)
2026-05-10 21:39:49,237 - VehicleCounter - INFO - [Track] ID=5 | motorbike | Pos=(331, 348)
2026-05-10 21:39:49,237 - VehicleCounter - INFO - [Track] ID=6 | motorbike | Pos=(331, 421)
2026-05-10 21:39:49,237 - VehicleCounter - INFO - [Track] ID=7 | motorbike | Pos=(104, 263)
2026-05-10 21:39:49,237 - VehicleCounter - INFO - [Track] ID=9 | motorbike | Pos=(322, 304)
2026-05-10 21:39:49,237 - VehicleCounter - INFO - [Track] ID=10 | motorbike | Pos=(219, 311)
2026-05-10 21:39:49,237 - VehicleCounter - INFO - [Track] ID=11 | motorbike | Pos=(167, 287)
2026-05-10 21:39:49,237 - VehicleCounter - INFO - [Track] ID=14 | motorbike | Pos=(302, 478)
2026-05-10 21:39:49,237 - VehicleCounter - INFO - [Track] ID=20 | motorbike | Pos=(389, 485)
2026-05-10 21:39:49,238 - VehicleCounter - INFO - [Track] ID=22 | motorbike | Pos=(256, 279)
2026-05-10 21:39:49,238 - VehicleCounter - INFO - [Track] ID=23 | motorbike | Pos=(524, 506)
2026-05-10 21:39:49,238 - VehicleCounter - INFO - [Track] ID=25 | motorbike | Pos=(454, 431)
2026-05-10 21:39:49,238 - VehicleCounter - INFO - [Track] ID=29 | motorbike | Pos=(285, 569)
2026-05-10 21:39:49,238 - VehicleCounter - INFO - [Track] ID=24 | motorbike | Pos=(376, 589)
2026-05-10 21:39:49,238 - VehicleCounter - INFO - [Track] ID=30 | motorbike | Pos=(748, 608)
2026-05-10 21:39:49,651 - VehicleCounter - INFO - [Track] ID=1 | motorbike | Pos=(204, 421)
2026-05-10 21:39:49,651 - VehicleCounter - INFO - [Track] ID=2 | motorbike | Pos=(259, 367)
2026-05-10 21:39:49,651 - VehicleCounter - INFO - [Track] ID=3 | motorbike | Pos=(91, 356)
2026-05-10 21:39:49,651 - VehicleCounter - INFO - [Track] ID=4 | motorbike | Pos=(126, 423)
2026-05-10 21:39:49,652 - VehicleCounter - INFO - [Track] ID=5 | motorbike | Pos=(324, 341)
2026-05-10 21:39:49,652 - VehicleCounter - INFO - [Track] ID=6 | motorbike | Pos=(327, 414)
2026-05-10 21:39:49,652 - VehicleCounter - INFO - [Track] ID=7 | motorbike | Pos=(105, 261)
2026-05-10 21:39:49,652 - VehicleCounter - INFO - [Track] ID=10 | motorbike | Pos=(217, 308)
2026-05-10 21:39:49,652 - VehicleCounter - INFO - [Track] ID=11 | motorbike | Pos=(165, 285)
2026-05-10 21:39:49,652 - VehicleCounter - INFO - [Track] ID=14 | motorbike | Pos=(302, 470)
2026-05-10 21:39:49,652 - VehicleCounter - INFO - [Track] ID=20 | motorbike | Pos=(380, 479)
2026-05-10 21:39:49,652 - VehicleCounter - INFO - [Track] ID=22 | motorbike | Pos=(254, 278)
2026-05-10 21:39:49,653 - VehicleCounter - INFO - [Track] ID=23 | motorbike | Pos=(513, 496)
2026-05-10 21:39:49,653 - VehicleCounter - INFO - [Track] ID=25 | motorbike | Pos=(446, 423)
2026-05-10 21:39:49,653 - VehicleCounter - INFO - [Track] ID=29 | motorbike | Pos=(279, 565)
2026-05-10 21:39:49,653 - VehicleCounter - INFO - [Track] ID=24 | motorbike | Pos=(373, 583)
2026-05-10 21:39:49,653 - VehicleCounter - INFO - [Track] ID=30 | motorbike | Pos=(723, 602)
2026-05-10 21:39:49,881 - VehicleCounter - INFO - [Track] ID=1 | motorbike | Pos=(202, 407)
2026-05-10 21:39:49,881 - VehicleCounter - INFO - [Track] ID=2 | motorbike | Pos=(255, 358)
2026-05-10 21:39:49,882 - VehicleCounter - INFO - [Track] ID=3 | motorbike | Pos=(91, 346)
2026-05-10 21:39:49,882 - VehicleCounter - INFO - [Track] ID=4 | motorbike | Pos=(130, 408)
2026-05-10 21:39:49,882 - VehicleCounter - INFO - [Track] ID=5 | motorbike | Pos=(312, 334)
2026-05-10 21:39:49,882 - VehicleCounter - INFO - [Track] ID=6 | motorbike | Pos=(320, 402)
2026-05-10 21:39:49,882 - VehicleCounter - INFO - [Track] ID=7 | motorbike | Pos=(105, 258)
2026-05-10 21:39:49,882 - VehicleCounter - INFO - [Track] ID=10 | motorbike | Pos=(213, 302)
2026-05-10 21:39:49,882 - VehicleCounter - INFO - [Track] ID=11 | motorbike | Pos=(162, 280)
2026-05-10 21:39:49,883 - VehicleCounter - INFO - [Track] ID=14 | motorbike | Pos=(300, 455)
2026-05-10 21:39:49,883 - VehicleCounter - INFO - [Track] ID=20 | motorbike | Pos=(367, 464)
2026-05-10 21:39:49,883 - VehicleCounter - INFO - [Track] ID=22 | motorbike | Pos=(248, 274)
2026-05-10 21:39:49,884 - VehicleCounter - INFO - [Track] ID=23 | motorbike | Pos=(494, 478)
2026-05-10 21:39:49,884 - VehicleCounter - INFO - [Track] ID=25 | motorbike | Pos=(431, 409)
2026-05-10 21:39:49,884 - VehicleCounter - INFO - [Track] ID=29 | motorbike | Pos=(267, 551)
2026-05-10 21:39:49,884 - VehicleCounter - INFO - [Track] ID=24 | motorbike | Pos=(368, 572)
2026-05-10 21:39:49,884 - VehicleCounter - INFO - [Track] ID=30 | motorbike | Pos=(686, 592)
2026-05-10 21:39:50,294 - VehicleCounter - INFO - [Track] ID=1 | motorbike | Pos=(201, 400)
2026-05-10 21:39:50,294 - VehicleCounter - INFO - [Track] ID=2 | motorbike | Pos=(252, 354)
2026-05-10 21:39:50,294 - VehicleCounter - INFO - [Track] ID=3 | motorbike | Pos=(91, 340)
2026-05-10 21:39:50,294 - VehicleCounter - INFO - [Track] ID=4 | motorbike | Pos=(132, 401)
2026-05-10 21:39:50,294 - VehicleCounter - INFO - [Track] ID=5 | motorbike | Pos=(305, 333)
2026-05-10 21:39:50,294 - VehicleCounter - INFO - [Track] ID=6 | motorbike | Pos=(316, 395)
2026-05-10 21:39:50,295 - VehicleCounter - INFO - [Track] ID=7 | motorbike | Pos=(106, 257)
2026-05-10 21:39:50,295 - VehicleCounter - INFO - [Track] ID=10 | motorbike | Pos=(211, 299)
2026-05-10 21:39:50,295 - VehicleCounter - INFO - [Track] ID=11 | motorbike | Pos=(162, 279)
2026-05-10 21:39:50,295 - VehicleCounter - INFO - [Track] ID=14 | motorbike | Pos=(299, 446)
2026-05-10 21:39:50,295 - VehicleCounter - INFO - [Track] ID=20 | motorbike | Pos=(363, 458)
2026-05-10 21:39:50,295 - VehicleCounter - INFO - [Track] ID=22 | motorbike | Pos=(245, 273)
2026-05-10 21:39:50,296 - VehicleCounter - INFO - [Track] ID=23 | motorbike | Pos=(484, 470)
2026-05-10 21:39:50,296 - VehicleCounter - INFO - [Track] ID=25 | motorbike | Pos=(422, 403)
2026-05-10 21:39:50,296 - VehicleCounter - INFO - [Track] ID=29 | motorbike | Pos=(262, 541)
2026-05-10 21:39:50,296 - VehicleCounter - INFO - [Track] ID=24 | motorbike | Pos=(364, 568)
2026-05-10 21:39:50,296 - VehicleCounter - INFO - [Track] ID=30 | motorbike | Pos=(667, 585)
2026-05-10 21:39:50,296 - VehicleCounter - INFO - [Track] ID=9 | motorbike | Pos=(316, 298)
2026-05-10 21:39:50,702 - VehicleCounter - INFO - [Track] ID=1 | motorbike | Pos=(201, 395)
2026-05-10 21:39:50,702 - VehicleCounter - INFO - [Track] ID=2 | motorbike | Pos=(251, 350)
2026-05-10 21:39:50,702 - VehicleCounter - INFO - [Track] ID=3 | motorbike | Pos=(91, 335)
2026-05-10 21:39:50,702 - VehicleCounter - INFO - [Track] ID=4 | motorbike | Pos=(133, 397)
2026-05-10 21:39:50,702 - VehicleCounter - INFO - [Track] ID=5 | motorbike | Pos=(299, 329)
2026-05-10 21:39:50,703 - VehicleCounter - INFO - [Track] ID=6 | motorbike | Pos=(313, 388)
2026-05-10 21:39:50,703 - VehicleCounter - INFO - [Track] ID=7 | motorbike | Pos=(106, 255)
2026-05-10 21:39:50,703 - VehicleCounter - INFO - [Track] ID=10 | motorbike | Pos=(210, 296)
2026-05-10 21:39:50,703 - VehicleCounter - INFO - [Track] ID=11 | motorbike | Pos=(162, 277)
2026-05-10 21:39:50,704 - VehicleCounter - INFO - [Track] ID=14 | motorbike | Pos=(298, 441)
2026-05-10 21:39:50,704 - VehicleCounter - INFO - [Track] ID=20 | motorbike | Pos=(357, 447)
2026-05-10 21:39:50,704 - VehicleCounter - INFO - [Track] ID=22 | motorbike | Pos=(243, 272)
2026-05-10 21:39:50,704 - VehicleCounter - INFO - [Track] ID=23 | motorbike | Pos=(477, 464)
2026-05-10 21:39:50,704 - VehicleCounter - INFO - [Track] ID=25 | motorbike | Pos=(415, 398)
2026-05-10 21:39:50,704 - VehicleCounter - INFO - [Track] ID=29 | motorbike | Pos=(259, 532)
2026-05-10 21:39:50,705 - VehicleCounter - INFO - [Track] ID=24 | motorbike | Pos=(361, 565)
2026-05-10 21:39:50,705 - VehicleCounter - INFO - [Track] ID=30 | motorbike | Pos=(654, 580)
2026-05-10 21:39:50,705 - VehicleCounter - INFO - [Track] ID=9 | motorbike | Pos=(316, 297)
2026-05-10 21:39:51,109 - VehicleCounter - INFO - [Track] ID=1 | motorbike | Pos=(200, 387)
2026-05-10 21:39:51,109 - VehicleCounter - INFO - [Track] ID=2 | motorbike | Pos=(248, 345)
2026-05-10 21:39:51,109 - VehicleCounter - INFO - [Track] ID=3 | motorbike | Pos=(92, 329)
2026-05-10 21:39:51,109 - VehicleCounter - INFO - [Track] ID=4 | motorbike | Pos=(135, 388)
2026-05-10 21:39:51,110 - VehicleCounter - INFO - [Track] ID=5 | motorbike | Pos=(293, 324)
2026-05-10 21:39:51,110 - VehicleCounter - INFO - [Track] ID=6 | motorbike | Pos=(307, 379)
2026-05-10 21:39:51,110 - VehicleCounter - INFO - [Track] ID=7 | motorbike | Pos=(107, 253)
2026-05-10 21:39:51,110 - VehicleCounter - INFO - [Track] ID=10 | motorbike | Pos=(206, 291)
2026-05-10 21:39:51,110 - VehicleCounter - INFO - [Track] ID=11 | motorbike | Pos=(163, 273)
2026-05-10 21:39:51,110 - VehicleCounter - INFO - [Track] ID=14 | motorbike | Pos=(297, 431)
2026-05-10 21:39:51,110 - VehicleCounter - INFO - [Track] ID=20 | motorbike | Pos=(348, 436)
2026-05-10 21:39:51,112 - VehicleCounter - INFO - [Track] ID=22 | motorbike | Pos=(241, 269)
2026-05-10 21:39:51,112 - VehicleCounter - INFO - [Track] ID=23 | motorbike | Pos=(468, 452)
2026-05-10 21:39:51,112 - VehicleCounter - INFO - [Track] ID=25 | motorbike | Pos=(404, 389)
2026-05-10 21:39:51,112 - VehicleCounter - INFO - [Track] ID=29 | motorbike | Pos=(254, 522)
2026-05-10 21:39:51,112 - VehicleCounter - INFO - [Track] ID=24 | motorbike | Pos=(355, 560)
2026-05-10 21:39:51,112 - VehicleCounter - INFO - [Track] ID=30 | motorbike | Pos=(632, 572)
2026-05-10 21:39:51,112 - VehicleCounter - INFO - [Track] ID=9 | motorbike | Pos=(315, 295)
2026-05-10 21:39:51,339 - VehicleCounter - INFO - [Track] ID=1 | motorbike | Pos=(200, 380)
2026-05-10 21:39:51,340 - VehicleCounter - INFO - [Track] ID=2 | motorbike | Pos=(245, 340)
2026-05-10 21:39:51,340 - VehicleCounter - INFO - [Track] ID=3 | motorbike | Pos=(91, 324)
2026-05-10 21:39:51,340 - VehicleCounter - INFO - [Track] ID=4 | motorbike | Pos=(136, 382)
2026-05-10 21:39:51,340 - VehicleCounter - INFO - [Track] ID=5 | motorbike | Pos=(287, 317)
2026-05-10 21:39:51,341 - VehicleCounter - INFO - [Track] ID=6 | motorbike | Pos=(301, 370)
2026-05-10 21:39:51,341 - VehicleCounter - INFO - [Track] ID=7 | motorbike | Pos=(107, 250)
2026-05-10 21:39:51,341 - VehicleCounter - INFO - [Track] ID=10 | motorbike | Pos=(204, 288)
2026-05-10 21:39:51,341 - VehicleCounter - INFO - [Track] ID=11 | motorbike | Pos=(163, 271)
2026-05-10 21:39:51,341 - VehicleCounter - INFO - [Track] ID=14 | motorbike | Pos=(295, 425)
2026-05-10 21:39:51,341 - VehicleCounter - INFO - [Track] ID=20 | motorbike | Pos=(341, 429)
2026-05-10 21:39:51,341 - VehicleCounter - INFO - [Track] ID=22 | motorbike | Pos=(238, 267)
2026-05-10 21:39:51,341 - VehicleCounter - INFO - [Track] ID=23 | motorbike | Pos=(460, 445)
2026-05-10 21:39:51,341 - VehicleCounter - INFO - [Track] ID=25 | motorbike | Pos=(395, 384)
2026-05-10 21:39:51,341 - VehicleCounter - INFO - [Track] ID=29 | motorbike | Pos=(250, 512)
2026-05-10 21:39:51,341 - VehicleCounter - INFO - [Track] ID=24 | motorbike | Pos=(350, 551)
2026-05-10 21:39:51,341 - VehicleCounter - INFO - [Track] ID=30 | motorbike | Pos=(617, 567)
2026-05-10 21:39:51,341 - VehicleCounter - INFO - [Track] ID=9 | motorbike | Pos=(313, 294)
2026-05-10 21:39:51,343 - VehicleCounter - INFO - [Track] ID=28 | motorbike | Pos=(368, 478)
2026-05-10 21:39:51,892 - VehicleCounter - INFO - [Track] ID=1 | motorbike | Pos=(200, 377)
2026-05-10 21:39:51,892 - VehicleCounter - INFO - [Track] ID=2 | motorbike | Pos=(244, 339)
2026-05-10 21:39:51,892 - VehicleCounter - INFO - [Track] ID=3 | motorbike | Pos=(91, 322)
2026-05-10 21:39:51,892 - VehicleCounter - INFO - [Track] ID=4 | motorbike | Pos=(137, 379)
2026-05-10 21:39:51,892 - VehicleCounter - INFO - [Track] ID=5 | motorbike | Pos=(284, 317)
2026-05-10 21:39:51,893 - VehicleCounter - INFO - [Track] ID=6 | motorbike | Pos=(300, 365)
2026-05-10 21:39:51,893 - VehicleCounter - INFO - [Track] ID=7 | motorbike | Pos=(107, 249)
2026-05-10 21:39:51,893 - VehicleCounter - INFO - [Track] ID=10 | motorbike | Pos=(204, 286)
2026-05-10 21:39:51,893 - VehicleCounter - INFO - [Track] ID=11 | motorbike | Pos=(163, 269)
2026-05-10 21:39:51,893 - VehicleCounter - INFO - [Track] ID=14 | motorbike | Pos=(294, 421)
2026-05-10 21:39:51,893 - VehicleCounter - INFO - [Track] ID=20 | motorbike | Pos=(339, 427)
2026-05-10 21:39:51,894 - VehicleCounter - INFO - [Track] ID=23 | motorbike | Pos=(457, 443)
2026-05-10 21:39:51,894 - VehicleCounter - INFO - [Track] ID=25 | motorbike | Pos=(391, 381)
2026-05-10 21:39:51,894 - VehicleCounter - INFO - [Track] ID=29 | motorbike | Pos=(248, 508)
2026-05-10 21:39:51,894 - VehicleCounter - INFO - [Track] ID=24 | motorbike | Pos=(347, 546)
2026-05-10 21:39:51,895 - VehicleCounter - INFO - [Track] ID=30 | motorbike | Pos=(610, 566)
2026-05-10 21:39:51,895 - VehicleCounter - INFO - [Track] ID=9 | motorbike | Pos=(312, 293)
2026-05-10 21:39:51,895 - VehicleCounter - INFO - [Track] ID=28 | motorbike | Pos=(369, 477)
2026-05-10 21:39:52,303 - VehicleCounter - INFO - [Track] ID=1 | motorbike | Pos=(199, 371)
2026-05-10 21:39:52,303 - VehicleCounter - INFO - [Track] ID=2 | motorbike | Pos=(242, 336)
2026-05-10 21:39:52,303 - VehicleCounter - INFO - [Track] ID=3 | motorbike | Pos=(91, 318)
2026-05-10 21:39:52,305 - VehicleCounter - INFO - [Track] ID=4 | motorbike | Pos=(138, 374)
2026-05-10 21:39:52,305 - VehicleCounter - INFO - [Track] ID=5 | motorbike | Pos=(279, 314)
2026-05-10 21:39:52,305 - VehicleCounter - INFO - [Track] ID=7 | motorbike | Pos=(107, 247)
2026-05-10 21:39:52,305 - VehicleCounter - INFO - [Track] ID=10 | motorbike | Pos=(202, 285)
2026-05-10 21:39:52,305 - VehicleCounter - INFO - [Track] ID=11 | motorbike | Pos=(164, 267)
2026-05-10 21:39:52,306 - VehicleCounter - INFO - [Track] ID=14 | motorbike | Pos=(292, 414)
2026-05-10 21:39:52,306 - VehicleCounter - INFO - [Track] ID=20 | motorbike | Pos=(335, 422)
2026-05-10 21:39:52,306 - VehicleCounter - INFO - [Track] ID=23 | motorbike | Pos=(451, 437)
2026-05-10 21:39:52,306 - VehicleCounter - INFO - [Track] ID=25 | motorbike | Pos=(385, 377)
2026-05-10 21:39:52,306 - VehicleCounter - INFO - [Track] ID=29 | motorbike | Pos=(246, 501)
2026-05-10 21:39:52,306 - VehicleCounter - INFO - [Track] ID=24 | motorbike | Pos=(343, 539)
2026-05-10 21:39:52,306 - VehicleCounter - INFO - [Track] ID=30 | motorbike | Pos=(598, 562)
2026-05-10 21:39:52,306 - VehicleCounter - INFO - [Track] ID=9 | motorbike | Pos=(310, 292)
2026-05-10 21:39:52,306 - VehicleCounter - INFO - [Track] ID=28 | motorbike | Pos=(367, 472)
2026-05-10 21:39:52,306 - VehicleCounter - INFO - [Track] ID=22 | motorbike | Pos=(234, 267)
2026-05-10 21:39:52,719 - VehicleCounter - INFO - [Track] ID=1 | motorbike | Pos=(199, 361)
2026-05-10 21:39:52,719 - VehicleCounter - INFO - [Track] ID=2 | motorbike | Pos=(238, 329)
2026-05-10 21:39:52,719 - VehicleCounter - INFO - [Track] ID=3 | motorbike | Pos=(91, 311)
2026-05-10 21:39:52,720 - VehicleCounter - INFO - [Track] ID=4 | motorbike | Pos=(139, 363)
2026-05-10 21:39:52,720 - VehicleCounter - INFO - [Track] ID=5 | motorbike | Pos=(271, 311)
2026-05-10 21:39:52,720 - VehicleCounter - INFO - [Track] ID=7 | motorbike | Pos=(109, 244)
2026-05-10 21:39:52,720 - VehicleCounter - INFO - [Track] ID=10 | motorbike | Pos=(199, 280)
2026-05-10 21:39:52,720 - VehicleCounter - INFO - [Track] ID=11 | motorbike | Pos=(167, 266)
2026-05-10 21:39:52,720 - VehicleCounter - INFO - [Track] ID=14 | motorbike | Pos=(289, 403)
2026-05-10 21:39:52,720 - VehicleCounter - INFO - [Track] ID=20 | motorbike | Pos=(325, 414)
2026-05-10 21:39:52,720 - VehicleCounter - INFO - [Track] ID=23 | motorbike | Pos=(438, 425)
2026-05-10 21:39:52,720 - VehicleCounter - INFO - [Track] ID=25 | motorbike | Pos=(372, 366)
2026-05-10 21:39:52,720 - VehicleCounter - INFO - [Track] ID=29 | motorbike | Pos=(241, 486)
2026-05-10 21:39:52,722 - VehicleCounter - INFO - [Track] ID=24 | motorbike | Pos=(334, 525)
2026-05-10 21:39:52,722 - VehicleCounter - INFO - [Track] ID=30 | motorbike | Pos=(573, 547)
2026-05-10 21:39:52,722 - VehicleCounter - INFO - [Track] ID=9 | motorbike | Pos=(306, 289)
2026-05-10 21:39:52,722 - VehicleCounter - INFO - [Track] ID=28 | motorbike | Pos=(366, 457)
2026-05-10 21:39:52,722 - VehicleCounter - INFO - [Track] ID=22 | motorbike | Pos=(231, 265)
2026-05-10 21:39:53,135 - VehicleCounter - INFO - [Track] ID=1 | motorbike | Pos=(198, 356)
2026-05-10 21:39:53,135 - VehicleCounter - INFO - [Track] ID=2 | motorbike | Pos=(235, 326)
2026-05-10 21:39:53,135 - VehicleCounter - INFO - [Track] ID=3 | motorbike | Pos=(90, 308)
2026-05-10 21:39:53,136 - VehicleCounter - INFO - [Track] ID=4 | motorbike | Pos=(140, 358)
2026-05-10 21:39:53,136 - VehicleCounter - INFO - [Track] ID=5 | motorbike | Pos=(267, 307)
2026-05-10 21:39:53,136 - VehicleCounter - INFO - [Track] ID=7 | motorbike | Pos=(109, 241)
2026-05-10 21:39:53,136 - VehicleCounter - INFO - [Track] ID=10 | motorbike | Pos=(198, 278)
2026-05-10 21:39:53,136 - VehicleCounter - INFO - [Track] ID=11 | motorbike | Pos=(169, 264)
2026-05-10 21:39:53,136 - VehicleCounter - INFO - [Track] ID=14 | motorbike | Pos=(287, 397)
2026-05-10 21:39:53,136 - VehicleCounter - INFO - [Track] ID=20 | motorbike | Pos=(321, 408)
2026-05-10 21:39:53,136 - VehicleCounter - INFO - [Track] ID=23 | motorbike | Pos=(430, 417)
2026-05-10 21:39:53,137 - VehicleCounter - INFO - [Track] ID=25 | motorbike | Pos=(365, 360)
2026-05-10 21:39:53,137 - VehicleCounter - INFO - [Track] ID=29 | motorbike | Pos=(239, 478)
2026-05-10 21:39:53,137 - VehicleCounter - INFO - [Track] ID=24 | motorbike | Pos=(330, 516)
2026-05-10 21:39:53,137 - VehicleCounter - INFO - [Track] ID=30 | motorbike | Pos=(561, 536)
2026-05-10 21:39:53,137 - VehicleCounter - INFO - [Track] ID=9 | motorbike | Pos=(304, 288)
2026-05-10 21:39:53,137 - VehicleCounter - INFO - [Track] ID=28 | motorbike | Pos=(364, 451)
2026-05-10 21:39:53,137 - VehicleCounter - INFO - [Track] ID=22 | motorbike | Pos=(229, 263)
2026-05-10 21:39:53,370 - VehicleCounter - INFO - [Track] ID=1 | motorbike | Pos=(196, 350)
2026-05-10 21:39:53,370 - VehicleCounter - INFO - [Track] ID=2 | motorbike | Pos=(232, 323)
2026-05-10 21:39:53,372 - VehicleCounter - INFO - [Track] ID=3 | motorbike | Pos=(86, 303)
2026-05-10 21:39:53,372 - VehicleCounter - INFO - [Track] ID=4 | motorbike | Pos=(140, 352)
2026-05-10 21:39:53,372 - VehicleCounter - INFO - [Track] ID=5 | motorbike | Pos=(261, 303)
2026-05-10 21:39:53,372 - VehicleCounter - INFO - [Track] ID=7 | motorbike | Pos=(109, 240)
2026-05-10 21:39:53,372 - VehicleCounter - INFO - [Track] ID=10 | motorbike | Pos=(196, 277)
2026-05-10 21:39:53,372 - VehicleCounter - INFO - [Track] ID=11 | motorbike | Pos=(170, 263)
2026-05-10 21:39:53,373 - VehicleCounter - INFO - [Track] ID=14 | motorbike | Pos=(283, 391)
2026-05-10 21:39:53,373 - VehicleCounter - INFO - [Track] ID=20 | motorbike | Pos=(316, 404)
2026-05-10 21:39:53,373 - VehicleCounter - INFO - [Track] ID=23 | motorbike | Pos=(422, 410)
2026-05-10 21:39:53,373 - VehicleCounter - INFO - [Track] ID=25 | motorbike | Pos=(358, 355)
2026-05-10 21:39:53,373 - VehicleCounter - INFO - [Track] ID=29 | motorbike | Pos=(237, 470)
2026-05-10 21:39:53,373 - VehicleCounter - INFO - [Track] ID=24 | motorbike | Pos=(325, 508)
2026-05-10 21:39:53,374 - VehicleCounter - INFO - [Track] ID=30 | motorbike | Pos=(548, 528)
2026-05-10 21:39:53,374 - VehicleCounter - INFO - [Track] ID=9 | motorbike | Pos=(301, 287)
2026-05-10 21:39:53,374 - VehicleCounter - INFO - [Track] ID=28 | motorbike | Pos=(363, 444)
2026-05-10 21:39:53,374 - VehicleCounter - INFO - [Track] ID=22 | motorbike | Pos=(227, 264)
2026-05-10 21:39:53,784 - VehicleCounter - INFO - [Track] ID=1 | motorbike | Pos=(195, 345)
2026-05-10 21:39:53,785 - VehicleCounter - INFO - [Track] ID=2 | motorbike | Pos=(230, 320)
2026-05-10 21:39:53,785 - VehicleCounter - INFO - [Track] ID=3 | motorbike | Pos=(84, 300)
2026-05-10 21:39:53,785 - VehicleCounter - INFO - [Track] ID=4 | motorbike | Pos=(140, 347)
2026-05-10 21:39:53,785 - VehicleCounter - INFO - [Track] ID=5 | motorbike | Pos=(256, 297)
2026-05-10 21:39:53,785 - VehicleCounter - INFO - [Track] ID=10 | motorbike | Pos=(194, 275)
2026-05-10 21:39:53,785 - VehicleCounter - INFO - [Track] ID=11 | motorbike | Pos=(171, 258)
2026-05-10 21:39:53,785 - VehicleCounter - INFO - [Track] ID=14 | motorbike | Pos=(281, 386)
2026-05-10 21:39:53,785 - VehicleCounter - INFO - [Track] ID=20 | motorbike | Pos=(310, 400)
2026-05-10 21:39:53,786 - VehicleCounter - INFO - [Track] ID=23 | motorbike | Pos=(414, 405)
2026-05-10 21:39:53,786 - VehicleCounter - INFO - [Track] ID=25 | motorbike | Pos=(351, 351)
2026-05-10 21:39:53,786 - VehicleCounter - INFO - [Track] ID=29 | motorbike | Pos=(235, 463)
2026-05-10 21:39:53,786 - VehicleCounter - INFO - [Track] ID=24 | motorbike | Pos=(322, 500)
2026-05-10 21:39:53,787 - VehicleCounter - INFO - [Track] ID=30 | motorbike | Pos=(534, 520)
2026-05-10 21:39:53,787 - VehicleCounter - INFO - [Track] ID=9 | motorbike | Pos=(298, 285)
2026-05-10 21:39:53,787 - VehicleCounter - INFO - [Track] ID=28 | motorbike | Pos=(361, 439)
2026-05-10 21:39:54,194 - VehicleCounter - INFO - [Track] ID=1 | motorbike | Pos=(195, 342)
2026-05-10 21:39:54,194 - VehicleCounter - INFO - [Track] ID=2 | motorbike | Pos=(229, 317)
2026-05-10 21:39:54,195 - VehicleCounter - INFO - [Track] ID=3 | motorbike | Pos=(81, 297)
2026-05-10 21:39:54,195 - VehicleCounter - INFO - [Track] ID=4 | motorbike | Pos=(142, 344)
2026-05-10 21:39:54,195 - VehicleCounter - INFO - [Track] ID=5 | motorbike | Pos=(254, 296)
2026-05-10 21:39:54,195 - VehicleCounter - INFO - [Track] ID=10 | motorbike | Pos=(193, 272)
2026-05-10 21:39:54,195 - VehicleCounter - INFO - [Track] ID=11 | motorbike | Pos=(172, 257)
2026-05-10 21:39:54,195 - VehicleCounter - INFO - [Track] ID=14 | motorbike | Pos=(280, 383)
2026-05-10 21:39:54,195 - VehicleCounter - INFO - [Track] ID=20 | motorbike | Pos=(307, 397)
2026-05-10 21:39:54,195 - VehicleCounter - INFO - [Track] ID=23 | motorbike | Pos=(409, 400)
2026-05-10 21:39:54,195 - VehicleCounter - INFO - [Track] ID=25 | motorbike | Pos=(347, 349)
2026-05-10 21:39:54,195 - VehicleCounter - INFO - [Track] ID=29 | motorbike | Pos=(235, 458)
2026-05-10 21:39:54,197 - VehicleCounter - INFO - [Track] ID=24 | motorbike | Pos=(319, 495)
2026-05-10 21:39:54,197 - VehicleCounter - INFO - [Track] ID=30 | motorbike | Pos=(527, 514)
2026-05-10 21:39:54,197 - VehicleCounter - INFO - [Track] ID=9 | motorbike | Pos=(296, 285)
2026-05-10 21:39:54,197 - VehicleCounter - INFO - [Track] ID=28 | motorbike | Pos=(360, 436)
2026-05-10 21:39:54,197 - VehicleCounter - INFO - [Track] ID=32 | motorbike | Pos=(265, 347)
2026-05-10 21:39:54,426 - VehicleCounter - INFO - [Track] ID=1 | motorbike | Pos=(193, 336)
2026-05-10 21:39:54,426 - VehicleCounter - INFO - [Track] ID=2 | motorbike | Pos=(227, 313)
2026-05-10 21:39:54,426 - VehicleCounter - INFO - [Track] ID=3 | motorbike | Pos=(76, 293)
2026-05-10 21:39:54,426 - VehicleCounter - INFO - [Track] ID=4 | motorbike | Pos=(143, 338)
2026-05-10 21:39:54,426 - VehicleCounter - INFO - [Track] ID=5 | motorbike | Pos=(250, 292)
2026-05-10 21:39:54,426 - VehicleCounter - INFO - [Track] ID=10 | motorbike | Pos=(193, 270)
2026-05-10 21:39:54,426 - VehicleCounter - INFO - [Track] ID=11 | motorbike | Pos=(173, 253)
2026-05-10 21:39:54,428 - VehicleCounter - INFO - [Track] ID=14 | motorbike | Pos=(279, 376)
2026-05-10 21:39:54,428 - VehicleCounter - INFO - [Track] ID=20 | motorbike | Pos=(301, 393)
2026-05-10 21:39:54,428 - VehicleCounter - INFO - [Track] ID=23 | motorbike | Pos=(400, 393)
2026-05-10 21:39:54,428 - VehicleCounter - INFO - [Track] ID=25 | motorbike | Pos=(340, 344)
2026-05-10 21:39:54,428 - VehicleCounter - INFO - [Track] ID=29 | motorbike | Pos=(233, 449)
2026-05-10 21:39:54,428 - VehicleCounter - INFO - [Track] ID=24 | motorbike | Pos=(316, 484)
2026-05-10 21:39:54,428 - VehicleCounter - INFO - [Track] ID=30 | motorbike | Pos=(513, 503)
2026-05-10 21:39:54,428 - VehicleCounter - INFO - [Track] ID=9 | motorbike | Pos=(294, 284)
2026-05-10 21:39:54,428 - VehicleCounter - INFO - [Track] ID=28 | motorbike | Pos=(358, 429)
2026-05-10 21:39:54,428 - VehicleCounter - INFO - [Track] ID=32 | motorbike | Pos=(262, 342)
2026-05-10 21:39:54,428 - VehicleCounter - INFO - [Track] ID=7 | motorbike | Pos=(111, 234)
2026-05-10 21:39:54,845 - VehicleCounter - INFO - [Track] ID=1 | motorbike | Pos=(191, 329)
2026-05-10 21:39:54,845 - VehicleCounter - INFO - [Track] ID=2 | motorbike | Pos=(224, 310)
2026-05-10 21:39:54,845 - VehicleCounter - INFO - [Track] ID=3 | motorbike | Pos=(70, 288)
2026-05-10 21:39:54,845 - VehicleCounter - INFO - [Track] ID=4 | motorbike | Pos=(145, 332)
2026-05-10 21:39:54,845 - VehicleCounter - INFO - [Track] ID=5 | motorbike | Pos=(245, 287)
2026-05-10 21:39:54,845 - VehicleCounter - INFO - [Track] ID=14 | motorbike | Pos=(275, 370)
2026-05-10 21:39:54,845 - VehicleCounter - INFO - [Track] ID=20 | motorbike | Pos=(294, 385)
2026-05-10 21:39:54,845 - VehicleCounter - INFO - [Track] ID=23 | motorbike | Pos=(390, 386)
2026-05-10 21:39:54,845 - VehicleCounter - INFO - [Track] ID=25 | motorbike | Pos=(332, 339)
2026-05-10 21:39:54,846 - VehicleCounter - INFO - [Track] ID=29 | motorbike | Pos=(231, 442)
2026-05-10 21:39:54,846 - VehicleCounter - INFO - [Track] ID=24 | motorbike | Pos=(311, 474)
2026-05-10 21:39:54,846 - VehicleCounter - INFO - [Track] ID=30 | motorbike | Pos=(498, 493)
2026-05-10 21:39:54,847 - VehicleCounter - INFO - [Track] ID=9 | motorbike | Pos=(289, 282)
2026-05-10 21:39:54,847 - VehicleCounter - INFO - [Track] ID=28 | motorbike | Pos=(355, 422)
2026-05-10 21:39:54,847 - VehicleCounter - INFO - [Track] ID=32 | motorbike | Pos=(255, 338)
2026-05-10 21:39:54,847 - VehicleCounter - INFO - [Track] ID=7 | motorbike | Pos=(111, 232)
2026-05-10 21:39:54,847 - VehicleCounter - INFO - [Track] ID=33 | truck | Pos=(719, 608)
2026-05-10 21:39:55,265 - VehicleCounter - INFO - [Track] ID=1 | motorbike | Pos=(191, 329)
2026-05-10 21:39:55,266 - VehicleCounter - INFO - [Track] ID=2 | motorbike | Pos=(224, 309)
2026-05-10 21:39:55,266 - VehicleCounter - INFO - [Track] ID=3 | motorbike | Pos=(70, 288)
2026-05-10 21:39:55,266 - VehicleCounter - INFO - [Track] ID=4 | motorbike | Pos=(145, 332)
2026-05-10 21:39:55,266 - VehicleCounter - INFO - [Track] ID=5 | motorbike | Pos=(245, 286)
2026-05-10 21:39:55,266 - VehicleCounter - INFO - [Track] ID=14 | motorbike | Pos=(275, 369)
2026-05-10 21:39:55,267 - VehicleCounter - INFO - [Track] ID=20 | motorbike | Pos=(294, 385)
2026-05-10 21:39:55,267 - VehicleCounter - INFO - [Track] ID=23 | motorbike | Pos=(389, 385)
2026-05-10 21:39:55,267 - VehicleCounter - INFO - [Track] ID=25 | motorbike | Pos=(332, 338)
2026-05-10 21:39:55,267 - VehicleCounter - INFO - [Track] ID=29 | motorbike | Pos=(231, 440)
2026-05-10 21:39:55,267 - VehicleCounter - INFO - [Track] ID=24 | motorbike | Pos=(311, 472)
2026-05-10 21:39:55,267 - VehicleCounter - INFO - [Track] ID=30 | motorbike | Pos=(496, 492)
2026-05-10 21:39:55,267 - VehicleCounter - INFO - [Track] ID=9 | motorbike | Pos=(289, 282)
2026-05-10 21:39:55,268 - VehicleCounter - INFO - [Track] ID=28 | motorbike | Pos=(355, 422)
2026-05-10 21:39:55,268 - VehicleCounter - INFO - [Track] ID=32 | motorbike | Pos=(254, 337)
2026-05-10 21:39:55,268 - VehicleCounter - INFO - [Track] ID=7 | motorbike | Pos=(112, 232)
2026-05-10 21:39:55,268 - VehicleCounter - INFO - [Track] ID=33 | truck | Pos=(712, 606)
2026-05-10 21:39:55,677 - VehicleCounter - INFO - [Track] ID=1 | motorbike | Pos=(187, 321)
2026-05-10 21:39:55,678 - VehicleCounter - INFO - [Track] ID=2 | motorbike | Pos=(221, 305)
2026-05-10 21:39:55,678 - VehicleCounter - INFO - [Track] ID=3 | motorbike | Pos=(63, 283)
2026-05-10 21:39:55,678 - VehicleCounter - INFO - [Track] ID=4 | motorbike | Pos=(147, 323)
2026-05-10 21:39:55,678 - VehicleCounter - INFO - [Track] ID=14 | motorbike | Pos=(273, 353)
2026-05-10 21:39:55,678 - VehicleCounter - INFO - [Track] ID=20 | motorbike | Pos=(286, 377)
2026-05-10 21:39:55,679 - VehicleCounter - INFO - [Track] ID=23 | motorbike | Pos=(375, 374)
2026-05-10 21:39:55,679 - VehicleCounter - INFO - [Track] ID=25 | motorbike | Pos=(322, 332)
2026-05-10 21:39:55,679 - VehicleCounter - INFO - [Track] ID=29 | motorbike | Pos=(229, 429)
2026-05-10 21:39:55,679 - VehicleCounter - INFO - [Track] ID=24 | motorbike | Pos=(306, 460)
2026-05-10 21:39:55,679 - VehicleCounter - INFO - [Track] ID=30 | motorbike | Pos=(477, 478)
2026-05-10 21:39:55,680 - VehicleCounter - INFO - [Track] ID=9 | motorbike | Pos=(284, 279)
2026-05-10 21:39:55,680 - VehicleCounter - INFO - [Track] ID=28 | motorbike | Pos=(350, 414)
2026-05-10 21:39:55,680 - VehicleCounter - INFO - [Track] ID=32 | motorbike | Pos=(245, 329)
2026-05-10 21:39:55,680 - VehicleCounter - INFO - [Track] ID=7 | motorbike | Pos=(113, 229)
2026-05-10 21:39:55,680 - VehicleCounter - INFO - [Track] ID=33 | truck | Pos=(663, 592)
2026-05-10 21:39:55,680 - VehicleCounter - INFO - [Track] ID=34 | motorbike | Pos=(38, 599)
2026-05-10 21:39:55,910 - VehicleCounter - INFO - [Track] ID=1 | motorbike | Pos=(185, 316)
2026-05-10 21:39:55,910 - VehicleCounter - INFO - [Track] ID=2 | motorbike | Pos=(220, 302)
2026-05-10 21:39:55,911 - VehicleCounter - INFO - [Track] ID=3 | motorbike | Pos=(60, 280)
2026-05-10 21:39:55,911 - VehicleCounter - INFO - [Track] ID=4 | motorbike | Pos=(148, 318)
2026-05-10 21:39:55,911 - VehicleCounter - INFO - [Track] ID=20 | motorbike | Pos=(282, 373)
2026-05-10 21:39:55,911 - VehicleCounter - INFO - [Track] ID=23 | motorbike | Pos=(367, 369)
2026-05-10 21:39:55,912 - VehicleCounter - INFO - [Track] ID=25 | motorbike | Pos=(316, 327)
2026-05-10 21:39:55,912 - VehicleCounter - INFO - [Track] ID=29 | motorbike | Pos=(228, 423)
2026-05-10 21:39:55,912 - VehicleCounter - INFO - [Track] ID=24 | motorbike | Pos=(303, 453)
2026-05-10 21:39:55,912 - VehicleCounter - INFO - [Track] ID=30 | motorbike | Pos=(467, 471)
2026-05-10 21:39:55,912 - VehicleCounter - INFO - [Track] ID=9 | motorbike | Pos=(281, 276)
2026-05-10 21:39:55,912 - VehicleCounter - INFO - [Track] ID=28 | motorbike | Pos=(347, 408)
2026-05-10 21:39:55,912 - VehicleCounter - INFO - [Track] ID=32 | motorbike | Pos=(239, 327)
2026-05-10 21:39:55,912 - VehicleCounter - INFO - [Track] ID=7 | motorbike | Pos=(114, 228)
2026-05-10 21:39:55,912 - VehicleCounter - INFO - [Track] ID=33 | truck | Pos=(657, 579)
2026-05-10 21:39:55,912 - VehicleCounter - INFO - [Track] ID=14 | motorbike | Pos=(270, 349)
2026-05-10 21:39:56,315 - VehicleCounter - INFO - [Track] ID=1 | motorbike | Pos=(184, 314)
2026-05-10 21:39:56,315 - VehicleCounter - INFO - [Track] ID=2 | motorbike | Pos=(218, 300)
2026-05-10 21:39:56,316 - VehicleCounter - INFO - [Track] ID=3 | motorbike | Pos=(58, 278)
2026-05-10 21:39:56,316 - VehicleCounter - INFO - [Track] ID=4 | motorbike | Pos=(149, 317)
2026-05-10 21:39:56,316 - VehicleCounter - INFO - [Track] ID=20 | motorbike | Pos=(280, 370)
2026-05-10 21:39:56,316 - VehicleCounter - INFO - [Track] ID=23 | motorbike | Pos=(363, 366)
2026-05-10 21:39:56,316 - VehicleCounter - INFO - [Track] ID=25 | motorbike | Pos=(313, 325)
2026-05-10 21:39:56,317 - VehicleCounter - INFO - [Track] ID=29 | motorbike | Pos=(228, 419)
2026-05-10 21:39:56,317 - VehicleCounter - INFO - [Track] ID=24 | motorbike | Pos=(301, 449)
2026-05-10 21:39:56,317 - VehicleCounter - INFO - [Track] ID=30 | motorbike | Pos=(461, 468)
2026-05-10 21:39:56,317 - VehicleCounter - INFO - [Track] ID=9 | motorbike | Pos=(279, 275)
2026-05-10 21:39:56,317 - VehicleCounter - INFO - [Track] ID=28 | motorbike | Pos=(346, 405)
2026-05-10 21:39:56,317 - VehicleCounter - INFO - [Track] ID=32 | motorbike | Pos=(237, 324)
2026-05-10 21:39:56,318 - VehicleCounter - INFO - [Track] ID=7 | motorbike | Pos=(114, 227)
2026-05-10 21:39:56,318 - VehicleCounter - INFO - [Track] ID=33 | truck | Pos=(666, 575)
2026-05-10 21:39:56,318 - VehicleCounter - INFO - [Track] ID=35 | bus | Pos=(695, 576)
2026-05-10 21:39:56,319 - VehicleCounter - INFO - [Track] ID=34 | motorbike | Pos=(58, 583)
2026-05-10 21:39:56,712 - VehicleCounter - INFO - [Track] ID=1 | motorbike | Pos=(180, 307)
2026-05-10 21:39:56,712 - VehicleCounter - INFO - [Track] ID=2 | motorbike | Pos=(214, 294)
2026-05-10 21:39:56,712 - VehicleCounter - INFO - [Track] ID=3 | motorbike | Pos=(54, 272)
2026-05-10 21:39:56,713 - VehicleCounter - INFO - [Track] ID=4 | motorbike | Pos=(148, 311)
2026-05-10 21:39:56,713 - VehicleCounter - INFO - [Track] ID=20 | motorbike | Pos=(272, 361)
2026-05-10 21:39:56,713 - VehicleCounter - INFO - [Track] ID=25 | motorbike | Pos=(303, 320)
2026-05-10 21:39:56,713 - VehicleCounter - INFO - [Track] ID=29 | motorbike | Pos=(224, 412)
2026-05-10 21:39:56,713 - VehicleCounter - INFO - [Track] ID=24 | motorbike | Pos=(296, 439)
2026-05-10 21:39:56,713 - VehicleCounter - INFO - [Track] ID=30 | motorbike | Pos=(447, 458)
2026-05-10 21:39:56,713 - VehicleCounter - INFO - [Track] ID=28 | motorbike | Pos=(342, 396)
2026-05-10 21:39:56,715 - VehicleCounter - INFO - [Track] ID=32 | motorbike | Pos=(229, 318)
2026-05-10 21:39:56,715 - VehicleCounter - INFO - [Track] ID=34 | motorbike | Pos=(72, 572)
2026-05-10 21:39:56,715 - VehicleCounter - INFO - [Track] ID=35 | truck | Pos=(671, 568)
2026-05-10 21:39:56,941 - VehicleCounter - INFO - [Track] ID=1 | motorbike | Pos=(176, 304)
2026-05-10 21:39:56,941 - VehicleCounter - INFO - [Track] ID=3 | motorbike | Pos=(52, 269)
2026-05-10 21:39:56,941 - VehicleCounter - INFO - [Track] ID=4 | motorbike | Pos=(147, 307)
2026-05-10 21:39:56,942 - VehicleCounter - INFO - [Track] ID=20 | motorbike | Pos=(269, 357)
2026-05-10 21:39:56,942 - VehicleCounter - INFO - [Track] ID=25 | motorbike | Pos=(297, 316)
2026-05-10 21:39:56,942 - VehicleCounter - INFO - [Track] ID=29 | motorbike | Pos=(223, 408)
2026-05-10 21:39:56,942 - VehicleCounter - INFO - [Track] ID=24 | motorbike | Pos=(293, 434)
2026-05-10 21:39:56,942 - VehicleCounter - INFO - [Track] ID=30 | motorbike | Pos=(440, 452)
2026-05-10 21:39:56,942 - VehicleCounter - INFO - [Track] ID=28 | motorbike | Pos=(339, 392)
2026-05-10 21:39:56,943 - VehicleCounter - INFO - [Track] ID=32 | motorbike | Pos=(223, 315)
2026-05-10 21:39:56,943 - VehicleCounter - INFO - [Track] ID=34 | motorbike | Pos=(82, 565)
2026-05-10 21:39:56,943 - VehicleCounter - INFO - [Track] ID=35 | truck | Pos=(666, 563)
2026-05-10 21:39:57,355 - VehicleCounter - INFO - [Track] ID=1 | motorbike | Pos=(174, 302)
2026-05-10 21:39:57,355 - VehicleCounter - INFO - [Track] ID=3 | motorbike | Pos=(51, 267)
2026-05-10 21:39:57,356 - VehicleCounter - INFO - [Track] ID=4 | motorbike | Pos=(146, 306)
2026-05-10 21:39:57,356 - VehicleCounter - INFO - [Track] ID=20 | motorbike | Pos=(266, 354)
2026-05-10 21:39:57,356 - VehicleCounter - INFO - [Track] ID=25 | motorbike | Pos=(292, 313)
2026-05-10 21:39:57,357 - VehicleCounter - INFO - [Track] ID=29 | motorbike | Pos=(221, 403)
2026-05-10 21:39:57,357 - VehicleCounter - INFO - [Track] ID=24 | motorbike | Pos=(290, 429)
2026-05-10 21:39:57,357 - VehicleCounter - INFO - [Track] ID=30 | motorbike | Pos=(434, 446)
2026-05-10 21:39:57,357 - VehicleCounter - INFO - [Track] ID=28 | motorbike | Pos=(336, 386)
2026-05-10 21:39:57,357 - VehicleCounter - INFO - [Track] ID=32 | motorbike | Pos=(218, 311)
2026-05-10 21:39:57,357 - VehicleCounter - INFO - [Track] ID=34 | motorbike | Pos=(91, 557)
2026-05-10 21:39:57,358 - VehicleCounter - INFO - [Track] ID=35 | truck | Pos=(663, 557)
2026-05-10 21:39:57,358 - VehicleCounter - INFO - [Track] ID=36 | motorbike | Pos=(198, 247)
2026-05-10 21:39:57,767 - VehicleCounter - INFO - [Track] ID=1 | motorbike | Pos=(172, 298)
2026-05-10 21:39:57,768 - VehicleCounter - INFO - [Track] ID=3 | motorbike | Pos=(50, 263)
2026-05-10 21:39:57,768 - VehicleCounter - INFO - [Track] ID=4 | motorbike | Pos=(145, 301)
2026-05-10 21:39:57,768 - VehicleCounter - INFO - [Track] ID=20 | motorbike | Pos=(263, 350)
2026-05-10 21:39:57,768 - VehicleCounter - INFO - [Track] ID=25 | motorbike | Pos=(286, 309)
2026-05-10 21:39:57,768 - VehicleCounter - INFO - [Track] ID=29 | motorbike | Pos=(219, 398)
2026-05-10 21:39:57,770 - VehicleCounter - INFO - [Track] ID=24 | motorbike | Pos=(288, 423)
2026-05-10 21:39:57,770 - VehicleCounter - INFO - [Track] ID=30 | motorbike | Pos=(428, 440)
2026-05-10 21:39:57,770 - VehicleCounter - INFO - [Track] ID=28 | motorbike | Pos=(333, 379)
2026-05-10 21:39:57,770 - VehicleCounter - INFO - [Track] ID=32 | motorbike | Pos=(213, 305)
2026-05-10 21:39:57,770 - VehicleCounter - INFO - [Track] ID=34 | motorbike | Pos=(99, 544)
2026-05-10 21:39:57,771 - VehicleCounter - INFO - [Track] ID=35 | truck | Pos=(659, 550)
2026-05-10 21:39:57,771 - VehicleCounter - INFO - [Track] ID=7 | motorbike | Pos=(115, 222)
2026-05-10 21:39:58,003 - VehicleCounter - INFO - [Track] ID=1 | motorbike | Pos=(170, 294)
2026-05-10 21:39:58,004 - VehicleCounter - INFO - [Track] ID=3 | motorbike | Pos=(50, 260)
2026-05-10 21:39:58,004 - VehicleCounter - INFO - [Track] ID=4 | motorbike | Pos=(145, 298)
2026-05-10 21:39:58,004 - VehicleCounter - INFO - [Track] ID=20 | motorbike | Pos=(259, 347)
2026-05-10 21:39:58,004 - VehicleCounter - INFO - [Track] ID=25 | motorbike | Pos=(281, 305)
2026-05-10 21:39:58,004 - VehicleCounter - INFO - [Track] ID=29 | motorbike | Pos=(218, 393)
2026-05-10 21:39:58,019 - VehicleCounter - INFO - [Track] ID=24 | motorbike | Pos=(286, 418)
2026-05-10 21:39:58,019 - VehicleCounter - INFO - [Track] ID=30 | motorbike | Pos=(422, 433)
2026-05-10 21:39:58,020 - VehicleCounter - INFO - [Track] ID=28 | motorbike | Pos=(332, 379)
2026-05-10 21:39:58,020 - VehicleCounter - INFO - [Track] ID=32 | motorbike | Pos=(209, 301)
2026-05-10 21:39:58,020 - VehicleCounter - INFO - [Track] ID=34 | motorbike | Pos=(106, 531)
2026-05-10 21:39:58,020 - VehicleCounter - INFO - [Track] ID=35 | truck | Pos=(646, 545)
2026-05-10 21:39:58,022 - VehicleCounter - INFO - [Track] ID=37 | motorbike | Pos=(849, 614)
2026-05-10 21:39:58,442 - VehicleCounter - INFO - [Track] ID=1 | motorbike | Pos=(170, 293)
2026-05-10 21:39:58,442 - VehicleCounter - INFO - [Track] ID=3 | motorbike | Pos=(50, 259)
2026-05-10 21:39:58,442 - VehicleCounter - INFO - [Track] ID=4 | motorbike | Pos=(146, 297)
2026-05-10 21:39:58,442 - VehicleCounter - INFO - [Track] ID=20 | motorbike | Pos=(259, 346)
2026-05-10 21:39:58,443 - VehicleCounter - INFO - [Track] ID=25 | motorbike | Pos=(280, 304)
2026-05-10 21:39:58,443 - VehicleCounter - INFO - [Track] ID=29 | motorbike | Pos=(218, 392)
2026-05-10 21:39:58,443 - VehicleCounter - INFO - [Track] ID=24 | motorbike | Pos=(285, 416)
2026-05-10 21:39:58,443 - VehicleCounter - INFO - [Track] ID=30 | motorbike | Pos=(421, 432)
2026-05-10 21:39:58,444 - VehicleCounter - INFO - [Track] ID=28 | motorbike | Pos=(331, 378)
2026-05-10 21:39:58,444 - VehicleCounter - INFO - [Track] ID=32 | motorbike | Pos=(208, 300)
2026-05-10 21:39:58,444 - VehicleCounter - INFO - [Track] ID=34 | motorbike | Pos=(108, 526)
2026-05-10 21:39:58,444 - VehicleCounter - INFO - [Track] ID=35 | bus | Pos=(641, 542)
2026-05-10 21:39:58,444 - VehicleCounter - INFO - [Track] ID=23 | motorbike | Pos=(319, 337)
2026-05-10 21:39:58,874 - VehicleCounter - INFO - [Track] ID=1 | motorbike | Pos=(168, 288)
2026-05-10 21:39:58,875 - VehicleCounter - INFO - [Track] ID=3 | motorbike | Pos=(51, 257)
2026-05-10 21:39:58,875 - VehicleCounter - INFO - [Track] ID=4 | motorbike | Pos=(146, 293)
2026-05-10 21:39:58,875 - VehicleCounter - INFO - [Track] ID=20 | motorbike | Pos=(256, 341)
2026-05-10 21:39:58,875 - VehicleCounter - INFO - [Track] ID=25 | motorbike | Pos=(274, 301)
2026-05-10 21:39:58,875 - VehicleCounter - INFO - [Track] ID=29 | motorbike | Pos=(217, 386)
2026-05-10 21:39:58,875 - VehicleCounter - INFO - [Track] ID=24 | motorbike | Pos=(283, 410)
2026-05-10 21:39:58,875 - VehicleCounter - INFO - [Track] ID=30 | motorbike | Pos=(416, 424)
2026-05-10 21:39:58,875 - VehicleCounter - INFO - [Track] ID=28 | motorbike | Pos=(330, 373)
2026-05-10 21:39:58,875 - VehicleCounter - INFO - [Track] ID=32 | motorbike | Pos=(205, 296)
2026-05-10 21:39:58,876 - VehicleCounter - INFO - [Track] ID=34 | motorbike | Pos=(119, 510)
2026-05-10 21:39:58,876 - VehicleCounter - INFO - [Track] ID=35 | truck | Pos=(627, 536)
2026-05-10 21:39:58,876 - VehicleCounter - INFO - [Track] ID=38 | motorbike | Pos=(171, 609)
2026-05-10 21:39:58,876 - VehicleCounter - INFO - [Track] ID=23 | motorbike | Pos=(313, 332)
2026-05-10 21:39:58,876 - VehicleCounter - INFO - [Track] ID=33 | bus | Pos=(602, 535)
2026-05-10 21:39:59,308 - VehicleCounter - INFO - [Track] ID=1 | motorbike | Pos=(168, 286)
2026-05-10 21:39:59,309 - VehicleCounter - INFO - [Track] ID=3 | motorbike | Pos=(52, 254)
2026-05-10 21:39:59,309 - VehicleCounter - INFO - [Track] ID=4 | motorbike | Pos=(147, 291)
2026-05-10 21:39:59,309 - VehicleCounter - INFO - [Track] ID=20 | motorbike | Pos=(255, 339)
2026-05-10 21:39:59,309 - VehicleCounter - INFO - [Track] ID=25 | motorbike | Pos=(271, 299)
2026-05-10 21:39:59,309 - VehicleCounter - INFO - [Track] ID=29 | motorbike | Pos=(217, 383)
2026-05-10 21:39:59,309 - VehicleCounter - INFO - [Track] ID=24 | motorbike | Pos=(282, 406)
2026-05-10 21:39:59,309 - VehicleCounter - INFO - [Track] ID=30 | motorbike | Pos=(414, 420)
2026-05-10 21:39:59,310 - VehicleCounter - INFO - [Track] ID=28 | motorbike | Pos=(329, 370)
2026-05-10 21:39:59,310 - VehicleCounter - INFO - [Track] ID=32 | motorbike | Pos=(204, 294)
2026-05-10 21:39:59,310 - VehicleCounter - INFO - [Track] ID=34 | motorbike | Pos=(124, 501)
2026-05-10 21:39:59,310 - VehicleCounter - INFO - [Track] ID=35 | truck | Pos=(623, 532)
2026-05-10 21:39:59,310 - VehicleCounter - INFO - [Track] ID=38 | motorbike | Pos=(179, 603)
2026-05-10 21:39:59,311 - VehicleCounter - INFO - [Track] ID=23 | motorbike | Pos=(311, 329)
2026-05-10 21:39:59,888 - VehicleCounter - INFO - [Track] ID=1 | motorbike | Pos=(164, 281)
2026-05-10 21:39:59,888 - VehicleCounter - INFO - [Track] ID=3 | motorbike | Pos=(52, 250)
2026-05-10 21:39:59,888 - VehicleCounter - INFO - [Track] ID=4 | motorbike | Pos=(146, 288)
2026-05-10 21:39:59,889 - VehicleCounter - INFO - [Track] ID=20 | motorbike | Pos=(249, 335)
2026-05-10 21:39:59,889 - VehicleCounter - INFO - [Track] ID=25 | motorbike | Pos=(263, 293)
2026-05-10 21:39:59,889 - VehicleCounter - INFO - [Track] ID=29 | motorbike | Pos=(214, 377)
2026-05-10 21:39:59,889 - VehicleCounter - INFO - [Track] ID=24 | motorbike | Pos=(279, 401)
2026-05-10 21:39:59,889 - VehicleCounter - INFO - [Track] ID=30 | motorbike | Pos=(409, 414)
2026-05-10 21:39:59,890 - VehicleCounter - INFO - [Track] ID=28 | motorbike | Pos=(326, 364)
2026-05-10 21:39:59,890 - VehicleCounter - INFO - [Track] ID=32 | motorbike | Pos=(199, 289)
2026-05-10 21:39:59,890 - VehicleCounter - INFO - [Track] ID=34 | motorbike | Pos=(131, 488)
2026-05-10 21:39:59,890 - VehicleCounter - INFO - [Track] ID=35 | truck | Pos=(607, 526)
2026-05-10 21:39:59,890 - VehicleCounter - INFO - [Track] ID=38 | motorbike | Pos=(192, 592)
2026-05-10 21:39:59,890 - VehicleCounter - INFO - [Track] ID=23 | motorbike | Pos=(306, 325)
2026-05-10 21:39:59,891 - VehicleCounter - INFO - [Track] ID=39 | motorbike | Pos=(470, 479)
2026-05-10 21:40:00,293 - VehicleCounter - INFO - [Track] ID=1 | motorbike | Pos=(163, 278)
2026-05-10 21:40:00,293 - VehicleCounter - INFO - [Track] ID=3 | motorbike | Pos=(53, 247)
2026-05-10 21:40:00,293 - VehicleCounter - INFO - [Track] ID=4 | motorbike | Pos=(146, 285)
2026-05-10 21:40:00,293 - VehicleCounter - INFO - [Track] ID=20 | motorbike | Pos=(246, 331)
2026-05-10 21:40:00,293 - VehicleCounter - INFO - [Track] ID=29 | motorbike | Pos=(213, 373)
2026-05-10 21:40:00,294 - VehicleCounter - INFO - [Track] ID=24 | motorbike | Pos=(278, 396)
2026-05-10 21:40:00,294 - VehicleCounter - INFO - [Track] ID=30 | motorbike | Pos=(406, 408)
2026-05-10 21:40:00,294 - VehicleCounter - INFO - [Track] ID=28 | motorbike | Pos=(324, 361)
2026-05-10 21:40:00,294 - VehicleCounter - INFO - [Track] ID=32 | motorbike | Pos=(196, 287)
2026-05-10 21:40:00,294 - VehicleCounter - INFO - [Track] ID=34 | motorbike | Pos=(137, 476)
2026-05-10 21:40:00,294 - VehicleCounter - INFO - [Track] ID=35 | truck | Pos=(602, 521)
2026-05-10 21:40:00,294 - VehicleCounter - INFO - [Track] ID=38 | motorbike | Pos=(203, 582)
2026-05-10 21:40:00,294 - VehicleCounter - INFO - [Track] ID=23 | motorbike | Pos=(302, 322)
2026-05-10 21:40:00,294 - VehicleCounter - INFO - [Track] ID=39 | motorbike | Pos=(462, 471)
2026-05-10 21:40:00,295 - VehicleCounter - INFO - [Track] ID=25 | motorbike | Pos=(259, 289)
2026-05-10 21:40:00,523 - VehicleCounter - INFO - [Track] ID=1 | motorbike | Pos=(162, 276)
2026-05-10 21:40:00,523 - VehicleCounter - INFO - [Track] ID=3 | motorbike | Pos=(55, 245)
2026-05-10 21:40:00,524 - VehicleCounter - INFO - [Track] ID=4 | motorbike | Pos=(146, 284)
2026-05-10 21:40:00,524 - VehicleCounter - INFO - [Track] ID=20 | motorbike | Pos=(244, 328)
2026-05-10 21:40:00,524 - VehicleCounter - INFO - [Track] ID=29 | motorbike | Pos=(213, 370)
2026-05-10 21:40:00,524 - VehicleCounter - INFO - [Track] ID=24 | motorbike | Pos=(277, 393)
2026-05-10 21:40:00,524 - VehicleCounter - INFO - [Track] ID=30 | motorbike | Pos=(404, 404)
2026-05-10 21:40:00,524 - VehicleCounter - INFO - [Track] ID=28 | motorbike | Pos=(322, 359)
2026-05-10 21:40:00,524 - VehicleCounter - INFO - [Track] ID=32 | motorbike | Pos=(195, 284)
2026-05-10 21:40:00,524 - VehicleCounter - INFO - [Track] ID=34 | motorbike | Pos=(142, 466)
2026-05-10 21:40:00,524 - VehicleCounter - INFO - [Track] ID=35 | truck | Pos=(594, 515)
2026-05-10 21:40:00,524 - VehicleCounter - INFO - [Track] ID=38 | motorbike | Pos=(212, 576)
2026-05-10 21:40:00,526 - VehicleCounter - INFO - [Track] ID=23 | motorbike | Pos=(300, 319)
2026-05-10 21:40:00,526 - VehicleCounter - INFO - [Track] ID=39 | motorbike | Pos=(453, 465)
2026-05-10 21:40:00,526 - VehicleCounter - INFO - [Track] ID=40 | motorbike | Pos=(166, 619)
2026-05-10 21:40:00,936 - VehicleCounter - INFO - [Track] ID=1 | motorbike | Pos=(161, 276)
2026-05-10 21:40:00,936 - VehicleCounter - INFO - [Track] ID=3 | motorbike | Pos=(56, 244)
2026-05-10 21:40:00,936 - VehicleCounter - INFO - [Track] ID=4 | motorbike | Pos=(148, 282)
2026-05-10 21:40:00,937 - VehicleCounter - INFO - [Track] ID=20 | motorbike | Pos=(243, 326)
2026-05-10 21:40:00,937 - VehicleCounter - INFO - [Track] ID=29 | motorbike | Pos=(213, 367)
2026-05-10 21:40:00,937 - VehicleCounter - INFO - [Track] ID=24 | motorbike | Pos=(276, 390)
2026-05-10 21:40:00,937 - VehicleCounter - INFO - [Track] ID=30 | motorbike | Pos=(403, 402)
2026-05-10 21:40:00,937 - VehicleCounter - INFO - [Track] ID=28 | motorbike | Pos=(321, 356)
2026-05-10 21:40:00,937 - VehicleCounter - INFO - [Track] ID=32 | motorbike | Pos=(194, 282)
2026-05-10 21:40:00,937 - VehicleCounter - INFO - [Track] ID=34 | motorbike | Pos=(145, 460)
2026-05-10 21:40:00,938 - VehicleCounter - INFO - [Track] ID=35 | truck | Pos=(593, 516)
2026-05-10 21:40:00,938 - VehicleCounter - INFO - [Track] ID=38 | motorbike | Pos=(216, 571)
2026-05-10 21:40:00,938 - VehicleCounter - INFO - [Track] ID=23 | motorbike | Pos=(298, 317)
2026-05-10 21:40:00,938 - VehicleCounter - INFO - [Track] ID=39 | motorbike | Pos=(448, 458)
2026-05-10 21:40:00,938 - VehicleCounter - INFO - [Track] ID=40 | motorbike | Pos=(161, 614)
2026-05-10 21:40:01,346 - VehicleCounter - INFO - [Track] ID=3 | motorbike | Pos=(57, 241)
2026-05-10 21:40:01,347 - VehicleCounter - INFO - [Track] ID=4 | motorbike | Pos=(151, 275)
2026-05-10 21:40:01,347 - VehicleCounter - INFO - [Track] ID=20 | motorbike | Pos=(239, 321)
2026-05-10 21:40:01,347 - VehicleCounter - INFO - [Track] ID=29 | motorbike | Pos=(211, 361)
2026-05-10 21:40:01,347 - VehicleCounter - INFO - [Track] ID=24 | motorbike | Pos=(273, 383)
2026-05-10 21:40:01,347 - VehicleCounter - INFO - [Track] ID=30 | motorbike | Pos=(399, 395)
2026-05-10 21:40:01,347 - VehicleCounter - INFO - [Track] ID=28 | motorbike | Pos=(317, 350)
2026-05-10 21:40:01,347 - VehicleCounter - INFO - [Track] ID=32 | motorbike | Pos=(191, 278)
2026-05-10 21:40:01,349 - VehicleCounter - INFO - [Track] ID=34 | motorbike | Pos=(151, 446)
2026-05-10 21:40:01,349 - VehicleCounter - INFO - [Track] ID=38 | motorbike | Pos=(229, 561)
2026-05-10 21:40:01,349 - VehicleCounter - INFO - [Track] ID=23 | motorbike | Pos=(290, 311)
2026-05-10 21:40:01,349 - VehicleCounter - INFO - [Track] ID=39 | motorbike | Pos=(430, 442)
2026-05-10 21:40:01,349 - VehicleCounter - INFO - [Track] ID=40 | motorbike | Pos=(162, 602)
2026-05-10 21:40:01,350 - VehicleCounter - INFO - [Track] ID=35 | bus | Pos=(589, 511)
2026-05-10 21:40:01,755 - VehicleCounter - INFO - [Track] ID=3 | motorbike | Pos=(59, 237)
2026-05-10 21:40:01,755 - VehicleCounter - INFO - [Track] ID=4 | motorbike | Pos=(150, 272)
2026-05-10 21:40:01,756 - VehicleCounter - INFO - [Track] ID=20 | motorbike | Pos=(235, 317)
2026-05-10 21:40:01,756 - VehicleCounter - INFO - [Track] ID=29 | motorbike | Pos=(210, 357)
2026-05-10 21:40:01,757 - VehicleCounter - INFO - [Track] ID=24 | motorbike | Pos=(272, 378)
2026-05-10 21:40:01,757 - VehicleCounter - INFO - [Track] ID=30 | motorbike | Pos=(394, 391)
2026-05-10 21:40:01,757 - VehicleCounter - INFO - [Track] ID=28 | motorbike | Pos=(314, 346)
2026-05-10 21:40:01,758 - VehicleCounter - INFO - [Track] ID=32 | motorbike | Pos=(189, 274)
2026-05-10 21:40:01,758 - VehicleCounter - INFO - [Track] ID=34 | motorbike | Pos=(154, 435)
2026-05-10 21:40:01,758 - VehicleCounter - INFO - [Track] ID=38 | motorbike | Pos=(237, 550)
2026-05-10 21:40:01,758 - VehicleCounter - INFO - [Track] ID=23 | motorbike | Pos=(284, 307)
2026-05-10 21:40:01,758 - VehicleCounter - INFO - [Track] ID=40 | motorbike | Pos=(162, 591)
2026-05-10 21:40:01,758 - VehicleCounter - INFO - [Track] ID=35 | bus | Pos=(584, 508)
2026-05-10 21:40:01,985 - VehicleCounter - INFO - [Track] ID=3 | motorbike | Pos=(61, 236)
2026-05-10 21:40:01,985 - VehicleCounter - INFO - [Track] ID=4 | motorbike | Pos=(150, 272)
2026-05-10 21:40:01,985 - VehicleCounter - INFO - [Track] ID=20 | motorbike | Pos=(233, 315)
2026-05-10 21:40:01,985 - VehicleCounter - INFO - [Track] ID=29 | motorbike | Pos=(210, 354)
2026-05-10 21:40:01,986 - VehicleCounter - INFO - [Track] ID=24 | motorbike | Pos=(272, 375)
2026-05-10 21:40:01,986 - VehicleCounter - INFO - [Track] ID=30 | motorbike | Pos=(393, 388)
2026-05-10 21:40:01,986 - VehicleCounter - INFO - [Track] ID=28 | motorbike | Pos=(312, 343)
2026-05-10 21:40:01,986 - VehicleCounter - INFO - [Track] ID=32 | motorbike | Pos=(188, 273)
2026-05-10 21:40:01,987 - VehicleCounter - INFO - [Track] ID=34 | motorbike | Pos=(158, 428)
2026-05-10 21:40:01,987 - VehicleCounter - INFO - [Track] ID=38 | motorbike | Pos=(243, 540)
2026-05-10 21:40:01,987 - VehicleCounter - INFO - [Track] ID=23 | motorbike | Pos=(281, 305)
2026-05-10 21:40:01,987 - VehicleCounter - INFO - [Track] ID=40 | motorbike | Pos=(163, 586)
2026-05-10 21:40:01,987 - VehicleCounter - INFO - [Track] ID=35 | bus | Pos=(577, 505)
2026-05-10 21:40:01,987 - VehicleCounter - INFO - [Track] ID=41 | motorbike | Pos=(426, 460)
2026-05-10 21:40:02,395 - VehicleCounter - INFO - [Track] ID=3 | motorbike | Pos=(62, 233)
2026-05-10 21:40:02,395 - VehicleCounter - INFO - [Track] ID=4 | motorbike | Pos=(150, 270)
2026-05-10 21:40:02,395 - VehicleCounter - INFO - [Track] ID=20 | motorbike | Pos=(231, 311)
2026-05-10 21:40:02,395 - VehicleCounter - INFO - [Track] ID=29 | motorbike | Pos=(210, 351)
2026-05-10 21:40:02,395 - VehicleCounter - INFO - [Track] ID=24 | motorbike | Pos=(271, 370)
2026-05-10 21:40:02,396 - VehicleCounter - INFO - [Track] ID=30 | motorbike | Pos=(392, 381)
2026-05-10 21:40:02,396 - VehicleCounter - INFO - [Track] ID=28 | motorbike | Pos=(310, 340)
2026-05-10 21:40:02,396 - VehicleCounter - INFO - [Track] ID=32 | motorbike | Pos=(188, 270)
2026-05-10 21:40:02,396 - VehicleCounter - INFO - [Track] ID=34 | motorbike | Pos=(162, 419)
2026-05-10 21:40:02,396 - VehicleCounter - INFO - [Track] ID=38 | motorbike | Pos=(251, 526)
2026-05-10 21:40:02,396 - VehicleCounter - INFO - [Track] ID=23 | motorbike | Pos=(277, 301)
2026-05-10 21:40:02,396 - VehicleCounter - INFO - [Track] ID=40 | motorbike | Pos=(164, 577)
2026-05-10 21:40:02,396 - VehicleCounter - INFO - [Track] ID=41 | motorbike | Pos=(408, 450)
2026-05-10 21:40:02,396 - VehicleCounter - INFO - [Track] ID=42 | motorbike | Pos=(352, 621)
2026-05-10 21:40:02,396 - VehicleCounter - INFO - [Track] ID=35 | bus | Pos=(570, 499)
2026-05-10 21:40:02,814 - VehicleCounter - INFO - [Track] ID=3 | motorbike | Pos=(63, 232)
2026-05-10 21:40:02,814 - VehicleCounter - INFO - [Track] ID=4 | motorbike | Pos=(149, 267)
2026-05-10 21:40:02,815 - VehicleCounter - INFO - [Track] ID=20 | motorbike | Pos=(229, 308)
2026-05-10 21:40:02,815 - VehicleCounter - INFO - [Track] ID=29 | motorbike | Pos=(209, 347)
2026-05-10 21:40:02,815 - VehicleCounter - INFO - [Track] ID=24 | motorbike | Pos=(270, 366)
2026-05-10 21:40:02,815 - VehicleCounter - INFO - [Track] ID=30 | motorbike | Pos=(387, 372)
2026-05-10 21:40:02,815 - VehicleCounter - INFO - [Track] ID=28 | motorbike | Pos=(308, 336)
2026-05-10 21:40:02,815 - VehicleCounter - INFO - [Track] ID=32 | motorbike | Pos=(187, 268)
2026-05-10 21:40:02,815 - VehicleCounter - INFO - [Track] ID=34 | motorbike | Pos=(165, 412)
2026-05-10 21:40:02,816 - VehicleCounter - INFO - [Track] ID=38 | motorbike | Pos=(257, 515)
2026-05-10 21:40:02,816 - VehicleCounter - INFO - [Track] ID=23 | motorbike | Pos=(273, 297)
2026-05-10 21:40:02,816 - VehicleCounter - INFO - [Track] ID=40 | motorbike | Pos=(166, 568)
2026-05-10 21:40:02,816 - VehicleCounter - INFO - [Track] ID=41 | motorbike | Pos=(393, 441)
2026-05-10 21:40:02,816 - VehicleCounter - INFO - [Track] ID=42 | motorbike | Pos=(339, 612)
2026-05-10 21:40:02,816 - VehicleCounter - INFO - [Track] ID=43 | motorbike | Pos=(125, 599)
2026-05-10 21:40:02,816 - VehicleCounter - INFO - [Track] ID=35 | bus | Pos=(565, 497)
2026-05-10 21:40:03,047 - VehicleCounter - INFO - [Track] ID=3 | motorbike | Pos=(64, 232)
2026-05-10 21:40:03,047 - VehicleCounter - INFO - [Track] ID=4 | motorbike | Pos=(149, 267)
2026-05-10 21:40:03,047 - VehicleCounter - INFO - [Track] ID=20 | motorbike | Pos=(229, 308)
2026-05-10 21:40:03,047 - VehicleCounter - INFO - [Track] ID=29 | motorbike | Pos=(209, 346)
2026-05-10 21:40:03,048 - VehicleCounter - INFO - [Track] ID=24 | motorbike | Pos=(270, 365)
2026-05-10 21:40:03,048 - VehicleCounter - INFO - [Track] ID=30 | motorbike | Pos=(387, 372)
2026-05-10 21:40:03,048 - VehicleCounter - INFO - [Track] ID=28 | motorbike | Pos=(307, 336)
2026-05-10 21:40:03,048 - VehicleCounter - INFO - [Track] ID=32 | motorbike | Pos=(187, 267)
2026-05-10 21:40:03,048 - VehicleCounter - INFO - [Track] ID=34 | motorbike | Pos=(165, 411)
2026-05-10 21:40:03,048 - VehicleCounter - INFO - [Track] ID=38 | motorbike | Pos=(257, 514)
2026-05-10 21:40:03,049 - VehicleCounter - INFO - [Track] ID=23 | motorbike | Pos=(272, 296)
2026-05-10 21:40:03,049 - VehicleCounter - INFO - [Track] ID=40 | motorbike | Pos=(166, 567)
2026-05-10 21:40:03,050 - VehicleCounter - INFO - [Track] ID=41 | motorbike | Pos=(392, 439)
2026-05-10 21:40:03,050 - VehicleCounter - INFO - [Track] ID=42 | motorbike | Pos=(337, 611)
2026-05-10 21:40:03,050 - VehicleCounter - INFO - [Track] ID=43 | motorbike | Pos=(124, 597)
2026-05-10 21:40:03,050 - VehicleCounter - INFO - [Track] ID=35 | bus | Pos=(564, 496)
2026-05-10 21:40:03,460 - VehicleCounter - INFO - [Track] ID=3 | motorbike | Pos=(64, 231)
2026-05-10 21:40:03,460 - VehicleCounter - INFO - [Track] ID=4 | motorbike | Pos=(148, 264)
2026-05-10 21:40:03,462 - VehicleCounter - INFO - [Track] ID=20 | motorbike | Pos=(227, 306)
2026-05-10 21:40:03,462 - VehicleCounter - INFO - [Track] ID=29 | motorbike | Pos=(209, 343)
2026-05-10 21:40:03,462 - VehicleCounter - INFO - [Track] ID=24 | motorbike | Pos=(270, 362)
2026-05-10 21:40:03,462 - VehicleCounter - INFO - [Track] ID=30 | motorbike | Pos=(384, 365)
2026-05-10 21:40:03,462 - VehicleCounter - INFO - [Track] ID=28 | motorbike | Pos=(305, 334)
2026-05-10 21:40:03,462 - VehicleCounter - INFO - [Track] ID=32 | motorbike | Pos=(186, 266)
2026-05-10 21:40:03,462 - VehicleCounter - INFO - [Track] ID=34 | motorbike | Pos=(166, 406)
2026-05-10 21:40:03,462 - VehicleCounter - INFO - [Track] ID=38 | motorbike | Pos=(260, 506)
2026-05-10 21:40:03,462 - VehicleCounter - INFO - [Track] ID=23 | motorbike | Pos=(269, 296)
2026-05-10 21:40:03,463 - VehicleCounter - INFO - [Track] ID=40 | motorbike | Pos=(166, 561)
2026-05-10 21:40:03,463 - VehicleCounter - INFO - [Track] ID=41 | motorbike | Pos=(382, 433)
2026-05-10 21:40:03,463 - VehicleCounter - INFO - [Track] ID=42 | motorbike | Pos=(329, 606)
2026-05-10 21:40:03,463 - VehicleCounter - INFO - [Track] ID=43 | motorbike | Pos=(115, 591)
2026-05-10 21:40:03,463 - VehicleCounter - INFO - [Track] ID=35 | bus | Pos=(560, 496)
2026-05-10 21:40:03,879 - VehicleCounter - INFO - [Track] ID=3 | motorbike | Pos=(66, 227)
2026-05-10 21:40:03,879 - VehicleCounter - INFO - [Track] ID=4 | motorbike | Pos=(148, 261)
2026-05-10 21:40:03,879 - VehicleCounter - INFO - [Track] ID=20 | motorbike | Pos=(224, 301)
2026-05-10 21:40:03,880 - VehicleCounter - INFO - [Track] ID=29 | motorbike | Pos=(209, 337)
2026-05-10 21:40:03,880 - VehicleCounter - INFO - [Track] ID=24 | motorbike | Pos=(270, 357)
2026-05-10 21:40:03,880 - VehicleCounter - INFO - [Track] ID=28 | motorbike | Pos=(301, 328)
2026-05-10 21:40:03,880 - VehicleCounter - INFO - [Track] ID=32 | motorbike | Pos=(185, 263)
2026-05-10 21:40:03,880 - VehicleCounter - INFO - [Track] ID=34 | motorbike | Pos=(169, 397)
2026-05-10 21:40:03,880 - VehicleCounter - INFO - [Track] ID=38 | motorbike | Pos=(268, 486)
2026-05-10 21:40:03,882 - VehicleCounter - INFO - [Track] ID=23 | motorbike | Pos=(264, 291)
2026-05-10 21:40:03,882 - VehicleCounter - INFO - [Track] ID=40 | motorbike | Pos=(170, 542)
2026-05-10 21:40:03,882 - VehicleCounter - INFO - [Track] ID=41 | motorbike | Pos=(361, 420)
2026-05-10 21:40:03,882 - VehicleCounter - INFO - [Track] ID=42 | motorbike | Pos=(311, 597)
2026-05-10 21:40:03,882 - VehicleCounter - INFO - [Track] ID=43 | motorbike | Pos=(98, 577)
2026-05-10 21:40:03,882 - VehicleCounter - INFO - [Track] ID=35 | bus | Pos=(556, 491)
2026-05-10 21:40:03,883 - VehicleCounter - INFO - [Track] ID=45 | motorbike | Pos=(153, 603)
2026-05-10 21:40:03,883 - VehicleCounter - INFO - [Track] ID=46 | motorbike | Pos=(364, 614)
2026-05-10 21:40:03,883 - VehicleCounter - INFO - [Track] ID=30 | motorbike | Pos=(376, 372)
2026-05-10 21:40:04,292 - VehicleCounter - INFO - [Track] ID=3 | motorbike | Pos=(67, 225)
2026-05-10 21:40:04,293 - VehicleCounter - INFO - [Track] ID=4 | motorbike | Pos=(147, 259)
2026-05-10 21:40:04,293 - VehicleCounter - INFO - [Track] ID=29 | motorbike | Pos=(208, 333)
2026-05-10 21:40:04,293 - VehicleCounter - INFO - [Track] ID=24 | motorbike | Pos=(269, 352)
2026-05-10 21:40:04,293 - VehicleCounter - INFO - [Track] ID=28 | motorbike | Pos=(297, 324)
2026-05-10 21:40:04,293 - VehicleCounter - INFO - [Track] ID=32 | motorbike | Pos=(184, 260)
2026-05-10 21:40:04,294 - VehicleCounter - INFO - [Track] ID=34 | motorbike | Pos=(170, 387)
2026-05-10 21:40:04,294 - VehicleCounter - INFO - [Track] ID=38 | motorbike | Pos=(271, 470)
2026-05-10 21:40:04,294 - VehicleCounter - INFO - [Track] ID=23 | motorbike | Pos=(259, 288)
2026-05-10 21:40:04,294 - VehicleCounter - INFO - [Track] ID=40 | motorbike | Pos=(172, 520)
2026-05-10 21:40:04,294 - VehicleCounter - INFO - [Track] ID=41 | motorbike | Pos=(341, 409)
2026-05-10 21:40:04,295 - VehicleCounter - INFO - [Track] ID=42 | motorbike | Pos=(297, 586)
2026-05-10 21:40:04,295 - VehicleCounter - INFO - [Track] ID=43 | motorbike | Pos=(83, 566)
2026-05-10 21:40:04,295 - VehicleCounter - INFO - [Track] ID=35 | bus | Pos=(551, 488)
2026-05-10 21:40:04,295 - VehicleCounter - INFO - [Track] ID=45 | motorbike | Pos=(148, 604)
2026-05-10 21:40:04,295 - VehicleCounter - INFO - [Track] ID=46 | motorbike | Pos=(359, 603)
2026-05-10 21:40:04,295 - VehicleCounter - INFO - [Track] ID=30 | motorbike | Pos=(369, 369)
2026-05-10 21:40:04,528 - VehicleCounter - INFO - [Track] ID=3 | motorbike | Pos=(68, 224)
2026-05-10 21:40:04,528 - VehicleCounter - INFO - [Track] ID=4 | motorbike | Pos=(147, 258)
2026-05-10 21:40:04,528 - VehicleCounter - INFO - [Track] ID=29 | motorbike | Pos=(208, 331)
2026-05-10 21:40:04,528 - VehicleCounter - INFO - [Track] ID=24 | motorbike | Pos=(268, 350)
2026-05-10 21:40:04,528 - VehicleCounter - INFO - [Track] ID=28 | motorbike | Pos=(295, 323)
2026-05-10 21:40:04,528 - VehicleCounter - INFO - [Track] ID=32 | motorbike | Pos=(184, 258)
2026-05-10 21:40:04,528 - VehicleCounter - INFO - [Track] ID=34 | motorbike | Pos=(171, 382)
2026-05-10 21:40:04,528 - VehicleCounter - INFO - [Track] ID=38 | motorbike | Pos=(274, 461)
2026-05-10 21:40:04,528 - VehicleCounter - INFO - [Track] ID=23 | motorbike | Pos=(257, 287)
2026-05-10 21:40:04,528 - VehicleCounter - INFO - [Track] ID=40 | motorbike | Pos=(175, 511)
2026-05-10 21:40:04,528 - VehicleCounter - INFO - [Track] ID=41 | motorbike | Pos=(332, 403)
2026-05-10 21:40:04,530 - VehicleCounter - INFO - [Track] ID=42 | motorbike | Pos=(289, 582)
2026-05-10 21:40:04,530 - VehicleCounter - INFO - [Track] ID=43 | motorbike | Pos=(77, 560)
2026-05-10 21:40:04,530 - VehicleCounter - INFO - [Track] ID=35 | bus | Pos=(553, 485)
2026-05-10 21:40:04,530 - VehicleCounter - INFO - [Track] ID=45 | motorbike | Pos=(147, 598)
2026-05-10 21:40:04,530 - VehicleCounter - INFO - [Track] ID=46 | motorbike | Pos=(354, 597)
2026-05-10 21:40:04,530 - VehicleCounter - INFO - [Track] ID=30 | motorbike | Pos=(370, 364)
2026-05-10 21:40:04,530 - VehicleCounter - INFO - [Track] ID=48 | motorbike | Pos=(442, 459)
2026-05-10 21:40:04,941 - VehicleCounter - INFO - [Track] ID=4 | motorbike | Pos=(147, 256)
2026-05-10 21:40:04,941 - VehicleCounter - INFO - [Track] ID=29 | motorbike | Pos=(208, 329)
2026-05-10 21:40:04,941 - VehicleCounter - INFO - [Track] ID=24 | motorbike | Pos=(268, 348)
2026-05-10 21:40:04,942 - VehicleCounter - INFO - [Track] ID=28 | motorbike | Pos=(293, 320)
2026-05-10 21:40:04,942 - VehicleCounter - INFO - [Track] ID=32 | motorbike | Pos=(184, 257)
2026-05-10 21:40:04,942 - VehicleCounter - INFO - [Track] ID=34 | motorbike | Pos=(171, 379)
2026-05-10 21:40:04,942 - VehicleCounter - INFO - [Track] ID=38 | motorbike | Pos=(274, 456)
2026-05-10 21:40:04,943 - VehicleCounter - INFO - [Track] ID=23 | motorbike | Pos=(254, 287)
2026-05-10 21:40:04,943 - VehicleCounter - INFO - [Track] ID=40 | motorbike | Pos=(176, 504)
2026-05-10 21:40:04,943 - VehicleCounter - INFO - [Track] ID=41 | motorbike | Pos=(326, 399)
2026-05-10 21:40:04,943 - VehicleCounter - INFO - [Track] ID=42 | motorbike | Pos=(285, 578)
2026-05-10 21:40:04,943 - VehicleCounter - INFO - [Track] ID=43 | motorbike | Pos=(72, 556)
2026-05-10 21:40:04,943 - VehicleCounter - INFO - [Track] ID=35 | bus | Pos=(551, 485)
2026-05-10 21:40:04,944 - VehicleCounter - INFO - [Track] ID=45 | motorbike | Pos=(145, 593)
2026-05-10 21:40:04,944 - VehicleCounter - INFO - [Track] ID=46 | motorbike | Pos=(353, 593)
2026-05-10 21:40:04,944 - VehicleCounter - INFO - [Track] ID=30 | motorbike | Pos=(368, 361)
2026-05-10 21:40:04,944 - VehicleCounter - INFO - [Track] ID=48 | motorbike | Pos=(436, 453)
2026-05-10 21:40:04,944 - VehicleCounter - INFO - [Track] ID=49 | motorbike | Pos=(768, 601)
2026-05-10 21:40:04,944 - VehicleCounter - INFO - [Track] ID=3 | motorbike | Pos=(69, 223)
2026-05-10 21:40:05,356 - VehicleCounter - INFO - [Track] ID=29 | motorbike | Pos=(208, 324)
2026-05-10 21:40:05,356 - VehicleCounter - INFO - [Track] ID=24 | motorbike | Pos=(269, 344)
2026-05-10 21:40:05,356 - VehicleCounter - INFO - [Track] ID=28 | motorbike | Pos=(290, 315)
2026-05-10 21:40:05,357 - VehicleCounter - INFO - [Track] ID=32 | motorbike | Pos=(183, 255)
2026-05-10 21:40:05,357 - VehicleCounter - INFO - [Track] ID=34 | motorbike | Pos=(172, 371)
2026-05-10 21:40:05,357 - VehicleCounter - INFO - [Track] ID=38 | motorbike | Pos=(274, 445)
2026-05-10 21:40:05,357 - VehicleCounter - INFO - [Track] ID=23 | motorbike | Pos=(250, 285)
2026-05-10 21:40:05,357 - VehicleCounter - INFO - [Track] ID=40 | motorbike | Pos=(179, 489)
2026-05-10 21:40:05,358 - VehicleCounter - INFO - [Track] ID=41 | motorbike | Pos=(313, 393)
2026-05-10 21:40:05,359 - VehicleCounter - INFO - [Track] ID=42 | motorbike | Pos=(276, 571)
2026-05-10 21:40:05,359 - VehicleCounter - INFO - [Track] ID=43 | motorbike | Pos=(63, 540)
2026-05-10 21:40:05,359 - VehicleCounter - INFO - [Track] ID=35 | bus | Pos=(546, 482)
2026-05-10 21:40:05,359 - VehicleCounter - INFO - [Track] ID=45 | motorbike | Pos=(141, 585)
2026-05-10 21:40:05,359 - VehicleCounter - INFO - [Track] ID=46 | motorbike | Pos=(348, 584)
2026-05-10 21:40:05,360 - VehicleCounter - INFO - [Track] ID=30 | motorbike | Pos=(365, 356)
2026-05-10 21:40:05,360 - VehicleCounter - INFO - [Track] ID=48 | motorbike | Pos=(420, 443)
2026-05-10 21:40:05,360 - VehicleCounter - INFO - [Track] ID=49 | motorbike | Pos=(747, 596)
2026-05-10 21:40:05,360 - VehicleCounter - INFO - [Track] ID=50 | motorbike | Pos=(336, 373)
2026-05-10 21:40:05,589 - VehicleCounter - INFO - [Track] ID=29 | motorbike | Pos=(208, 320)
2026-05-10 21:40:05,590 - VehicleCounter - INFO - [Track] ID=24 | motorbike | Pos=(269, 339)
2026-05-10 21:40:05,590 - VehicleCounter - INFO - [Track] ID=28 | motorbike | Pos=(288, 311)
2026-05-10 21:40:05,591 - VehicleCounter - INFO - [Track] ID=34 | motorbike | Pos=(172, 363)
2026-05-10 21:40:05,591 - VehicleCounter - INFO - [Track] ID=38 | motorbike | Pos=(276, 434)
2026-05-10 21:40:05,592 - VehicleCounter - INFO - [Track] ID=23 | motorbike | Pos=(246, 282)
2026-05-10 21:40:05,592 - VehicleCounter - INFO - [Track] ID=40 | motorbike | Pos=(182, 477)
2026-05-10 21:40:05,592 - VehicleCounter - INFO - [Track] ID=41 | motorbike | Pos=(302, 387)
2026-05-10 21:40:05,592 - VehicleCounter - INFO - [Track] ID=42 | motorbike | Pos=(267, 564)
2026-05-10 21:40:05,592 - VehicleCounter - INFO - [Track] ID=43 | motorbike | Pos=(57, 524)
2026-05-10 21:40:05,592 - VehicleCounter - INFO - [Track] ID=35 | bus | Pos=(542, 476)
2026-05-10 21:40:05,592 - VehicleCounter - INFO - [Track] ID=45 | motorbike | Pos=(138, 575)
2026-05-10 21:40:05,592 - VehicleCounter - INFO - [Track] ID=46 | motorbike | Pos=(343, 575)
2026-05-10 21:40:05,593 - VehicleCounter - INFO - [Track] ID=30 | motorbike | Pos=(359, 353)
2026-05-10 21:40:05,593 - VehicleCounter - INFO - [Track] ID=48 | motorbike | Pos=(407, 433)
2026-05-10 21:40:05,594 - VehicleCounter - INFO - [Track] ID=49 | motorbike | Pos=(728, 590)
2026-05-10 21:40:05,594 - VehicleCounter - INFO - [Track] ID=50 | motorbike | Pos=(326, 366)
2026-05-10 21:40:05,594 - VehicleCounter - INFO - [Track] ID=4 | motorbike | Pos=(145, 250)
2026-05-10 21:40:05,594 - VehicleCounter - INFO - [Track] ID=51 | motorbike | Pos=(319, 598)
2026-05-10 21:40:06,011 - VehicleCounter - INFO - [Track] ID=29 | motorbike | Pos=(207, 318)
2026-05-10 21:40:06,012 - VehicleCounter - INFO - [Track] ID=24 | motorbike | Pos=(268, 335)
2026-05-10 21:40:06,012 - VehicleCounter - INFO - [Track] ID=34 | motorbike | Pos=(172, 358)
2026-05-10 21:40:06,012 - VehicleCounter - INFO - [Track] ID=38 | motorbike | Pos=(276, 427)
2026-05-10 21:40:06,012 - VehicleCounter - INFO - [Track] ID=23 | motorbike | Pos=(240, 278)
2026-05-10 21:40:06,012 - VehicleCounter - INFO - [Track] ID=40 | motorbike | Pos=(183, 466)
2026-05-10 21:40:06,012 - VehicleCounter - INFO - [Track] ID=41 | motorbike | Pos=(295, 380)
2026-05-10 21:40:06,012 - VehicleCounter - INFO - [Track] ID=42 | motorbike | Pos=(260, 558)
2026-05-10 21:40:06,013 - VehicleCounter - INFO - [Track] ID=43 | motorbike | Pos=(52, 511)
2026-05-10 21:40:06,013 - VehicleCounter - INFO - [Track] ID=35 | bus | Pos=(538, 470)
2026-05-10 21:40:06,013 - VehicleCounter - INFO - [Track] ID=45 | motorbike | Pos=(135, 569)
2026-05-10 21:40:06,013 - VehicleCounter - INFO - [Track] ID=46 | motorbike | Pos=(339, 569)
2026-05-10 21:40:06,013 - VehicleCounter - INFO - [Track] ID=30 | motorbike | Pos=(354, 350)
2026-05-10 21:40:06,013 - VehicleCounter - INFO - [Track] ID=48 | motorbike | Pos=(397, 427)
2026-05-10 21:40:06,013 - VehicleCounter - INFO - [Track] ID=49 | motorbike | Pos=(713, 587)
2026-05-10 21:40:06,013 - VehicleCounter - INFO - [Track] ID=50 | motorbike | Pos=(318, 363)
2026-05-10 21:40:06,014 - VehicleCounter - INFO - [Track] ID=4 | motorbike | Pos=(146, 250)
2026-05-10 21:40:06,014 - VehicleCounter - INFO - [Track] ID=51 | motorbike | Pos=(313, 595)
2026-05-10 21:40:06,424 - VehicleCounter - INFO - [Track] ID=29 | motorbike | Pos=(206, 314)
2026-05-10 21:40:06,424 - VehicleCounter - INFO - [Track] ID=24 | motorbike | Pos=(268, 330)
2026-05-10 21:40:06,424 - VehicleCounter - INFO - [Track] ID=34 | motorbike | Pos=(171, 353)
2026-05-10 21:40:06,424 - VehicleCounter - INFO - [Track] ID=38 | motorbike | Pos=(276, 418)
2026-05-10 21:40:06,424 - VehicleCounter - INFO - [Track] ID=23 | motorbike | Pos=(236, 275)
2026-05-10 21:40:06,424 - VehicleCounter - INFO - [Track] ID=40 | motorbike | Pos=(185, 455)
2026-05-10 21:40:06,425 - VehicleCounter - INFO - [Track] ID=42 | motorbike | Pos=(254, 549)
2026-05-10 21:40:06,425 - VehicleCounter - INFO - [Track] ID=43 | motorbike | Pos=(48, 498)
2026-05-10 21:40:06,425 - VehicleCounter - INFO - [Track] ID=35 | bus | Pos=(535, 466)
2026-05-10 21:40:06,425 - VehicleCounter - INFO - [Track] ID=45 | motorbike | Pos=(132, 563)
2026-05-10 21:40:06,425 - VehicleCounter - INFO - [Track] ID=46 | motorbike | Pos=(336, 562)
2026-05-10 21:40:06,425 - VehicleCounter - INFO - [Track] ID=30 | motorbike | Pos=(350, 347)
2026-05-10 21:40:06,425 - VehicleCounter - INFO - [Track] ID=48 | motorbike | Pos=(387, 420)
2026-05-10 21:40:06,425 - VehicleCounter - INFO - [Track] ID=49 | motorbike | Pos=(698, 583)
2026-05-10 21:40:06,426 - VehicleCounter - INFO - [Track] ID=50 | motorbike | Pos=(309, 358)
2026-05-10 21:40:06,426 - VehicleCounter - INFO - [Track] ID=51 | motorbike | Pos=(307, 587)
2026-05-10 21:40:06,426 - VehicleCounter - INFO - [Track] ID=4 | motorbike | Pos=(145, 248)
2026-05-10 21:40:06,837 - VehicleCounter - INFO - [Track] ID=29 | motorbike | Pos=(206, 312)
2026-05-10 21:40:06,837 - VehicleCounter - INFO - [Track] ID=34 | motorbike | Pos=(170, 348)
2026-05-10 21:40:06,837 - VehicleCounter - INFO - [Track] ID=38 | motorbike | Pos=(276, 411)
2026-05-10 21:40:06,837 - VehicleCounter - INFO - [Track] ID=23 | motorbike | Pos=(233, 273)
2026-05-10 21:40:06,837 - VehicleCounter - INFO - [Track] ID=40 | motorbike | Pos=(187, 445)
2026-05-10 21:40:06,837 - VehicleCounter - INFO - [Track] ID=42 | motorbike | Pos=(249, 538)
2026-05-10 21:40:06,838 - VehicleCounter - INFO - [Track] ID=43 | motorbike | Pos=(46, 487)
2026-05-10 21:40:06,838 - VehicleCounter - INFO - [Track] ID=35 | bus | Pos=(532, 460)
2026-05-10 21:40:06,838 - VehicleCounter - INFO - [Track] ID=45 | motorbike | Pos=(130, 555)
2026-05-10 21:40:06,838 - VehicleCounter - INFO - [Track] ID=46 | motorbike | Pos=(333, 555)
2026-05-10 21:40:06,838 - VehicleCounter - INFO - [Track] ID=30 | motorbike | Pos=(346, 344)
2026-05-10 21:40:06,839 - VehicleCounter - INFO - [Track] ID=48 | motorbike | Pos=(379, 413)
2026-05-10 21:40:06,839 - VehicleCounter - INFO - [Track] ID=49 | motorbike | Pos=(683, 579)
2026-05-10 21:40:06,839 - VehicleCounter - INFO - [Track] ID=50 | motorbike | Pos=(302, 355)
2026-05-10 21:40:06,839 - VehicleCounter - INFO - [Track] ID=51 | motorbike | Pos=(304, 581)
2026-05-10 21:40:06,839 - VehicleCounter - INFO - [Track] ID=52 | motorbike | Pos=(385, 617)
2026-05-10 21:40:07,072 - VehicleCounter - INFO - [Track] ID=29 | motorbike | Pos=(206, 310)
2026-05-10 21:40:07,072 - VehicleCounter - INFO - [Track] ID=34 | motorbike | Pos=(169, 344)
2026-05-10 21:40:07,072 - VehicleCounter - INFO - [Track] ID=38 | motorbike | Pos=(276, 406)
2026-05-10 21:40:07,073 - VehicleCounter - INFO - [Track] ID=23 | motorbike | Pos=(230, 273)
2026-05-10 21:40:07,073 - VehicleCounter - INFO - [Track] ID=40 | motorbike | Pos=(188, 437)
2026-05-10 21:40:07,073 - VehicleCounter - INFO - [Track] ID=42 | motorbike | Pos=(244, 527)
2026-05-10 21:40:07,073 - VehicleCounter - INFO - [Track] ID=43 | motorbike | Pos=(44, 478)
2026-05-10 21:40:07,073 - VehicleCounter - INFO - [Track] ID=35 | bus | Pos=(530, 457)
2026-05-10 21:40:07,073 - VehicleCounter - INFO - [Track] ID=45 | motorbike | Pos=(129, 546)
2026-05-10 21:40:07,074 - VehicleCounter - INFO - [Track] ID=46 | motorbike | Pos=(330, 545)
2026-05-10 21:40:07,074 - VehicleCounter - INFO - [Track] ID=30 | motorbike | Pos=(342, 341)
2026-05-10 21:40:07,074 - VehicleCounter - INFO - [Track] ID=48 | motorbike | Pos=(372, 409)
2026-05-10 21:40:07,074 - VehicleCounter - INFO - [Track] ID=49 | motorbike | Pos=(672, 578)
2026-05-10 21:40:07,074 - VehicleCounter - INFO - [Track] ID=50 | motorbike | Pos=(296, 351)
2026-05-10 21:40:07,074 - VehicleCounter - INFO - [Track] ID=51 | motorbike | Pos=(302, 577)
2026-05-10 21:40:07,075 - VehicleCounter - INFO - [Track] ID=52 | motorbike | Pos=(388, 612)
2026-05-10 21:40:07,075 - VehicleCounter - INFO - [Track] ID=53 | motorbike | Pos=(5, 528)
2026-05-10 21:40:07,075 - VehicleCounter - INFO - [Track] ID=54 | motorbike | Pos=(555, 617)
2026-05-10 21:40:07,075 - VehicleCounter - INFO - [Track] ID=4 | motorbike | Pos=(146, 243)
2026-05-10 21:40:07,492 - VehicleCounter - INFO - [Track] ID=29 | motorbike | Pos=(204, 309)
2026-05-10 21:40:07,492 - VehicleCounter - INFO - [Track] ID=34 | motorbike | Pos=(167, 341)
2026-05-10 21:40:07,492 - VehicleCounter - INFO - [Track] ID=38 | motorbike | Pos=(275, 402)
2026-05-10 21:40:07,492 - VehicleCounter - INFO - [Track] ID=23 | motorbike | Pos=(226, 272)
2026-05-10 21:40:07,493 - VehicleCounter - INFO - [Track] ID=40 | motorbike | Pos=(188, 431)
2026-05-10 21:40:07,493 - VehicleCounter - INFO - [Track] ID=42 | motorbike | Pos=(241, 522)
2026-05-10 21:40:07,493 - VehicleCounter - INFO - [Track] ID=43 | motorbike | Pos=(42, 470)
2026-05-10 21:40:07,493 - VehicleCounter - INFO - [Track] ID=35 | bus | Pos=(527, 451)
2026-05-10 21:40:07,493 - VehicleCounter - INFO - [Track] ID=45 | motorbike | Pos=(128, 538)
2026-05-10 21:40:07,493 - VehicleCounter - INFO - [Track] ID=46 | motorbike | Pos=(328, 537)
2026-05-10 21:40:07,493 - VehicleCounter - INFO - [Track] ID=30 | motorbike | Pos=(338, 340)
2026-05-10 21:40:07,495 - VehicleCounter - INFO - [Track] ID=48 | motorbike | Pos=(366, 405)
2026-05-10 21:40:07,495 - VehicleCounter - INFO - [Track] ID=49 | motorbike | Pos=(662, 575)
2026-05-10 21:40:07,495 - VehicleCounter - INFO - [Track] ID=50 | motorbike | Pos=(290, 346)
2026-05-10 21:40:07,495 - VehicleCounter - INFO - [Track] ID=51 | motorbike | Pos=(299, 572)
2026-05-10 21:40:07,495 - VehicleCounter - INFO - [Track] ID=52 | motorbike | Pos=(384, 608)
2026-05-10 21:40:07,495 - VehicleCounter - INFO - [Track] ID=53 | motorbike | Pos=(5, 522)
2026-05-10 21:40:07,495 - VehicleCounter - INFO - [Track] ID=54 | motorbike | Pos=(543, 613)
2026-05-10 21:40:07,495 - VehicleCounter - INFO - [Track] ID=41 | motorbike | Pos=(259, 355)
2026-05-10 21:40:07,902 - VehicleCounter - INFO - [Track] ID=29 | motorbike | Pos=(203, 308)
2026-05-10 21:40:07,902 - VehicleCounter - INFO - [Track] ID=34 | motorbike | Pos=(167, 339)
2026-05-10 21:40:07,902 - VehicleCounter - INFO - [Track] ID=38 | motorbike | Pos=(275, 402)
2026-05-10 21:40:07,903 - VehicleCounter - INFO - [Track] ID=23 | motorbike | Pos=(225, 271)
2026-05-10 21:40:07,903 - VehicleCounter - INFO - [Track] ID=40 | motorbike | Pos=(188, 429)
2026-05-10 21:40:07,903 - VehicleCounter - INFO - [Track] ID=42 | motorbike | Pos=(239, 519)
2026-05-10 21:40:07,903 - VehicleCounter - INFO - [Track] ID=43 | motorbike | Pos=(42, 468)
2026-05-10 21:40:07,903 - VehicleCounter - INFO - [Track] ID=35 | bus | Pos=(525, 452)
2026-05-10 21:40:07,903 - VehicleCounter - INFO - [Track] ID=45 | motorbike | Pos=(127, 535)
2026-05-10 21:40:07,903 - VehicleCounter - INFO - [Track] ID=46 | motorbike | Pos=(327, 534)
2026-05-10 21:40:07,903 - VehicleCounter - INFO - [Track] ID=30 | motorbike | Pos=(337, 338)
2026-05-10 21:40:07,905 - VehicleCounter - INFO - [Track] ID=48 | motorbike | Pos=(364, 403)
2026-05-10 21:40:07,905 - VehicleCounter - INFO - [Track] ID=49 | motorbike | Pos=(659, 574)
2026-05-10 21:40:07,905 - VehicleCounter - INFO - [Track] ID=50 | motorbike | Pos=(289, 345)
2026-05-10 21:40:07,905 - VehicleCounter - INFO - [Track] ID=51 | motorbike | Pos=(299, 572)
2026-05-10 21:40:07,905 - VehicleCounter - INFO - [Track] ID=52 | motorbike | Pos=(383, 607)
2026-05-10 21:40:07,906 - VehicleCounter - INFO - [Track] ID=53 | motorbike | Pos=(5, 519)
2026-05-10 21:40:07,906 - VehicleCounter - INFO - [Track] ID=54 | motorbike | Pos=(538, 612)
2026-05-10 21:40:07,906 - VehicleCounter - INFO - [Track] ID=41 | motorbike | Pos=(258, 356)
2026-05-10 21:40:08,135 - VehicleCounter - INFO - [Track] ID=29 | motorbike | Pos=(202, 304)
2026-05-10 21:40:08,135 - VehicleCounter - INFO - [Track] ID=34 | motorbike | Pos=(163, 332)
2026-05-10 21:40:08,135 - VehicleCounter - INFO - [Track] ID=38 | motorbike | Pos=(275, 389)
2026-05-10 21:40:08,135 - VehicleCounter - INFO - [Track] ID=23 | motorbike | Pos=(220, 266)
2026-05-10 21:40:08,135 - VehicleCounter - INFO - [Track] ID=40 | motorbike | Pos=(187, 414)
2026-05-10 21:40:08,135 - VehicleCounter - INFO - [Track] ID=42 | motorbike | Pos=(232, 501)
2026-05-10 21:40:08,135 - VehicleCounter - INFO - [Track] ID=43 | motorbike | Pos=(41, 449)
2026-05-10 21:40:08,135 - VehicleCounter - INFO - [Track] ID=35 | bus | Pos=(519, 445)
2026-05-10 21:40:08,135 - VehicleCounter - INFO - [Track] ID=45 | motorbike | Pos=(125, 516)
2026-05-10 21:40:08,136 - VehicleCounter - INFO - [Track] ID=46 | motorbike | Pos=(324, 513)
2026-05-10 21:40:08,136 - VehicleCounter - INFO - [Track] ID=30 | motorbike | Pos=(328, 333)
2026-05-10 21:40:08,136 - VehicleCounter - INFO - [Track] ID=48 | motorbike | Pos=(348, 393)
2026-05-10 21:40:08,136 - VehicleCounter - INFO - [Track] ID=49 | motorbike | Pos=(632, 569)
2026-05-10 21:40:08,136 - VehicleCounter - INFO - [Track] ID=51 | motorbike | Pos=(294, 560)
2026-05-10 21:40:08,136 - VehicleCounter - INFO - [Track] ID=52 | motorbike | Pos=(379, 594)
2026-05-10 21:40:08,136 - VehicleCounter - INFO - [Track] ID=53 | motorbike | Pos=(9, 496)
2026-05-10 21:40:08,137 - VehicleCounter - INFO - [Track] ID=54 | motorbike | Pos=(517, 600)
2026-05-10 21:40:08,137 - VehicleCounter - INFO - [Track] ID=41 | motorbike | Pos=(247, 352)
2026-05-10 21:40:08,899 - VehicleCounter - INFO - [Track] ID=29 | motorbike | Pos=(202, 301)
2026-05-10 21:40:08,899 - VehicleCounter - INFO - [Track] ID=34 | motorbike | Pos=(161, 328)
2026-05-10 21:40:08,900 - VehicleCounter - INFO - [Track] ID=38 | motorbike | Pos=(276, 382)
2026-05-10 21:40:08,900 - VehicleCounter - INFO - [Track] ID=23 | motorbike | Pos=(219, 264)
2026-05-10 21:40:08,900 - VehicleCounter - INFO - [Track] ID=40 | motorbike | Pos=(188, 406)
2026-05-10 21:40:08,900 - VehicleCounter - INFO - [Track] ID=42 | motorbike | Pos=(230, 491)
2026-05-10 21:40:08,900 - VehicleCounter - INFO - [Track] ID=43 | motorbike | Pos=(42, 439)
2026-05-10 21:40:08,901 - VehicleCounter - INFO - [Track] ID=35 | bus | Pos=(515, 439)
2026-05-10 21:40:08,901 - VehicleCounter - INFO - [Track] ID=45 | motorbike | Pos=(125, 504)
2026-05-10 21:40:08,901 - VehicleCounter - INFO - [Track] ID=46 | motorbike | Pos=(322, 502)
2026-05-10 21:40:08,901 - VehicleCounter - INFO - [Track] ID=30 | motorbike | Pos=(323, 330)
2026-05-10 21:40:08,901 - VehicleCounter - INFO - [Track] ID=48 | motorbike | Pos=(340, 387)
2026-05-10 21:40:08,901 - VehicleCounter - INFO - [Track] ID=49 | motorbike | Pos=(617, 565)
2026-05-10 21:40:08,901 - VehicleCounter - INFO - [Track] ID=51 | motorbike | Pos=(292, 550)
2026-05-10 21:40:08,902 - VehicleCounter - INFO - [Track] ID=52 | motorbike | Pos=(375, 587)
2026-05-10 21:40:08,902 - VehicleCounter - INFO - [Track] ID=53 | motorbike | Pos=(10, 480)
2026-05-10 21:40:08,902 - VehicleCounter - INFO - [Track] ID=54 | motorbike | Pos=(504, 594)
2026-05-10 21:40:08,902 - VehicleCounter - INFO - [Track] ID=41 | motorbike | Pos=(241, 347)
2026-05-10 21:40:08,902 - VehicleCounter - INFO - [Track] ID=24 | motorbike | Pos=(269, 315)
2026-05-10 21:40:09,136 - VehicleCounter - INFO - [Track] ID=29 | motorbike | Pos=(200, 299)
2026-05-10 21:40:09,136 - VehicleCounter - INFO - [Track] ID=34 | motorbike | Pos=(158, 324)
2026-05-10 21:40:09,137 - VehicleCounter - INFO - [Track] ID=38 | motorbike | Pos=(274, 376)
2026-05-10 21:40:09,137 - VehicleCounter - INFO - [Track] ID=23 | motorbike | Pos=(217, 263)
2026-05-10 21:40:09,137 - VehicleCounter - INFO - [Track] ID=40 | motorbike | Pos=(187, 399)
2026-05-10 21:40:09,137 - VehicleCounter - INFO - [Track] ID=42 | motorbike | Pos=(226, 481)
2026-05-10 21:40:09,137 - VehicleCounter - INFO - [Track] ID=43 | motorbike | Pos=(42, 429)
2026-05-10 21:40:09,137 - VehicleCounter - INFO - [Track] ID=35 | bus | Pos=(512, 434)
2026-05-10 21:40:09,137 - VehicleCounter - INFO - [Track] ID=45 | motorbike | Pos=(123, 495)
2026-05-10 21:40:09,137 - VehicleCounter - INFO - [Track] ID=46 | motorbike | Pos=(321, 489)
2026-05-10 21:40:09,137 - VehicleCounter - INFO - [Track] ID=30 | motorbike | Pos=(317, 326)
2026-05-10 21:40:09,137 - VehicleCounter - INFO - [Track] ID=48 | motorbike | Pos=(332, 380)
2026-05-10 21:40:09,138 - VehicleCounter - INFO - [Track] ID=49 | motorbike | Pos=(601, 563)
2026-05-10 21:40:09,138 - VehicleCounter - INFO - [Track] ID=51 | motorbike | Pos=(291, 535)
2026-05-10 21:40:09,138 - VehicleCounter - INFO - [Track] ID=52 | motorbike | Pos=(371, 581)
2026-05-10 21:40:09,138 - VehicleCounter - INFO - [Track] ID=53 | motorbike | Pos=(11, 470)
2026-05-10 21:40:09,138 - VehicleCounter - INFO - [Track] ID=54 | motorbike | Pos=(493, 590)
2026-05-10 21:40:09,138 - VehicleCounter - INFO - [Track] ID=41 | motorbike | Pos=(233, 342)
2026-05-10 21:40:09,138 - VehicleCounter - INFO - [Track] ID=55 | motorbike | Pos=(304, 611)
2026-05-10 21:40:09,138 - VehicleCounter - INFO - [Track] ID=24 | motorbike | Pos=(257, 326)
2026-05-10 21:40:09,139 - VehicleCounter - INFO - [Track] ID=50 | motorbike | Pos=(271, 309)
2026-05-10 21:40:09,552 - VehicleCounter - INFO - [Track] ID=29 | motorbike | Pos=(200, 298)
2026-05-10 21:40:09,553 - VehicleCounter - INFO - [Track] ID=34 | motorbike | Pos=(157, 321)
2026-05-10 21:40:09,553 - VehicleCounter - INFO - [Track] ID=38 | motorbike | Pos=(275, 372)
2026-05-10 21:40:09,554 - VehicleCounter - INFO - [Track] ID=23 | motorbike | Pos=(217, 263)
2026-05-10 21:40:09,554 - VehicleCounter - INFO - [Track] ID=40 | motorbike | Pos=(188, 395)
2026-05-10 21:40:09,554 - VehicleCounter - INFO - [Track] ID=42 | motorbike | Pos=(225, 476)
2026-05-10 21:40:09,554 - VehicleCounter - INFO - [Track] ID=43 | motorbike | Pos=(42, 423)
2026-05-10 21:40:09,554 - VehicleCounter - INFO - [Track] ID=35 | bus | Pos=(510, 433)
2026-05-10 21:40:09,554 - VehicleCounter - INFO - [Track] ID=45 | motorbike | Pos=(123, 489)
2026-05-10 21:40:09,554 - VehicleCounter - INFO - [Track] ID=46 | motorbike | Pos=(321, 483)
2026-05-10 21:40:09,555 - VehicleCounter - INFO - [Track] ID=30 | motorbike | Pos=(315, 324)
2026-05-10 21:40:09,555 - VehicleCounter - INFO - [Track] ID=48 | motorbike | Pos=(327, 378)
2026-05-10 21:40:09,555 - VehicleCounter - INFO - [Track] ID=49 | motorbike | Pos=(593, 561)
2026-05-10 21:40:09,555 - VehicleCounter - INFO - [Track] ID=51 | motorbike | Pos=(290, 525)
2026-05-10 21:40:09,555 - VehicleCounter - INFO - [Track] ID=52 | motorbike | Pos=(368, 577)
2026-05-10 21:40:09,555 - VehicleCounter - INFO - [Track] ID=53 | motorbike | Pos=(12, 466)
2026-05-10 21:40:09,555 - VehicleCounter - INFO - [Track] ID=54 | motorbike | Pos=(487, 587)
2026-05-10 21:40:09,556 - VehicleCounter - INFO - [Track] ID=41 | motorbike | Pos=(230, 339)
2026-05-10 21:40:09,556 - VehicleCounter - INFO - [Track] ID=55 | motorbike | Pos=(297, 604)
2026-05-10 21:40:09,556 - VehicleCounter - INFO - [Track] ID=24 | motorbike | Pos=(253, 327)
2026-05-10 21:40:09,556 - VehicleCounter - INFO - [Track] ID=56 | motorbike | Pos=(552, 619)
2026-05-10 21:40:09,556 - VehicleCounter - INFO - [Track] ID=50 | motorbike | Pos=(272, 306)
2026-05-10 21:40:09,960 - VehicleCounter - INFO - [Track] ID=29 | motorbike | Pos=(199, 296)
2026-05-10 21:40:09,960 - VehicleCounter - INFO - [Track] ID=34 | motorbike | Pos=(155, 318)
2026-05-10 21:40:09,960 - VehicleCounter - INFO - [Track] ID=38 | motorbike | Pos=(275, 369)
2026-05-10 21:40:09,960 - VehicleCounter - INFO - [Track] ID=23 | motorbike | Pos=(216, 262)
2026-05-10 21:40:09,960 - VehicleCounter - INFO - [Track] ID=40 | motorbike | Pos=(188, 390)
2026-05-10 21:40:09,960 - VehicleCounter - INFO - [Track] ID=42 | motorbike | Pos=(224, 469)
2026-05-10 21:40:09,962 - VehicleCounter - INFO - [Track] ID=43 | motorbike | Pos=(43, 417)
2026-05-10 21:40:09,962 - VehicleCounter - INFO - [Track] ID=35 | bus | Pos=(508, 432)
2026-05-10 21:40:09,962 - VehicleCounter - INFO - [Track] ID=45 | motorbike | Pos=(122, 482)
2026-05-10 21:40:09,962 - VehicleCounter - INFO - [Track] ID=46 | motorbike | Pos=(319, 475)
2026-05-10 21:40:09,962 - VehicleCounter - INFO - [Track] ID=30 | motorbike | Pos=(312, 320)
2026-05-10 21:40:09,962 - VehicleCounter - INFO - [Track] ID=48 | motorbike | Pos=(321, 374)
2026-05-10 21:40:09,963 - VehicleCounter - INFO - [Track] ID=49 | motorbike | Pos=(582, 557)
2026-05-10 21:40:09,963 - VehicleCounter - INFO - [Track] ID=51 | motorbike | Pos=(290, 519)
2026-05-10 21:40:09,963 - VehicleCounter - INFO - [Track] ID=52 | motorbike | Pos=(364, 574)
2026-05-10 21:40:09,963 - VehicleCounter - INFO - [Track] ID=53 | motorbike | Pos=(13, 459)
2026-05-10 21:40:09,963 - VehicleCounter - INFO - [Track] ID=54 | motorbike | Pos=(479, 585)
2026-05-10 21:40:09,963 - VehicleCounter - INFO - [Track] ID=41 | motorbike | Pos=(225, 336)
2026-05-10 21:40:09,963 - VehicleCounter - INFO - [Track] ID=55 | motorbike | Pos=(290, 600)
2026-05-10 21:40:09,963 - VehicleCounter - INFO - [Track] ID=24 | motorbike | Pos=(250, 327)
2026-05-10 21:40:09,964 - VehicleCounter - INFO - [Track] ID=56 | motorbike | Pos=(545, 615)
2026-05-10 21:40:09,964 - VehicleCounter - INFO - [Track] ID=50 | motorbike | Pos=(271, 305)
2026-05-10 21:40:10,379 - VehicleCounter - INFO - [Track] ID=29 | motorbike | Pos=(198, 295)
2026-05-10 21:40:10,380 - VehicleCounter - INFO - [Track] ID=34 | motorbike | Pos=(154, 315)
2026-05-10 21:40:10,380 - VehicleCounter - INFO - [Track] ID=38 | motorbike | Pos=(276, 365)
2026-05-10 21:40:10,380 - VehicleCounter - INFO - [Track] ID=23 | motorbike | Pos=(214, 260)
2026-05-10 21:40:10,380 - VehicleCounter - INFO - [Track] ID=40 | motorbike | Pos=(188, 386)
2026-05-10 21:40:10,381 - VehicleCounter - INFO - [Track] ID=42 | motorbike | Pos=(222, 463)
2026-05-10 21:40:10,381 - VehicleCounter - INFO - [Track] ID=43 | motorbike | Pos=(45, 411)
2026-05-10 21:40:10,381 - VehicleCounter - INFO - [Track] ID=35 | bus | Pos=(507, 428)
2026-05-10 21:40:10,381 - VehicleCounter - INFO - [Track] ID=45 | motorbike | Pos=(121, 476)
2026-05-10 21:40:10,381 - VehicleCounter - INFO - [Track] ID=46 | motorbike | Pos=(319, 467)
2026-05-10 21:40:10,381 - VehicleCounter - INFO - [Track] ID=30 | motorbike | Pos=(310, 317)
2026-05-10 21:40:10,381 - VehicleCounter - INFO - [Track] ID=48 | motorbike | Pos=(317, 371)
2026-05-10 21:40:10,381 - VehicleCounter - INFO - [Track] ID=49 | motorbike | Pos=(572, 555)
2026-05-10 21:40:10,381 - VehicleCounter - INFO - [Track] ID=51 | motorbike | Pos=(290, 516)
2026-05-10 21:40:10,383 - VehicleCounter - INFO - [Track] ID=52 | motorbike | Pos=(359, 569)
2026-05-10 21:40:10,383 - VehicleCounter - INFO - [Track] ID=53 | motorbike | Pos=(14, 454)
2026-05-10 21:40:10,383 - VehicleCounter - INFO - [Track] ID=54 | motorbike | Pos=(471, 581)
2026-05-10 21:40:10,383 - VehicleCounter - INFO - [Track] ID=41 | motorbike | Pos=(221, 336)
2026-05-10 21:40:10,383 - VehicleCounter - INFO - [Track] ID=24 | motorbike | Pos=(246, 326)
2026-05-10 21:40:10,383 - VehicleCounter - INFO - [Track] ID=56 | motorbike | Pos=(538, 612)
2026-05-10 21:40:10,620 - VehicleCounter - INFO - [Track] ID=29 | motorbike | Pos=(198, 290)
2026-05-10 21:40:10,620 - VehicleCounter - INFO - [Track] ID=34 | motorbike | Pos=(152, 310)
2026-05-10 21:40:10,620 - VehicleCounter - INFO - [Track] ID=38 | motorbike | Pos=(275, 357)
2026-05-10 21:40:10,620 - VehicleCounter - INFO - [Track] ID=40 | motorbike | Pos=(187, 375)
2026-05-10 21:40:10,620 - VehicleCounter - INFO - [Track] ID=42 | motorbike | Pos=(218, 450)
2026-05-10 21:40:10,620 - VehicleCounter - INFO - [Track] ID=43 | motorbike | Pos=(46, 400)
2026-05-10 21:40:10,621 - VehicleCounter - INFO - [Track] ID=35 | bus | Pos=(505, 421)
2026-05-10 21:40:10,621 - VehicleCounter - INFO - [Track] ID=45 | motorbike | Pos=(119, 462)
2026-05-10 21:40:10,622 - VehicleCounter - INFO - [Track] ID=46 | motorbike | Pos=(316, 451)
2026-05-10 21:40:10,622 - VehicleCounter - INFO - [Track] ID=30 | motorbike | Pos=(303, 310)
2026-05-10 21:40:10,622 - VehicleCounter - INFO - [Track] ID=48 | motorbike | Pos=(307, 361)
2026-05-10 21:40:10,622 - VehicleCounter - INFO - [Track] ID=51 | motorbike | Pos=(288, 495)
2026-05-10 21:40:10,622 - VehicleCounter - INFO - [Track] ID=52 | motorbike | Pos=(350, 561)
2026-05-10 21:40:10,622 - VehicleCounter - INFO - [Track] ID=53 | motorbike | Pos=(16, 440)
2026-05-10 21:40:10,622 - VehicleCounter - INFO - [Track] ID=54 | motorbike | Pos=(453, 571)
2026-05-10 21:40:10,622 - VehicleCounter - INFO - [Track] ID=41 | motorbike | Pos=(213, 328)
2026-05-10 21:40:10,623 - VehicleCounter - INFO - [Track] ID=24 | motorbike | Pos=(237, 318)
2026-05-10 21:40:10,623 - VehicleCounter - INFO - [Track] ID=56 | motorbike | Pos=(518, 603)
2026-05-10 21:40:10,623 - VehicleCounter - INFO - [Track] ID=57 | motorbike | Pos=(186, 617)
2026-05-10 21:40:10,623 - VehicleCounter - INFO - [Track] ID=55 | motorbike | Pos=(283, 585)
2026-05-10 21:40:10,623 - VehicleCounter - INFO - [Track] ID=49 | motorbike | Pos=(552, 547)
2026-05-10 21:40:11,023 - VehicleCounter - INFO - [Track] ID=34 | motorbike | Pos=(151, 306)
2026-05-10 21:40:11,023 - VehicleCounter - INFO - [Track] ID=38 | motorbike | Pos=(275, 352)
2026-05-10 21:40:11,024 - VehicleCounter - INFO - [Track] ID=40 | motorbike | Pos=(186, 368)
2026-05-10 21:40:11,024 - VehicleCounter - INFO - [Track] ID=42 | motorbike | Pos=(216, 442)
2026-05-10 21:40:11,024 - VehicleCounter - INFO - [Track] ID=43 | motorbike | Pos=(47, 392)
2026-05-10 21:40:11,024 - VehicleCounter - INFO - [Track] ID=35 | bus | Pos=(502, 418)
2026-05-10 21:40:11,024 - VehicleCounter - INFO - [Track] ID=45 | motorbike | Pos=(117, 454)
2026-05-10 21:40:11,024 - VehicleCounter - INFO - [Track] ID=46 | motorbike | Pos=(313, 442)
2026-05-10 21:40:11,024 - VehicleCounter - INFO - [Track] ID=30 | motorbike | Pos=(299, 304)
2026-05-10 21:40:11,024 - VehicleCounter - INFO - [Track] ID=48 | motorbike | Pos=(301, 357)
2026-05-10 21:40:11,024 - VehicleCounter - INFO - [Track] ID=51 | motorbike | Pos=(286, 481)
2026-05-10 21:40:11,025 - VehicleCounter - INFO - [Track] ID=52 | motorbike | Pos=(344, 551)
2026-05-10 21:40:11,025 - VehicleCounter - INFO - [Track] ID=53 | motorbike | Pos=(18, 433)
2026-05-10 21:40:11,025 - VehicleCounter - INFO - [Track] ID=54 | motorbike | Pos=(440, 568)
2026-05-10 21:40:11,025 - VehicleCounter - INFO - [Track] ID=41 | motorbike | Pos=(206, 323)
2026-05-10 21:40:11,025 - VehicleCounter - INFO - [Track] ID=24 | motorbike | Pos=(233, 316)
2026-05-10 21:40:11,025 - VehicleCounter - INFO - [Track] ID=56 | motorbike | Pos=(507, 597)
2026-05-10 21:40:11,026 - VehicleCounter - INFO - [Track] ID=57 | motorbike | Pos=(170, 610)
2026-05-10 21:40:11,026 - VehicleCounter - INFO - [Track] ID=55 | motorbike | Pos=(280, 580)
2026-05-10 21:40:11,026 - VehicleCounter - INFO - [Track] ID=58 | motorbike | Pos=(256, 285)
2026-05-10 21:40:11,442 - VehicleCounter - INFO - [Track] ID=34 | motorbike | Pos=(149, 304)
2026-05-10 21:40:11,442 - VehicleCounter - INFO - [Track] ID=38 | motorbike | Pos=(273, 348)
2026-05-10 21:40:11,442 - VehicleCounter - INFO - [Track] ID=40 | motorbike | Pos=(184, 364)
2026-05-10 21:40:11,442 - VehicleCounter - INFO - [Track] ID=42 | motorbike | Pos=(213, 436)
2026-05-10 21:40:11,443 - VehicleCounter - INFO - [Track] ID=43 | motorbike | Pos=(48, 385)
2026-05-10 21:40:11,443 - VehicleCounter - INFO - [Track] ID=35 | bus | Pos=(500, 417)
2026-05-10 21:40:11,443 - VehicleCounter - INFO - [Track] ID=45 | motorbike | Pos=(116, 447)
2026-05-10 21:40:11,443 - VehicleCounter - INFO - [Track] ID=46 | motorbike | Pos=(311, 436)
2026-05-10 21:40:11,443 - VehicleCounter - INFO - [Track] ID=48 | motorbike | Pos=(295, 354)
2026-05-10 21:40:11,443 - VehicleCounter - INFO - [Track] ID=51 | motorbike | Pos=(285, 476)
2026-05-10 21:40:11,444 - VehicleCounter - INFO - [Track] ID=52 | motorbike | Pos=(339, 542)
2026-05-10 21:40:11,444 - VehicleCounter - INFO - [Track] ID=53 | motorbike | Pos=(18, 425)
2026-05-10 21:40:11,444 - VehicleCounter - INFO - [Track] ID=54 | motorbike | Pos=(430, 565)
2026-05-10 21:40:11,444 - VehicleCounter - INFO - [Track] ID=41 | motorbike | Pos=(202, 320)
2026-05-10 21:40:11,444 - VehicleCounter - INFO - [Track] ID=24 | motorbike | Pos=(228, 313)
2026-05-10 21:40:11,444 - VehicleCounter - INFO - [Track] ID=56 | motorbike | Pos=(500, 592)
2026-05-10 21:40:11,444 - VehicleCounter - INFO - [Track] ID=57 | motorbike | Pos=(160, 604)
2026-05-10 21:40:11,444 - VehicleCounter - INFO - [Track] ID=55 | motorbike | Pos=(276, 575)
2026-05-10 21:40:11,444 - VehicleCounter - INFO - [Track] ID=58 | motorbike | Pos=(253, 282)
2026-05-10 21:40:11,751 - VehicleCounter - INFO - [Track] ID=34 | motorbike | Pos=(150, 300)
2026-05-10 21:40:11,757 - VehicleCounter - INFO - [Track] ID=40 | motorbike | Pos=(184, 357)
2026-05-10 21:40:11,758 - VehicleCounter - INFO - [Track] ID=42 | motorbike | Pos=(210, 429)
2026-05-10 21:40:11,761 - VehicleCounter - INFO - [Track] ID=43 | motorbike | Pos=(51, 379)
2026-05-10 21:40:11,762 - VehicleCounter - INFO - [Track] ID=35 | bus | Pos=(498, 418)
2026-05-10 21:40:11,763 - VehicleCounter - INFO - [Track] ID=45 | motorbike | Pos=(117, 438)
2026-05-10 21:40:11,763 - VehicleCounter - INFO - [Track] ID=46 | motorbike | Pos=(307, 425)
2026-05-10 21:40:11,764 - VehicleCounter - INFO - [Track] ID=51 | motorbike | Pos=(286, 466)
2026-05-10 21:40:11,764 - VehicleCounter - INFO - [Track] ID=52 | motorbike | Pos=(333, 532)
2026-05-10 21:40:11,765 - VehicleCounter - INFO - [Track] ID=53 | motorbike | Pos=(23, 417)
2026-05-10 21:40:11,767 - VehicleCounter - INFO - [Track] ID=54 | motorbike | Pos=(416, 561)
2026-05-10 21:40:11,767 - VehicleCounter - INFO - [Track] ID=41 | motorbike | Pos=(196, 310)
2026-05-10 21:40:11,768 - VehicleCounter - INFO - [Track] ID=24 | motorbike | Pos=(225, 310)
2026-05-10 21:40:11,768 - VehicleCounter - INFO - [Track] ID=56 | motorbike | Pos=(490, 588)
2026-05-10 21:40:11,778 - VehicleCounter - INFO - [Track] ID=57 | motorbike | Pos=(150, 595)
2026-05-10 21:40:11,780 - VehicleCounter - INFO - [Track] ID=55 | motorbike | Pos=(270, 568)
2026-05-10 21:40:11,780 - VehicleCounter - INFO - [Track] ID=58 | motorbike | Pos=(252, 281)
2026-05-10 21:40:12,100 - VehicleCounter - INFO - [Track] ID=34 | motorbike | Pos=(151, 298)
2026-05-10 21:40:12,100 - VehicleCounter - INFO - [Track] ID=40 | motorbike | Pos=(184, 354)
2026-05-10 21:40:12,100 - VehicleCounter - INFO - [Track] ID=42 | motorbike | Pos=(209, 425)
2026-05-10 21:40:12,100 - VehicleCounter - INFO - [Track] ID=43 | motorbike | Pos=(52, 375)
2026-05-10 21:40:12,100 - VehicleCounter - INFO - [Track] ID=35 | bus | Pos=(497, 414)
2026-05-10 21:40:12,101 - VehicleCounter - INFO - [Track] ID=45 | motorbike | Pos=(117, 434)
2026-05-10 21:40:12,101 - VehicleCounter - INFO - [Track] ID=46 | motorbike | Pos=(306, 420)
2026-05-10 21:40:12,101 - VehicleCounter - INFO - [Track] ID=51 | motorbike | Pos=(286, 461)
2026-05-10 21:40:12,101 - VehicleCounter - INFO - [Track] ID=52 | motorbike | Pos=(331, 526)
2026-05-10 21:40:12,101 - VehicleCounter - INFO - [Track] ID=53 | motorbike | Pos=(25, 415)
2026-05-10 21:40:12,101 - VehicleCounter - INFO - [Track] ID=54 | motorbike | Pos=(410, 558)
2026-05-10 21:40:12,101 - VehicleCounter - INFO - [Track] ID=41 | motorbike | Pos=(194, 305)
2026-05-10 21:40:12,102 - VehicleCounter - INFO - [Track] ID=24 | motorbike | Pos=(225, 308)
2026-05-10 21:40:12,102 - VehicleCounter - INFO - [Track] ID=56 | motorbike | Pos=(485, 585)
2026-05-10 21:40:12,102 - VehicleCounter - INFO - [Track] ID=57 | motorbike | Pos=(147, 590)
2026-05-10 21:40:12,102 - VehicleCounter - INFO - [Track] ID=55 | motorbike | Pos=(268, 566)
2026-05-10 21:40:12,102 - VehicleCounter - INFO - [Track] ID=58 | motorbike | Pos=(252, 280)
2026-05-10 21:40:12,102 - VehicleCounter - INFO - [Track] ID=48 | motorbike | Pos=(280, 342)
2026-05-10 21:40:12,516 - VehicleCounter - INFO - [Track] ID=34 | motorbike | Pos=(151, 294)
2026-05-10 21:40:12,516 - VehicleCounter - INFO - [Track] ID=40 | motorbike | Pos=(184, 348)
2026-05-10 21:40:12,517 - VehicleCounter - INFO - [Track] ID=42 | motorbike | Pos=(208, 417)
2026-05-10 21:40:12,517 - VehicleCounter - INFO - [Track] ID=43 | motorbike | Pos=(53, 369)
2026-05-10 21:40:12,517 - VehicleCounter - INFO - [Track] ID=35 | bus | Pos=(496, 415)
2026-05-10 21:40:12,517 - VehicleCounter - INFO - [Track] ID=45 | motorbike | Pos=(117, 426)
2026-05-10 21:40:12,518 - VehicleCounter - INFO - [Track] ID=46 | motorbike | Pos=(303, 412)
2026-05-10 21:40:12,518 - VehicleCounter - INFO - [Track] ID=51 | motorbike | Pos=(285, 452)
2026-05-10 21:40:12,518 - VehicleCounter - INFO - [Track] ID=52 | motorbike | Pos=(327, 516)
2026-05-10 21:40:12,518 - VehicleCounter - INFO - [Track] ID=53 | motorbike | Pos=(30, 408)
2026-05-10 21:40:12,518 - VehicleCounter - INFO - [Track] ID=54 | motorbike | Pos=(397, 550)
2026-05-10 21:40:12,518 - VehicleCounter - INFO - [Track] ID=24 | motorbike | Pos=(222, 304)
2026-05-10 21:40:12,518 - VehicleCounter - INFO - [Track] ID=56 | motorbike | Pos=(475, 580)
2026-05-10 21:40:12,518 - VehicleCounter - INFO - [Track] ID=57 | motorbike | Pos=(140, 583)
2026-05-10 21:40:12,518 - VehicleCounter - INFO - [Track] ID=55 | motorbike | Pos=(263, 559)
2026-05-10 21:40:12,518 - VehicleCounter - INFO - [Track] ID=58 | motorbike | Pos=(250, 278)
2026-05-10 21:40:12,519 - VehicleCounter - INFO - [Track] ID=48 | motorbike | Pos=(277, 339)
2026-05-10 21:40:12,935 - VehicleCounter - INFO - [Track] ID=34 | motorbike | Pos=(152, 292)
2026-05-10 21:40:12,936 - VehicleCounter - INFO - [Track] ID=40 | motorbike | Pos=(182, 343)
2026-05-10 21:40:12,936 - VehicleCounter - INFO - [Track] ID=42 | motorbike | Pos=(207, 411)
2026-05-10 21:40:12,936 - VehicleCounter - INFO - [Track] ID=43 | motorbike | Pos=(56, 363)
2026-05-10 21:40:12,936 - VehicleCounter - INFO - [Track] ID=35 | bus | Pos=(493, 415)
2026-05-10 21:40:12,936 - VehicleCounter - INFO - [Track] ID=45 | motorbike | Pos=(117, 420)
2026-05-10 21:40:12,936 - VehicleCounter - INFO - [Track] ID=46 | motorbike | Pos=(299, 403)
2026-05-10 21:40:12,936 - VehicleCounter - INFO - [Track] ID=51 | motorbike | Pos=(284, 444)
2026-05-10 21:40:12,936 - VehicleCounter - INFO - [Track] ID=52 | motorbike | Pos=(323, 507)
2026-05-10 21:40:12,936 - VehicleCounter - INFO - [Track] ID=53 | motorbike | Pos=(35, 402)
2026-05-10 21:40:12,936 - VehicleCounter - INFO - [Track] ID=54 | motorbike | Pos=(385, 543)
2026-05-10 21:40:12,937 - VehicleCounter - INFO - [Track] ID=24 | motorbike | Pos=(220, 302)
2026-05-10 21:40:12,937 - VehicleCounter - INFO - [Track] ID=56 | motorbike | Pos=(466, 577)
2026-05-10 21:40:12,937 - VehicleCounter - INFO - [Track] ID=57 | motorbike | Pos=(134, 579)
2026-05-10 21:40:12,937 - VehicleCounter - INFO - [Track] ID=55 | motorbike | Pos=(257, 550)
2026-05-10 21:40:12,937 - VehicleCounter - INFO - [Track] ID=58 | motorbike | Pos=(248, 276)
2026-05-10 21:40:12,937 - VehicleCounter - INFO - [Track] ID=48 | motorbike | Pos=(272, 337)
2026-05-10 21:40:12,937 - VehicleCounter - INFO - [Track] ID=60 | motorbike | Pos=(174, 620)
2026-05-10 21:40:12,937 - VehicleCounter - INFO - [Track] ID=29 | motorbike | Pos=(192, 279)
2026-05-10 21:40:13,173 - VehicleCounter - INFO - [Track] ID=34 | motorbike | Pos=(152, 288)
2026-05-10 21:40:13,173 - VehicleCounter - INFO - [Track] ID=40 | motorbike | Pos=(181, 337)
2026-05-10 21:40:13,173 - VehicleCounter - INFO - [Track] ID=42 | motorbike | Pos=(205, 406)
2026-05-10 21:40:13,174 - VehicleCounter - INFO - [Track] ID=43 | motorbike | Pos=(56, 357)
2026-05-10 21:40:13,174 - VehicleCounter - INFO - [Track] ID=35 | bus | Pos=(493, 412)
2026-05-10 21:40:13,175 - VehicleCounter - INFO - [Track] ID=45 | motorbike | Pos=(117, 414)
2026-05-10 21:40:13,175 - VehicleCounter - INFO - [Track] ID=51 | motorbike | Pos=(284, 435)
2026-05-10 21:40:13,175 - VehicleCounter - INFO - [Track] ID=52 | motorbike | Pos=(320, 497)
2026-05-10 21:40:13,175 - VehicleCounter - INFO - [Track] ID=53 | motorbike | Pos=(40, 398)
2026-05-10 21:40:13,175 - VehicleCounter - INFO - [Track] ID=54 | motorbike | Pos=(372, 536)
2026-05-10 21:40:13,175 - VehicleCounter - INFO - [Track] ID=24 | motorbike | Pos=(218, 299)
2026-05-10 21:40:13,175 - VehicleCounter - INFO - [Track] ID=56 | motorbike | Pos=(457, 572)
2026-05-10 21:40:13,175 - VehicleCounter - INFO - [Track] ID=57 | motorbike | Pos=(129, 572)
2026-05-10 21:40:13,175 - VehicleCounter - INFO - [Track] ID=55 | motorbike | Pos=(252, 539)
2026-05-10 21:40:13,176 - VehicleCounter - INFO - [Track] ID=58 | motorbike | Pos=(246, 275)
2026-05-10 21:40:13,176 - VehicleCounter - INFO - [Track] ID=48 | motorbike | Pos=(269, 335)
2026-05-10 21:40:13,176 - VehicleCounter - INFO - [Track] ID=29 | motorbike | Pos=(192, 275)
2026-05-10 21:40:13,176 - VehicleCounter - INFO - [Track] ID=60 | motorbike | Pos=(165, 611)
2026-05-10 21:40:13,592 - VehicleCounter - INFO - [Track] ID=34 | motorbike | Pos=(152, 285)
2026-05-10 21:40:13,592 - VehicleCounter - INFO - [Track] ID=40 | motorbike | Pos=(178, 334)
2026-05-10 21:40:13,593 - VehicleCounter - INFO - [Track] ID=42 | motorbike | Pos=(203, 398)
2026-05-10 21:40:13,593 - VehicleCounter - INFO - [Track] ID=43 | motorbike | Pos=(57, 348)
2026-05-10 21:40:13,593 - VehicleCounter - INFO - [Track] ID=35 | bus | Pos=(492, 411)
2026-05-10 21:40:13,593 - VehicleCounter - INFO - [Track] ID=45 | motorbike | Pos=(118, 407)
2026-05-10 21:40:13,593 - VehicleCounter - INFO - [Track] ID=51 | motorbike | Pos=(284, 426)
2026-05-10 21:40:13,593 - VehicleCounter - INFO - [Track] ID=52 | motorbike | Pos=(318, 487)
2026-05-10 21:40:13,593 - VehicleCounter - INFO - [Track] ID=53 | motorbike | Pos=(46, 391)
2026-05-10 21:40:13,593 - VehicleCounter - INFO - [Track] ID=54 | motorbike | Pos=(358, 528)
2026-05-10 21:40:13,593 - VehicleCounter - INFO - [Track] ID=24 | motorbike | Pos=(216, 295)
2026-05-10 21:40:13,595 - VehicleCounter - INFO - [Track] ID=56 | motorbike | Pos=(448, 566)
2026-05-10 21:40:13,595 - VehicleCounter - INFO - [Track] ID=57 | motorbike | Pos=(127, 569)
2026-05-10 21:40:13,595 - VehicleCounter - INFO - [Track] ID=55 | motorbike | Pos=(244, 527)
2026-05-10 21:40:13,595 - VehicleCounter - INFO - [Track] ID=58 | motorbike | Pos=(244, 272)
2026-05-10 21:40:13,595 - VehicleCounter - INFO - [Track] ID=48 | motorbike | Pos=(264, 331)
2026-05-10 21:40:13,595 - VehicleCounter - INFO - [Track] ID=29 | motorbike | Pos=(189, 273)
2026-05-10 21:40:14,042 - VehicleCounter - INFO - [Track] ID=34 | motorbike | Pos=(152, 282)
2026-05-10 21:40:14,043 - VehicleCounter - INFO - [Track] ID=40 | motorbike | Pos=(178, 330)
2026-05-10 21:40:14,043 - VehicleCounter - INFO - [Track] ID=42 | motorbike | Pos=(203, 395)
2026-05-10 21:40:14,043 - VehicleCounter - INFO - [Track] ID=43 | motorbike | Pos=(57, 340)
2026-05-10 21:40:14,043 - VehicleCounter - INFO - [Track] ID=35 | bus | Pos=(490, 410)
2026-05-10 21:40:14,043 - VehicleCounter - INFO - [Track] ID=45 | motorbike | Pos=(118, 404)
2026-05-10 21:40:14,043 - VehicleCounter - INFO - [Track] ID=51 | motorbike | Pos=(283, 422)
2026-05-10 21:40:14,043 - VehicleCounter - INFO - [Track] ID=52 | motorbike | Pos=(317, 482)
2026-05-10 21:40:14,043 - VehicleCounter - INFO - [Track] ID=53 | motorbike | Pos=(50, 388)
2026-05-10 21:40:14,044 - VehicleCounter - INFO - [Track] ID=54 | motorbike | Pos=(350, 524)
2026-05-10 21:40:14,044 - VehicleCounter - INFO - [Track] ID=24 | motorbike | Pos=(215, 293)
2026-05-10 21:40:14,044 - VehicleCounter - INFO - [Track] ID=56 | motorbike | Pos=(441, 564)
2026-05-10 21:40:14,044 - VehicleCounter - INFO - [Track] ID=57 | motorbike | Pos=(124, 564)
2026-05-10 21:40:14,044 - VehicleCounter - INFO - [Track] ID=55 | motorbike | Pos=(241, 520)
2026-05-10 21:40:14,044 - VehicleCounter - INFO - [Track] ID=58 | motorbike | Pos=(243, 272)
2026-05-10 21:40:14,044 - VehicleCounter - INFO - [Track] ID=48 | motorbike | Pos=(260, 329)
2026-05-10 21:40:14,044 - VehicleCounter - INFO - [Track] ID=29 | motorbike | Pos=(188, 274)
2026-05-10 21:40:14,455 - VehicleCounter - INFO - [Track] ID=34 | motorbike | Pos=(153, 282)
2026-05-10 21:40:14,455 - VehicleCounter - INFO - [Track] ID=40 | motorbike | Pos=(177, 327)
2026-05-10 21:40:14,455 - VehicleCounter - INFO - [Track] ID=42 | motorbike | Pos=(203, 393)
2026-05-10 21:40:14,455 - VehicleCounter - INFO - [Track] ID=43 | motorbike | Pos=(58, 336)
2026-05-10 21:40:14,455 - VehicleCounter - INFO - [Track] ID=35 | bus | Pos=(490, 410)
2026-05-10 21:40:14,455 - VehicleCounter - INFO - [Track] ID=45 | motorbike | Pos=(119, 401)
2026-05-10 21:40:14,455 - VehicleCounter - INFO - [Track] ID=51 | motorbike | Pos=(283, 418)
2026-05-10 21:40:14,457 - VehicleCounter - INFO - [Track] ID=52 | motorbike | Pos=(316, 475)
2026-05-10 21:40:14,457 - VehicleCounter - INFO - [Track] ID=53 | motorbike | Pos=(53, 385)
2026-05-10 21:40:14,457 - VehicleCounter - INFO - [Track] ID=54 | motorbike | Pos=(342, 521)
2026-05-10 21:40:14,457 - VehicleCounter - INFO - [Track] ID=24 | motorbike | Pos=(215, 291)
2026-05-10 21:40:14,457 - VehicleCounter - INFO - [Track] ID=56 | motorbike | Pos=(436, 563)
2026-05-10 21:40:14,457 - VehicleCounter - INFO - [Track] ID=55 | motorbike | Pos=(237, 515)
2026-05-10 21:40:14,458 - VehicleCounter - INFO - [Track] ID=58 | motorbike | Pos=(242, 270)
2026-05-10 21:40:14,458 - VehicleCounter - INFO - [Track] ID=48 | motorbike | Pos=(256, 327)
2026-05-10 21:40:14,458 - VehicleCounter - INFO - [Track] ID=29 | motorbike | Pos=(188, 272)
2026-05-10 21:40:14,689 - VehicleCounter - INFO - [Track] ID=34 | motorbike | Pos=(153, 280)
2026-05-10 21:40:14,689 - VehicleCounter - INFO - [Track] ID=40 | motorbike | Pos=(178, 325)
2026-05-10 21:40:14,689 - VehicleCounter - INFO - [Track] ID=42 | motorbike | Pos=(203, 390)
2026-05-10 21:40:14,690 - VehicleCounter - INFO - [Track] ID=43 | motorbike | Pos=(59, 333)
2026-05-10 21:40:14,690 - VehicleCounter - INFO - [Track] ID=35 | bus | Pos=(490, 409)
2026-05-10 21:40:14,690 - VehicleCounter - INFO - [Track] ID=45 | motorbike | Pos=(121, 399)
2026-05-10 21:40:14,690 - VehicleCounter - INFO - [Track] ID=51 | motorbike | Pos=(283, 414)
2026-05-10 21:40:14,690 - VehicleCounter - INFO - [Track] ID=52 | motorbike | Pos=(316, 471)
2026-05-10 21:40:14,691 - VehicleCounter - INFO - [Track] ID=53 | motorbike | Pos=(57, 383)
2026-05-10 21:40:14,691 - VehicleCounter - INFO - [Track] ID=54 | motorbike | Pos=(335, 515)
2026-05-10 21:40:14,691 - VehicleCounter - INFO - [Track] ID=24 | motorbike | Pos=(216, 290)
2026-05-10 21:40:14,691 - VehicleCounter - INFO - [Track] ID=56 | motorbike | Pos=(431, 561)
2026-05-10 21:40:14,691 - VehicleCounter - INFO - [Track] ID=55 | motorbike | Pos=(235, 510)
2026-05-10 21:40:14,692 - VehicleCounter - INFO - [Track] ID=48 | motorbike | Pos=(253, 326)
2026-05-10 21:40:14,693 - VehicleCounter - INFO - [Track] ID=29 | motorbike | Pos=(188, 270)
2026-05-10 21:40:15,106 - VehicleCounter - INFO - [Track] ID=40 | motorbike | Pos=(176, 317)
2026-05-10 21:40:15,106 - VehicleCounter - INFO - [Track] ID=42 | motorbike | Pos=(202, 379)
2026-05-10 21:40:15,106 - VehicleCounter - INFO - [Track] ID=43 | motorbike | Pos=(59, 326)
2026-05-10 21:40:15,106 - VehicleCounter - INFO - [Track] ID=35 | bus | Pos=(488, 407)
2026-05-10 21:40:15,106 - VehicleCounter - INFO - [Track] ID=45 | motorbike | Pos=(122, 386)
2026-05-10 21:40:15,106 - VehicleCounter - INFO - [Track] ID=51 | motorbike | Pos=(283, 402)
2026-05-10 21:40:15,106 - VehicleCounter - INFO - [Track] ID=53 | motorbike | Pos=(68, 371)
2026-05-10 21:40:15,107 - VehicleCounter - INFO - [Track] ID=54 | motorbike | Pos=(313, 500)
2026-05-10 21:40:15,107 - VehicleCounter - INFO - [Track] ID=24 | motorbike | Pos=(214, 284)
2026-05-10 21:40:15,107 - VehicleCounter - INFO - [Track] ID=56 | motorbike | Pos=(409, 551)
2026-05-10 21:40:15,107 - VehicleCounter - INFO - [Track] ID=55 | motorbike | Pos=(224, 491)
2026-05-10 21:40:15,108 - VehicleCounter - INFO - [Track] ID=48 | motorbike | Pos=(242, 318)
2026-05-10 21:40:15,108 - VehicleCounter - INFO - [Track] ID=29 | motorbike | Pos=(185, 268)
2026-05-10 21:40:15,108 - VehicleCounter - INFO - [Track] ID=38 | motorbike | Pos=(268, 307)
2026-05-10 21:40:15,108 - VehicleCounter - INFO - [Track] ID=57 | motorbike | Pos=(116, 541)
2026-05-10 21:40:15,108 - VehicleCounter - INFO - [Track] ID=61 | motorbike | Pos=(261, 372)
2026-05-10 21:40:15,108 - VehicleCounter - INFO - [Track] ID=49 | motorbike | Pos=(393, 481)
2026-05-10 21:40:15,520 - VehicleCounter - INFO - [Track] ID=40 | motorbike | Pos=(175, 313)
2026-05-10 21:40:15,522 - VehicleCounter - INFO - [Track] ID=42 | motorbike | Pos=(200, 373)
2026-05-10 21:40:15,522 - VehicleCounter - INFO - [Track] ID=43 | motorbike | Pos=(59, 325)
2026-05-10 21:40:15,522 - VehicleCounter - INFO - [Track] ID=35 | bus | Pos=(487, 409)
2026-05-10 21:40:15,522 - VehicleCounter - INFO - [Track] ID=45 | motorbike | Pos=(123, 382)
2026-05-10 21:40:15,522 - VehicleCounter - INFO - [Track] ID=51 | motorbike | Pos=(282, 395)
2026-05-10 21:40:15,523 - VehicleCounter - INFO - [Track] ID=53 | motorbike | Pos=(72, 366)
2026-05-10 21:40:15,523 - VehicleCounter - INFO - [Track] ID=54 | motorbike | Pos=(305, 496)
2026-05-10 21:40:15,523 - VehicleCounter - INFO - [Track] ID=24 | motorbike | Pos=(213, 281)
2026-05-10 21:40:15,523 - VehicleCounter - INFO - [Track] ID=56 | motorbike | Pos=(400, 545)
2026-05-10 21:40:15,523 - VehicleCounter - INFO - [Track] ID=55 | motorbike | Pos=(219, 482)
2026-05-10 21:40:15,523 - VehicleCounter - INFO - [Track] ID=48 | motorbike | Pos=(237, 316)
2026-05-10 21:40:15,523 - VehicleCounter - INFO - [Track] ID=38 | motorbike | Pos=(267, 305)
2026-05-10 21:40:15,524 - VehicleCounter - INFO - [Track] ID=57 | motorbike | Pos=(112, 531)
2026-05-10 21:40:15,524 - VehicleCounter - INFO - [Track] ID=61 | motorbike | Pos=(257, 368)
2026-05-10 21:40:15,524 - VehicleCounter - INFO - [Track] ID=49 | motorbike | Pos=(383, 482)
2026-05-10 21:40:15,524 - VehicleCounter - INFO - [Track] ID=52 | motorbike | Pos=(318, 437)
2026-05-10 21:40:15,933 - VehicleCounter - INFO - [Track] ID=40 | motorbike | Pos=(176, 310)
2026-05-10 21:40:15,933 - VehicleCounter - INFO - [Track] ID=42 | motorbike | Pos=(201, 368)
2026-05-10 21:40:15,933 - VehicleCounter - INFO - [Track] ID=43 | motorbike | Pos=(61, 324)
2026-05-10 21:40:15,933 - VehicleCounter - INFO - [Track] ID=35 | bus | Pos=(487, 409)
2026-05-10 21:40:15,934 - VehicleCounter - INFO - [Track] ID=45 | motorbike | Pos=(125, 377)
2026-05-10 21:40:15,934 - VehicleCounter - INFO - [Track] ID=51 | motorbike | Pos=(281, 389)
2026-05-10 21:40:15,934 - VehicleCounter - INFO - [Track] ID=53 | motorbike | Pos=(76, 363)
2026-05-10 21:40:15,934 - VehicleCounter - INFO - [Track] ID=54 | motorbike | Pos=(296, 491)
2026-05-10 21:40:15,934 - VehicleCounter - INFO - [Track] ID=24 | motorbike | Pos=(213, 278)
2026-05-10 21:40:15,934 - VehicleCounter - INFO - [Track] ID=56 | motorbike | Pos=(392, 541)
2026-05-10 21:40:15,934 - VehicleCounter - INFO - [Track] ID=55 | motorbike | Pos=(216, 475)
2026-05-10 21:40:15,935 - VehicleCounter - INFO - [Track] ID=48 | motorbike | Pos=(234, 312)
2026-05-10 21:40:15,935 - VehicleCounter - INFO - [Track] ID=38 | motorbike | Pos=(269, 302)
2026-05-10 21:40:15,935 - VehicleCounter - INFO - [Track] ID=57 | motorbike | Pos=(110, 524)
2026-05-10 21:40:15,935 - VehicleCounter - INFO - [Track] ID=61 | motorbike | Pos=(254, 364)
2026-05-10 21:40:15,935 - VehicleCounter - INFO - [Track] ID=49 | motorbike | Pos=(375, 477)
2026-05-10 21:40:15,935 - VehicleCounter - INFO - [Track] ID=52 | motorbike | Pos=(319, 440)
2026-05-10 21:40:16,167 - VehicleCounter - INFO - [Track] ID=40 | motorbike | Pos=(176, 308)
2026-05-10 21:40:16,167 - VehicleCounter - INFO - [Track] ID=42 | motorbike | Pos=(201, 363)
2026-05-10 21:40:16,167 - VehicleCounter - INFO - [Track] ID=43 | motorbike | Pos=(62, 321)
2026-05-10 21:40:16,168 - VehicleCounter - INFO - [Track] ID=35 | bus | Pos=(487, 409)
2026-05-10 21:40:16,168 - VehicleCounter - INFO - [Track] ID=45 | motorbike | Pos=(127, 374)
2026-05-10 21:40:16,168 - VehicleCounter - INFO - [Track] ID=51 | motorbike | Pos=(282, 384)
2026-05-10 21:40:16,168 - VehicleCounter - INFO - [Track] ID=53 | motorbike | Pos=(79, 360)
2026-05-10 21:40:16,168 - VehicleCounter - INFO - [Track] ID=54 | motorbike | Pos=(290, 484)
2026-05-10 21:40:16,168 - VehicleCounter - INFO - [Track] ID=24 | motorbike | Pos=(212, 277)
2026-05-10 21:40:16,168 - VehicleCounter - INFO - [Track] ID=56 | motorbike | Pos=(383, 535)
2026-05-10 21:40:16,169 - VehicleCounter - INFO - [Track] ID=55 | motorbike | Pos=(212, 467)
2026-05-10 21:40:16,169 - VehicleCounter - INFO - [Track] ID=48 | motorbike | Pos=(231, 310)
2026-05-10 21:40:16,169 - VehicleCounter - INFO - [Track] ID=38 | motorbike | Pos=(270, 302)
2026-05-10 21:40:16,169 - VehicleCounter - INFO - [Track] ID=57 | motorbike | Pos=(109, 514)
2026-05-10 21:40:16,169 - VehicleCounter - INFO - [Track] ID=61 | motorbike | Pos=(251, 360)
2026-05-10 21:40:16,169 - VehicleCounter - INFO - [Track] ID=49 | motorbike | Pos=(367, 471)
2026-05-10 21:40:16,169 - VehicleCounter - INFO - [Track] ID=52 | motorbike | Pos=(320, 435)
2026-05-10 21:40:16,604 - VehicleCounter - INFO - [Track] ID=40 | motorbike | Pos=(175, 307)
2026-05-10 21:40:16,604 - VehicleCounter - INFO - [Track] ID=42 | motorbike | Pos=(201, 361)
2026-05-10 21:40:16,605 - VehicleCounter - INFO - [Track] ID=43 | motorbike | Pos=(62, 318)
2026-05-10 21:40:16,605 - VehicleCounter - INFO - [Track] ID=35 | bus | Pos=(486, 408)
2026-05-10 21:40:16,605 - VehicleCounter - INFO - [Track] ID=45 | motorbike | Pos=(128, 371)
2026-05-10 21:40:16,605 - VehicleCounter - INFO - [Track] ID=51 | motorbike | Pos=(281, 381)
2026-05-10 21:40:16,605 - VehicleCounter - INFO - [Track] ID=53 | motorbike | Pos=(80, 357)
2026-05-10 21:40:16,605 - VehicleCounter - INFO - [Track] ID=54 | motorbike | Pos=(287, 481)
2026-05-10 21:40:16,606 - VehicleCounter - INFO - [Track] ID=24 | motorbike | Pos=(211, 276)
2026-05-10 21:40:16,606 - VehicleCounter - INFO - [Track] ID=56 | motorbike | Pos=(379, 531)
2026-05-10 21:40:16,606 - VehicleCounter - INFO - [Track] ID=55 | motorbike | Pos=(210, 464)
2026-05-10 21:40:16,606 - VehicleCounter - INFO - [Track] ID=48 | motorbike | Pos=(229, 308)
2026-05-10 21:40:16,606 - VehicleCounter - INFO - [Track] ID=38 | motorbike | Pos=(270, 301)
2026-05-10 21:40:16,606 - VehicleCounter - INFO - [Track] ID=57 | motorbike | Pos=(108, 509)
2026-05-10 21:40:16,606 - VehicleCounter - INFO - [Track] ID=61 | motorbike | Pos=(249, 357)
2026-05-10 21:40:16,606 - VehicleCounter - INFO - [Track] ID=49 | motorbike | Pos=(363, 469)
2026-05-10 21:40:16,606 - VehicleCounter - INFO - [Track] ID=52 | motorbike | Pos=(322, 432)
2026-05-10 21:40:17,177 - VehicleCounter - INFO - [Track] ID=40 | motorbike | Pos=(174, 302)
2026-05-10 21:40:17,177 - VehicleCounter - INFO - [Track] ID=42 | motorbike | Pos=(200, 356)
2026-05-10 21:40:17,177 - VehicleCounter - INFO - [Track] ID=43 | motorbike | Pos=(62, 314)
2026-05-10 21:40:17,177 - VehicleCounter - INFO - [Track] ID=35 | bus | Pos=(486, 409)
2026-05-10 21:40:17,178 - VehicleCounter - INFO - [Track] ID=45 | motorbike | Pos=(129, 364)
2026-05-10 21:40:17,178 - VehicleCounter - INFO - [Track] ID=51 | motorbike | Pos=(279, 376)
2026-05-10 21:40:17,178 - VehicleCounter - INFO - [Track] ID=53 | motorbike | Pos=(82, 351)
2026-05-10 21:40:17,178 - VehicleCounter - INFO - [Track] ID=54 | motorbike | Pos=(280, 472)
2026-05-10 21:40:17,178 - VehicleCounter - INFO - [Track] ID=24 | motorbike | Pos=(209, 272)
2026-05-10 21:40:17,178 - VehicleCounter - INFO - [Track] ID=56 | motorbike | Pos=(367, 523)
2026-05-10 21:40:17,178 - VehicleCounter - INFO - [Track] ID=55 | motorbike | Pos=(206, 454)
2026-05-10 21:40:17,178 - VehicleCounter - INFO - [Track] ID=48 | motorbike | Pos=(225, 305)
2026-05-10 21:40:17,179 - VehicleCounter - INFO - [Track] ID=38 | motorbike | Pos=(271, 296)
2026-05-10 21:40:17,179 - VehicleCounter - INFO - [Track] ID=57 | motorbike | Pos=(104, 499)
2026-05-10 21:40:17,179 - VehicleCounter - INFO - [Track] ID=61 | motorbike | Pos=(244, 352)
2026-05-10 21:40:17,179 - VehicleCounter - INFO - [Track] ID=49 | motorbike | Pos=(356, 459)
2026-05-10 21:40:17,180 - VehicleCounter - INFO - [Track] ID=52 | motorbike | Pos=(324, 424)
2026-05-10 21:40:17,592 - VehicleCounter - INFO - [Track] ID=40 | motorbike | Pos=(175, 297)
2026-05-10 21:40:17,593 - VehicleCounter - INFO - [Track] ID=42 | motorbike | Pos=(199, 352)
2026-05-10 21:40:17,593 - VehicleCounter - INFO - [Track] ID=43 | motorbike | Pos=(63, 309)
2026-05-10 21:40:17,593 - VehicleCounter - INFO - [Track] ID=35 | bus | Pos=(485, 409)
2026-05-10 21:40:17,593 - VehicleCounter - INFO - [Track] ID=45 | motorbike | Pos=(131, 359)
2026-05-10 21:40:17,593 - VehicleCounter - INFO - [Track] ID=51 | motorbike | Pos=(279, 368)
2026-05-10 21:40:17,593 - VehicleCounter - INFO - [Track] ID=53 | motorbike | Pos=(83, 346)
2026-05-10 21:40:17,593 - VehicleCounter - INFO - [Track] ID=54 | motorbike | Pos=(275, 463)
2026-05-10 21:40:17,594 - VehicleCounter - INFO - [Track] ID=24 | motorbike | Pos=(207, 270)
2026-05-10 21:40:17,594 - VehicleCounter - INFO - [Track] ID=56 | motorbike | Pos=(358, 516)
2026-05-10 21:40:17,594 - VehicleCounter - INFO - [Track] ID=55 | motorbike | Pos=(200, 445)
2026-05-10 21:40:17,594 - VehicleCounter - INFO - [Track] ID=48 | motorbike | Pos=(221, 300)
2026-05-10 21:40:17,594 - VehicleCounter - INFO - [Track] ID=38 | motorbike | Pos=(272, 293)
2026-05-10 21:40:17,594 - VehicleCounter - INFO - [Track] ID=57 | motorbike | Pos=(103, 490)
2026-05-10 21:40:17,594 - VehicleCounter - INFO - [Track] ID=61 | motorbike | Pos=(241, 346)
2026-05-10 21:40:17,594 - VehicleCounter - INFO - [Track] ID=52 | motorbike | Pos=(328, 416)
2026-05-10 21:40:17,594 - VehicleCounter - INFO - [Track] ID=63 | motorbike | Pos=(252, 282)
2026-05-10 21:40:18,009 - VehicleCounter - INFO - [Track] ID=40 | motorbike | Pos=(174, 294)
2026-05-10 21:40:18,010 - VehicleCounter - INFO - [Track] ID=42 | motorbike | Pos=(198, 346)
2026-05-10 21:40:18,010 - VehicleCounter - INFO - [Track] ID=43 | motorbike | Pos=(64, 306)
2026-05-10 21:40:18,010 - VehicleCounter - INFO - [Track] ID=35 | bus | Pos=(485, 409)
2026-05-10 21:40:18,010 - VehicleCounter - INFO - [Track] ID=45 | motorbike | Pos=(132, 355)
2026-05-10 21:40:18,010 - VehicleCounter - INFO - [Track] ID=51 | motorbike | Pos=(278, 362)
2026-05-10 21:40:18,010 - VehicleCounter - INFO - [Track] ID=53 | motorbike | Pos=(83, 342)
2026-05-10 21:40:18,010 - VehicleCounter - INFO - [Track] ID=54 | motorbike | Pos=(271, 459)
2026-05-10 21:40:18,010 - VehicleCounter - INFO - [Track] ID=24 | motorbike | Pos=(205, 268)
2026-05-10 21:40:18,012 - VehicleCounter - INFO - [Track] ID=56 | motorbike | Pos=(350, 508)
2026-05-10 21:40:18,012 - VehicleCounter - INFO - [Track] ID=55 | motorbike | Pos=(197, 438)
2026-05-10 21:40:18,012 - VehicleCounter - INFO - [Track] ID=48 | motorbike | Pos=(219, 298)
2026-05-10 21:40:18,012 - VehicleCounter - INFO - [Track] ID=38 | motorbike | Pos=(273, 291)
2026-05-10 21:40:18,012 - VehicleCounter - INFO - [Track] ID=57 | motorbike | Pos=(102, 483)
2026-05-10 21:40:18,013 - VehicleCounter - INFO - [Track] ID=61 | motorbike | Pos=(238, 341)
2026-05-10 21:40:18,013 - VehicleCounter - INFO - [Track] ID=52 | motorbike | Pos=(331, 411)
2026-05-10 21:40:18,013 - VehicleCounter - INFO - [Track] ID=63 | motorbike | Pos=(251, 280)
2026-05-10 21:40:18,244 - VehicleCounter - INFO - [Track] ID=40 | motorbike | Pos=(173, 293)
2026-05-10 21:40:18,244 - VehicleCounter - INFO - [Track] ID=42 | motorbike | Pos=(197, 345)
2026-05-10 21:40:18,244 - VehicleCounter - INFO - [Track] ID=43 | motorbike | Pos=(64, 303)
2026-05-10 21:40:18,244 - VehicleCounter - INFO - [Track] ID=35 | bus | Pos=(484, 409)
2026-05-10 21:40:18,244 - VehicleCounter - INFO - [Track] ID=45 | motorbike | Pos=(133, 351)
2026-05-10 21:40:18,245 - VehicleCounter - INFO - [Track] ID=51 | motorbike | Pos=(277, 359)
2026-05-10 21:40:18,245 - VehicleCounter - INFO - [Track] ID=53 | motorbike | Pos=(85, 339)
2026-05-10 21:40:18,245 - VehicleCounter - INFO - [Track] ID=54 | motorbike | Pos=(269, 453)
2026-05-10 21:40:18,245 - VehicleCounter - INFO - [Track] ID=56 | motorbike | Pos=(344, 503)
2026-05-10 21:40:18,245 - VehicleCounter - INFO - [Track] ID=55 | motorbike | Pos=(194, 432)
2026-05-10 21:40:18,245 - VehicleCounter - INFO - [Track] ID=48 | motorbike | Pos=(218, 295)
2026-05-10 21:40:18,245 - VehicleCounter - INFO - [Track] ID=38 | motorbike | Pos=(273, 289)
2026-05-10 21:40:18,246 - VehicleCounter - INFO - [Track] ID=57 | motorbike | Pos=(102, 475)
2026-05-10 21:40:18,246 - VehicleCounter - INFO - [Track] ID=61 | motorbike | Pos=(235, 338)
2026-05-10 21:40:18,246 - VehicleCounter - INFO - [Track] ID=52 | motorbike | Pos=(334, 406)
2026-05-10 21:40:18,246 - VehicleCounter - INFO - [Track] ID=63 | motorbike | Pos=(249, 278)
2026-05-10 21:40:18,662 - VehicleCounter - INFO - [Track] ID=40 | motorbike | Pos=(172, 291)
2026-05-10 21:40:18,662 - VehicleCounter - INFO - [Track] ID=42 | motorbike | Pos=(195, 341)
2026-05-10 21:40:18,663 - VehicleCounter - INFO - [Track] ID=43 | motorbike | Pos=(64, 301)
2026-05-10 21:40:18,663 - VehicleCounter - INFO - [Track] ID=35 | bus | Pos=(484, 409)
2026-05-10 21:40:18,663 - VehicleCounter - INFO - [Track] ID=45 | motorbike | Pos=(133, 348)
2026-05-10 21:40:18,663 - VehicleCounter - INFO - [Track] ID=51 | motorbike | Pos=(276, 356)
2026-05-10 21:40:18,663 - VehicleCounter - INFO - [Track] ID=53 | motorbike | Pos=(85, 335)
2026-05-10 21:40:18,663 - VehicleCounter - INFO - [Track] ID=54 | motorbike | Pos=(268, 447)
2026-05-10 21:40:18,663 - VehicleCounter - INFO - [Track] ID=56 | motorbike | Pos=(337, 497)
2026-05-10 21:40:18,664 - VehicleCounter - INFO - [Track] ID=55 | motorbike | Pos=(190, 426)
2026-05-10 21:40:18,664 - VehicleCounter - INFO - [Track] ID=48 | motorbike | Pos=(214, 293)
2026-05-10 21:40:18,664 - VehicleCounter - INFO - [Track] ID=38 | motorbike | Pos=(272, 287)
2026-05-10 21:40:18,664 - VehicleCounter - INFO - [Track] ID=57 | motorbike | Pos=(103, 468)
2026-05-10 21:40:18,664 - VehicleCounter - INFO - [Track] ID=61 | motorbike | Pos=(232, 335)
2026-05-10 21:40:18,664 - VehicleCounter - INFO - [Track] ID=52 | motorbike | Pos=(337, 399)
2026-05-10 21:40:18,664 - VehicleCounter - INFO - [Track] ID=63 | motorbike | Pos=(246, 278)
2026-05-10 21:40:19,075 - VehicleCounter - INFO - [Track] ID=40 | motorbike | Pos=(172, 288)
2026-05-10 21:40:19,076 - VehicleCounter - INFO - [Track] ID=42 | motorbike | Pos=(195, 338)
2026-05-10 21:40:19,076 - VehicleCounter - INFO - [Track] ID=43 | motorbike | Pos=(64, 298)
2026-05-10 21:40:19,076 - VehicleCounter - INFO - [Track] ID=35 | bus | Pos=(484, 409)
2026-05-10 21:40:19,076 - VehicleCounter - INFO - [Track] ID=45 | motorbike | Pos=(134, 345)
2026-05-10 21:40:19,076 - VehicleCounter - INFO - [Track] ID=51 | motorbike | Pos=(276, 352)
2026-05-10 21:40:19,076 - VehicleCounter - INFO - [Track] ID=53 | motorbike | Pos=(85, 332)
2026-05-10 21:40:19,076 - VehicleCounter - INFO - [Track] ID=54 | motorbike | Pos=(268, 442)
2026-05-10 21:40:19,076 - VehicleCounter - INFO - [Track] ID=56 | motorbike | Pos=(331, 493)
2026-05-10 21:40:19,078 - VehicleCounter - INFO - [Track] ID=55 | motorbike | Pos=(188, 421)
2026-05-10 21:40:19,078 - VehicleCounter - INFO - [Track] ID=48 | motorbike | Pos=(213, 291)
2026-05-10 21:40:19,078 - VehicleCounter - INFO - [Track] ID=38 | motorbike | Pos=(272, 285)
2026-05-10 21:40:19,078 - VehicleCounter - INFO - [Track] ID=57 | motorbike | Pos=(105, 461)
2026-05-10 21:40:19,078 - VehicleCounter - INFO - [Track] ID=61 | motorbike | Pos=(230, 332)
2026-05-10 21:40:19,078 - VehicleCounter - INFO - [Track] ID=52 | motorbike | Pos=(340, 390)
2026-05-10 21:40:19,078 - VehicleCounter - INFO - [Track] ID=63 | motorbike | Pos=(244, 274)
2026-05-10 21:40:19,489 - VehicleCounter - INFO - [Track] ID=40 | motorbike | Pos=(172, 284)
2026-05-10 21:40:19,490 - VehicleCounter - INFO - [Track] ID=42 | motorbike | Pos=(194, 333)
2026-05-10 21:40:19,490 - VehicleCounter - INFO - [Track] ID=43 | motorbike | Pos=(64, 295)
2026-05-10 21:40:19,490 - VehicleCounter - INFO - [Track] ID=35 | bus | Pos=(483, 408)
2026-05-10 21:40:19,490 - VehicleCounter - INFO - [Track] ID=45 | motorbike | Pos=(135, 341)
2026-05-10 21:40:19,491 - VehicleCounter - INFO - [Track] ID=51 | motorbike | Pos=(275, 348)
2026-05-10 21:40:19,491 - VehicleCounter - INFO - [Track] ID=53 | motorbike | Pos=(86, 329)
2026-05-10 21:40:19,491 - VehicleCounter - INFO - [Track] ID=54 | motorbike | Pos=(269, 438)
2026-05-10 21:40:19,491 - VehicleCounter - INFO - [Track] ID=56 | motorbike | Pos=(326, 487)
2026-05-10 21:40:19,491 - VehicleCounter - INFO - [Track] ID=55 | motorbike | Pos=(184, 415)
2026-05-10 21:40:19,491 - VehicleCounter - INFO - [Track] ID=48 | motorbike | Pos=(210, 287)
2026-05-10 21:40:19,492 - VehicleCounter - INFO - [Track] ID=38 | motorbike | Pos=(271, 283)
2026-05-10 21:40:19,492 - VehicleCounter - INFO - [Track] ID=57 | motorbike | Pos=(105, 454)
2026-05-10 21:40:19,492 - VehicleCounter - INFO - [Track] ID=61 | motorbike | Pos=(227, 327)
2026-05-10 21:40:19,492 - VehicleCounter - INFO - [Track] ID=52 | motorbike | Pos=(344, 383)
2026-05-10 21:40:19,492 - VehicleCounter - INFO - [Track] ID=63 | motorbike | Pos=(241, 271)
2026-05-10 21:40:19,492 - VehicleCounter - INFO - [Track] ID=64 | motorbike | Pos=(346, 439)
2026-05-10 21:40:19,723 - VehicleCounter - INFO - [Track] ID=40 | motorbike | Pos=(170, 280)
2026-05-10 21:40:19,723 - VehicleCounter - INFO - [Track] ID=42 | motorbike | Pos=(192, 331)
2026-05-10 21:40:19,723 - VehicleCounter - INFO - [Track] ID=43 | motorbike | Pos=(64, 292)
2026-05-10 21:40:19,723 - VehicleCounter - INFO - [Track] ID=35 | bus | Pos=(482, 407)
2026-05-10 21:40:19,723 - VehicleCounter - INFO - [Track] ID=45 | motorbike | Pos=(134, 337)
2026-05-10 21:40:19,723 - VehicleCounter - INFO - [Track] ID=51 | motorbike | Pos=(274, 342)
2026-05-10 21:40:19,723 - VehicleCounter - INFO - [Track] ID=53 | motorbike | Pos=(85, 325)
2026-05-10 21:40:19,723 - VehicleCounter - INFO - [Track] ID=54 | motorbike | Pos=(270, 433)
2026-05-10 21:40:19,723 - VehicleCounter - INFO - [Track] ID=56 | motorbike | Pos=(320, 481)
2026-05-10 21:40:19,724 - VehicleCounter - INFO - [Track] ID=55 | motorbike | Pos=(180, 410)
2026-05-10 21:40:19,724 - VehicleCounter - INFO - [Track] ID=48 | motorbike | Pos=(208, 283)
2026-05-10 21:40:19,724 - VehicleCounter - INFO - [Track] ID=38 | motorbike | Pos=(269, 283)
2026-05-10 21:40:19,724 - VehicleCounter - INFO - [Track] ID=57 | motorbike | Pos=(106, 449)
2026-05-10 21:40:19,724 - VehicleCounter - INFO - [Track] ID=61 | motorbike | Pos=(225, 324)
2026-05-10 21:40:19,724 - VehicleCounter - INFO - [Track] ID=52 | motorbike | Pos=(346, 380)
2026-05-10 21:40:19,724 - VehicleCounter - INFO - [Track] ID=63 | motorbike | Pos=(239, 272)
2026-05-10 21:40:19,725 - VehicleCounter - INFO - [Track] ID=64 | motorbike | Pos=(345, 438)
2026-05-10 21:40:20,135 - VehicleCounter - INFO - [Track] ID=40 | motorbike | Pos=(169, 277)
2026-05-10 21:40:20,135 - VehicleCounter - INFO - [Track] ID=42 | motorbike | Pos=(191, 326)
2026-05-10 21:40:20,135 - VehicleCounter - INFO - [Track] ID=43 | motorbike | Pos=(64, 288)
2026-05-10 21:40:20,135 - VehicleCounter - INFO - [Track] ID=35 | bus | Pos=(481, 406)
2026-05-10 21:40:20,136 - VehicleCounter - INFO - [Track] ID=45 | motorbike | Pos=(135, 332)
2026-05-10 21:40:20,136 - VehicleCounter - INFO - [Track] ID=51 | motorbike | Pos=(273, 337)
2026-05-10 21:40:20,136 - VehicleCounter - INFO - [Track] ID=53 | motorbike | Pos=(86, 320)
2026-05-10 21:40:20,136 - VehicleCounter - INFO - [Track] ID=54 | motorbike | Pos=(273, 426)
2026-05-10 21:40:20,136 - VehicleCounter - INFO - [Track] ID=56 | motorbike | Pos=(315, 472)
2026-05-10 21:40:20,136 - VehicleCounter - INFO - [Track] ID=55 | motorbike | Pos=(174, 404)
2026-05-10 21:40:20,137 - VehicleCounter - INFO - [Track] ID=38 | motorbike | Pos=(269, 280)
2026-05-10 21:40:20,137 - VehicleCounter - INFO - [Track] ID=57 | motorbike | Pos=(108, 439)
2026-05-10 21:40:20,137 - VehicleCounter - INFO - [Track] ID=61 | motorbike | Pos=(221, 319)
2026-05-10 21:40:20,137 - VehicleCounter - INFO - [Track] ID=52 | motorbike | Pos=(352, 376)
2026-05-10 21:40:20,137 - VehicleCounter - INFO - [Track] ID=63 | motorbike | Pos=(236, 269)
2026-05-10 21:40:20,137 - VehicleCounter - INFO - [Track] ID=64 | motorbike | Pos=(344, 434)
2026-05-10 21:40:20,137 - VehicleCounter - INFO - [Track] ID=65 | truck | Pos=(810, 560)
2026-05-10 21:40:20,548 - VehicleCounter - INFO - [Track] ID=40 | motorbike | Pos=(169, 276)
2026-05-10 21:40:20,548 - VehicleCounter - INFO - [Track] ID=42 | motorbike | Pos=(190, 324)
2026-05-10 21:40:20,548 - VehicleCounter - INFO - [Track] ID=43 | motorbike | Pos=(64, 286)
2026-05-10 21:40:20,548 - VehicleCounter - INFO - [Track] ID=35 | bus | Pos=(481, 405)
2026-05-10 21:40:20,548 - VehicleCounter - INFO - [Track] ID=45 | motorbike | Pos=(136, 329)
2026-05-10 21:40:20,548 - VehicleCounter - INFO - [Track] ID=51 | motorbike | Pos=(273, 335)
2026-05-10 21:40:20,549 - VehicleCounter - INFO - [Track] ID=53 | motorbike | Pos=(86, 318)
2026-05-10 21:40:20,549 - VehicleCounter - INFO - [Track] ID=54 | motorbike | Pos=(275, 421)
2026-05-10 21:40:20,549 - VehicleCounter - INFO - [Track] ID=56 | motorbike | Pos=(312, 468)
2026-05-10 21:40:20,549 - VehicleCounter - INFO - [Track] ID=55 | motorbike | Pos=(170, 400)
2026-05-10 21:40:20,549 - VehicleCounter - INFO - [Track] ID=38 | motorbike | Pos=(267, 278)
2026-05-10 21:40:20,549 - VehicleCounter - INFO - [Track] ID=57 | motorbike | Pos=(108, 434)
2026-05-10 21:40:20,549 - VehicleCounter - INFO - [Track] ID=61 | motorbike | Pos=(219, 316)
2026-05-10 21:40:20,550 - VehicleCounter - INFO - [Track] ID=52 | motorbike | Pos=(354, 374)
2026-05-10 21:40:20,550 - VehicleCounter - INFO - [Track] ID=63 | motorbike | Pos=(235, 268)
2026-05-10 21:40:20,550 - VehicleCounter - INFO - [Track] ID=64 | motorbike | Pos=(344, 432)
2026-05-10 21:40:20,550 - VehicleCounter - INFO - [Track] ID=66 | motorbike | Pos=(219, 618)
2026-05-10 21:40:20,923 - VehicleCounter - INFO - [Track] ID=40 | motorbike | Pos=(168, 274)
2026-05-10 21:40:20,923 - VehicleCounter - INFO - [Track] ID=42 | motorbike | Pos=(190, 322)
2026-05-10 21:40:20,927 - VehicleCounter - INFO - [Track] ID=43 | motorbike | Pos=(65, 284)
2026-05-10 21:40:20,934 - VehicleCounter - INFO - [Track] ID=35 | bus | Pos=(480, 404)
2026-05-10 21:40:20,940 - VehicleCounter - INFO - [Track] ID=45 | motorbike | Pos=(136, 326)
2026-05-10 21:40:20,941 - VehicleCounter - INFO - [Track] ID=51 | motorbike | Pos=(273, 332)
2026-05-10 21:40:20,941 - VehicleCounter - INFO - [Track] ID=53 | motorbike | Pos=(86, 316)
2026-05-10 21:40:20,942 - VehicleCounter - INFO - [Track] ID=54 | motorbike | Pos=(277, 418)
2026-05-10 21:40:20,942 - VehicleCounter - INFO - [Track] ID=56 | motorbike | Pos=(310, 464)
2026-05-10 21:40:20,943 - VehicleCounter - INFO - [Track] ID=55 | motorbike | Pos=(167, 397)
2026-05-10 21:40:20,944 - VehicleCounter - INFO - [Track] ID=57 | motorbike | Pos=(110, 430)
2026-05-10 21:40:20,945 - VehicleCounter - INFO - [Track] ID=61 | motorbike | Pos=(217, 313)
2026-05-10 21:40:20,948 - VehicleCounter - INFO - [Track] ID=52 | motorbike | Pos=(357, 373)
2026-05-10 21:40:20,949 - VehicleCounter - INFO - [Track] ID=63 | motorbike | Pos=(234, 268)
2026-05-10 21:40:20,951 - VehicleCounter - INFO - [Track] ID=64 | motorbike | Pos=(345, 429)
2026-05-10 21:40:20,953 - VehicleCounter - INFO - [Track] ID=66 | motorbike | Pos=(223, 611)
2026-05-10 21:40:21,194 - VehicleCounter - INFO - [Track] ID=40 | motorbike | Pos=(167, 271)
2026-05-10 21:40:21,194 - VehicleCounter - INFO - [Track] ID=42 | motorbike | Pos=(189, 320)
2026-05-10 21:40:21,194 - VehicleCounter - INFO - [Track] ID=43 | motorbike | Pos=(65, 282)
2026-05-10 21:40:21,195 - VehicleCounter - INFO - [Track] ID=35 | bus | Pos=(479, 402)
2026-05-10 21:40:21,195 - VehicleCounter - INFO - [Track] ID=45 | motorbike | Pos=(136, 323)
2026-05-10 21:40:21,195 - VehicleCounter - INFO - [Track] ID=51 | motorbike | Pos=(272, 329)
2026-05-10 21:40:21,195 - VehicleCounter - INFO - [Track] ID=53 | motorbike | Pos=(86, 314)
2026-05-10 21:40:21,195 - VehicleCounter - INFO - [Track] ID=54 | motorbike | Pos=(278, 415)
2026-05-10 21:40:21,195 - VehicleCounter - INFO - [Track] ID=56 | motorbike | Pos=(308, 460)
2026-05-10 21:40:21,195 - VehicleCounter - INFO - [Track] ID=55 | motorbike | Pos=(162, 393)
2026-05-10 21:40:21,195 - VehicleCounter - INFO - [Track] ID=57 | motorbike | Pos=(110, 425)
2026-05-10 21:40:21,195 - VehicleCounter - INFO - [Track] ID=61 | motorbike | Pos=(215, 311)
2026-05-10 21:40:21,195 - VehicleCounter - INFO - [Track] ID=52 | motorbike | Pos=(359, 370)
2026-05-10 21:40:21,197 - VehicleCounter - INFO - [Track] ID=63 | motorbike | Pos=(232, 267)
2026-05-10 21:40:21,197 - VehicleCounter - INFO - [Track] ID=64 | motorbike | Pos=(346, 427)
2026-05-10 21:40:21,197 - VehicleCounter - INFO - [Track] ID=66 | motorbike | Pos=(226, 605)
2026-05-10 21:40:21,197 - VehicleCounter - INFO - [Track] ID=38 | motorbike | Pos=(265, 273)
2026-05-10 21:40:21,610 - VehicleCounter - INFO - [Track] ID=40 | motorbike | Pos=(168, 269)
2026-05-10 21:40:21,610 - VehicleCounter - INFO - [Track] ID=42 | motorbike | Pos=(189, 316)
2026-05-10 21:40:21,610 - VehicleCounter - INFO - [Track] ID=43 | motorbike | Pos=(66, 280)
2026-05-10 21:40:21,610 - VehicleCounter - INFO - [Track] ID=35 | bus | Pos=(478, 402)
2026-05-10 21:40:21,610 - VehicleCounter - INFO - [Track] ID=45 | motorbike | Pos=(137, 320)
2026-05-10 21:40:21,610 - VehicleCounter - INFO - [Track] ID=51 | motorbike | Pos=(271, 325)
2026-05-10 21:40:21,610 - VehicleCounter - INFO - [Track] ID=53 | motorbike | Pos=(86, 311)
2026-05-10 21:40:21,611 - VehicleCounter - INFO - [Track] ID=54 | motorbike | Pos=(280, 409)
2026-05-10 21:40:21,611 - VehicleCounter - INFO - [Track] ID=56 | motorbike | Pos=(307, 456)
2026-05-10 21:40:21,611 - VehicleCounter - INFO - [Track] ID=55 | motorbike | Pos=(158, 387)
2026-05-10 21:40:21,611 - VehicleCounter - INFO - [Track] ID=57 | motorbike | Pos=(111, 419)
2026-05-10 21:40:21,611 - VehicleCounter - INFO - [Track] ID=61 | motorbike | Pos=(212, 307)
2026-05-10 21:40:21,611 - VehicleCounter - INFO - [Track] ID=52 | motorbike | Pos=(362, 367)
2026-05-10 21:40:21,611 - VehicleCounter - INFO - [Track] ID=63 | motorbike | Pos=(230, 264)
2026-05-10 21:40:21,612 - VehicleCounter - INFO - [Track] ID=64 | motorbike | Pos=(349, 423)
2026-05-10 21:40:21,612 - VehicleCounter - INFO - [Track] ID=66 | motorbike | Pos=(233, 597)
2026-05-10 21:40:21,612 - VehicleCounter - INFO - [Track] ID=38 | motorbike | Pos=(263, 273)
2026-05-10 21:40:22,025 - VehicleCounter - INFO - [Track] ID=40 | motorbike | Pos=(166, 266)
2026-05-10 21:40:22,025 - VehicleCounter - INFO - [Track] ID=42 | motorbike | Pos=(187, 311)
2026-05-10 21:40:22,025 - VehicleCounter - INFO - [Track] ID=43 | motorbike | Pos=(67, 276)
2026-05-10 21:40:22,026 - VehicleCounter - INFO - [Track] ID=35 | bus | Pos=(476, 399)
2026-05-10 21:40:22,026 - VehicleCounter - INFO - [Track] ID=45 | motorbike | Pos=(137, 314)
2026-05-10 21:40:22,026 - VehicleCounter - INFO - [Track] ID=51 | motorbike | Pos=(270, 320)
2026-05-10 21:40:22,026 - VehicleCounter - INFO - [Track] ID=53 | motorbike | Pos=(85, 306)
2026-05-10 21:40:22,026 - VehicleCounter - INFO - [Track] ID=54 | motorbike | Pos=(283, 401)
2026-05-10 21:40:22,026 - VehicleCounter - INFO - [Track] ID=56 | motorbike | Pos=(304, 446)
2026-05-10 21:40:22,026 - VehicleCounter - INFO - [Track] ID=55 | motorbike | Pos=(148, 379)
2026-05-10 21:40:22,026 - VehicleCounter - INFO - [Track] ID=57 | motorbike | Pos=(111, 409)
2026-05-10 21:40:22,026 - VehicleCounter - INFO - [Track] ID=61 | motorbike | Pos=(208, 300)
2026-05-10 21:40:22,028 - VehicleCounter - INFO - [Track] ID=52 | motorbike | Pos=(367, 358)
2026-05-10 21:40:22,028 - VehicleCounter - INFO - [Track] ID=63 | motorbike | Pos=(228, 261)
2026-05-10 21:40:22,028 - VehicleCounter - INFO - [Track] ID=64 | motorbike | Pos=(354, 416)
2026-05-10 21:40:22,028 - VehicleCounter - INFO - [Track] ID=66 | motorbike | Pos=(244, 581)
2026-05-10 21:40:22,028 - VehicleCounter - INFO - [Track] ID=38 | motorbike | Pos=(259, 269)
2026-05-10 21:40:22,028 - VehicleCounter - INFO - [Track] ID=68 | motorbike | Pos=(5, 309)
2026-05-10 21:40:22,259 - VehicleCounter - INFO - [Track] ID=40 | motorbike | Pos=(166, 263)
2026-05-10 21:40:22,259 - VehicleCounter - INFO - [Track] ID=42 | motorbike | Pos=(187, 310)
2026-05-10 21:40:22,259 - VehicleCounter - INFO - [Track] ID=43 | motorbike | Pos=(68, 274)
2026-05-10 21:40:22,260 - VehicleCounter - INFO - [Track] ID=35 | bus | Pos=(475, 398)
2026-05-10 21:40:22,260 - VehicleCounter - INFO - [Track] ID=45 | motorbike | Pos=(137, 311)
2026-05-10 21:40:22,260 - VehicleCounter - INFO - [Track] ID=51 | motorbike | Pos=(270, 318)
2026-05-10 21:40:22,260 - VehicleCounter - INFO - [Track] ID=53 | motorbike | Pos=(85, 304)
2026-05-10 21:40:22,260 - VehicleCounter - INFO - [Track] ID=54 | motorbike | Pos=(284, 398)
2026-05-10 21:40:22,260 - VehicleCounter - INFO - [Track] ID=56 | motorbike | Pos=(303, 444)
2026-05-10 21:40:22,260 - VehicleCounter - INFO - [Track] ID=55 | motorbike | Pos=(145, 375)
2026-05-10 21:40:22,260 - VehicleCounter - INFO - [Track] ID=57 | motorbike | Pos=(111, 408)
2026-05-10 21:40:22,260 - VehicleCounter - INFO - [Track] ID=61 | motorbike | Pos=(207, 297)
2026-05-10 21:40:22,260 - VehicleCounter - INFO - [Track] ID=52 | motorbike | Pos=(367, 357)
2026-05-10 21:40:22,262 - VehicleCounter - INFO - [Track] ID=63 | motorbike | Pos=(228, 261)
2026-05-10 21:40:22,262 - VehicleCounter - INFO - [Track] ID=64 | motorbike | Pos=(356, 413)
2026-05-10 21:40:22,262 - VehicleCounter - INFO - [Track] ID=66 | motorbike | Pos=(246, 577)
2026-05-10 21:40:22,262 - VehicleCounter - INFO - [Track] ID=38 | motorbike | Pos=(258, 269)
2026-05-10 21:40:22,262 - VehicleCounter - INFO - [Track] ID=68 | motorbike | Pos=(5, 309)
2026-05-10 21:40:22,262 - VehicleCounter - INFO - [Track] ID=65 | bus | Pos=(778, 541)
2026-05-10 21:40:22,680 - VehicleCounter - INFO - [Track] ID=40 | motorbike | Pos=(164, 261)
2026-05-10 21:40:22,680 - VehicleCounter - INFO - [Track] ID=42 | motorbike | Pos=(186, 306)
2026-05-10 21:40:22,681 - VehicleCounter - INFO - [Track] ID=43 | motorbike | Pos=(69, 272)
2026-05-10 21:40:22,681 - VehicleCounter - INFO - [Track] ID=35 | bus | Pos=(473, 397)
2026-05-10 21:40:22,681 - VehicleCounter - INFO - [Track] ID=45 | motorbike | Pos=(137, 309)
2026-05-10 21:40:22,681 - VehicleCounter - INFO - [Track] ID=51 | motorbike | Pos=(270, 314)
2026-05-10 21:40:22,681 - VehicleCounter - INFO - [Track] ID=53 | motorbike | Pos=(85, 301)
2026-05-10 21:40:22,681 - VehicleCounter - INFO - [Track] ID=54 | motorbike | Pos=(286, 391)
2026-05-10 21:40:22,681 - VehicleCounter - INFO - [Track] ID=56 | motorbike | Pos=(303, 439)
2026-05-10 21:40:22,681 - VehicleCounter - INFO - [Track] ID=55 | motorbike | Pos=(138, 367)
2026-05-10 21:40:22,681 - VehicleCounter - INFO - [Track] ID=57 | motorbike | Pos=(111, 404)
2026-05-10 21:40:22,681 - VehicleCounter - INFO - [Track] ID=61 | motorbike | Pos=(205, 296)
2026-05-10 21:40:22,681 - VehicleCounter - INFO - [Track] ID=52 | motorbike | Pos=(370, 350)
2026-05-10 21:40:22,681 - VehicleCounter - INFO - [Track] ID=64 | motorbike | Pos=(360, 407)
2026-05-10 21:40:22,683 - VehicleCounter - INFO - [Track] ID=66 | motorbike | Pos=(251, 570)
2026-05-10 21:40:22,683 - VehicleCounter - INFO - [Track] ID=38 | motorbike | Pos=(255, 268)
2026-05-10 21:40:22,683 - VehicleCounter - INFO - [Track] ID=68 | motorbike | Pos=(5, 306)
2026-05-10 21:40:22,683 - VehicleCounter - INFO - [Track] ID=65 | bus | Pos=(775, 537)
2026-05-10 21:40:22,683 - VehicleCounter - INFO - [Track] ID=69 | truck | Pos=(775, 540)
2026-05-10 21:40:23,101 - VehicleCounter - INFO - [Track] ID=40 | motorbike | Pos=(163, 259)
2026-05-10 21:40:23,101 - VehicleCounter - INFO - [Track] ID=42 | motorbike | Pos=(184, 303)
2026-05-10 21:40:23,102 - VehicleCounter - INFO - [Track] ID=35 | bus | Pos=(471, 394)
2026-05-10 21:40:23,102 - VehicleCounter - INFO - [Track] ID=45 | motorbike | Pos=(136, 305)
2026-05-10 21:40:23,103 - VehicleCounter - INFO - [Track] ID=51 | motorbike | Pos=(269, 309)
2026-05-10 21:40:23,103 - VehicleCounter - INFO - [Track] ID=53 | motorbike | Pos=(83, 299)
2026-05-10 21:40:23,103 - VehicleCounter - INFO - [Track] ID=54 | motorbike | Pos=(287, 388)
2026-05-10 21:40:23,103 - VehicleCounter - INFO - [Track] ID=56 | motorbike | Pos=(302, 433)
2026-05-10 21:40:23,103 - VehicleCounter - INFO - [Track] ID=57 | motorbike | Pos=(113, 397)
2026-05-10 21:40:23,103 - VehicleCounter - INFO - [Track] ID=61 | motorbike | Pos=(202, 290)
2026-05-10 21:40:23,103 - VehicleCounter - INFO - [Track] ID=64 | motorbike | Pos=(364, 403)
2026-05-10 21:40:23,103 - VehicleCounter - INFO - [Track] ID=66 | motorbike | Pos=(252, 562)
2026-05-10 21:40:23,103 - VehicleCounter - INFO - [Track] ID=38 | motorbike | Pos=(251, 266)
2026-05-10 21:40:23,103 - VehicleCounter - INFO - [Track] ID=68 | motorbike | Pos=(5, 302)
2026-05-10 21:40:23,105 - VehicleCounter - INFO - [Track] ID=65 | bus | Pos=(773, 535)
2026-05-10 21:40:23,105 - VehicleCounter - INFO - [Track] ID=69 | truck | Pos=(773, 536)
2026-05-10 21:40:23,509 - VehicleCounter - INFO - [Track] ID=40 | motorbike | Pos=(163, 258)
2026-05-10 21:40:23,509 - VehicleCounter - INFO - [Track] ID=42 | motorbike | Pos=(183, 302)
2026-05-10 21:40:23,509 - VehicleCounter - INFO - [Track] ID=35 | bus | Pos=(470, 394)
2026-05-10 21:40:23,509 - VehicleCounter - INFO - [Track] ID=45 | motorbike | Pos=(136, 304)
2026-05-10 21:40:23,509 - VehicleCounter - INFO - [Track] ID=51 | motorbike | Pos=(268, 309)
2026-05-10 21:40:23,509 - VehicleCounter - INFO - [Track] ID=53 | motorbike | Pos=(82, 297)
2026-05-10 21:40:23,509 - VehicleCounter - INFO - [Track] ID=54 | motorbike | Pos=(287, 385)
2026-05-10 21:40:23,509 - VehicleCounter - INFO - [Track] ID=56 | motorbike | Pos=(302, 430)
2026-05-10 21:40:23,510 - VehicleCounter - INFO - [Track] ID=57 | motorbike | Pos=(114, 395)
2026-05-10 21:40:23,510 - VehicleCounter - INFO - [Track] ID=61 | motorbike | Pos=(201, 289)
2026-05-10 21:40:23,510 - VehicleCounter - INFO - [Track] ID=64 | motorbike | Pos=(365, 400)
2026-05-10 21:40:23,510 - VehicleCounter - INFO - [Track] ID=66 | motorbike | Pos=(253, 559)
2026-05-10 21:40:23,510 - VehicleCounter - INFO - [Track] ID=38 | motorbike | Pos=(250, 266)
2026-05-10 21:40:23,510 - VehicleCounter - INFO - [Track] ID=68 | motorbike | Pos=(5, 299)
2026-05-10 21:40:23,510 - VehicleCounter - INFO - [Track] ID=65 | truck | Pos=(773, 534)
2026-05-10 21:40:23,744 - VehicleCounter - INFO - [Track] ID=40 | motorbike | Pos=(162, 257)
2026-05-10 21:40:23,745 - VehicleCounter - INFO - [Track] ID=42 | motorbike | Pos=(183, 300)
2026-05-10 21:40:23,745 - VehicleCounter - INFO - [Track] ID=35 | bus | Pos=(470, 393)
2026-05-10 21:40:23,745 - VehicleCounter - INFO - [Track] ID=45 | motorbike | Pos=(137, 303)
2026-05-10 21:40:23,745 - VehicleCounter - INFO - [Track] ID=51 | motorbike | Pos=(267, 309)
2026-05-10 21:40:23,745 - VehicleCounter - INFO - [Track] ID=53 | motorbike | Pos=(82, 296)
2026-05-10 21:40:23,745 - VehicleCounter - INFO - [Track] ID=54 | motorbike | Pos=(287, 383)
2026-05-10 21:40:23,745 - VehicleCounter - INFO - [Track] ID=56 | motorbike | Pos=(302, 428)
2026-05-10 21:40:23,745 - VehicleCounter - INFO - [Track] ID=57 | motorbike | Pos=(114, 392)
2026-05-10 21:40:23,745 - VehicleCounter - INFO - [Track] ID=61 | motorbike | Pos=(201, 288)
2026-05-10 21:40:23,745 - VehicleCounter - INFO - [Track] ID=64 | motorbike | Pos=(366, 399)
2026-05-10 21:40:23,747 - VehicleCounter - INFO - [Track] ID=66 | motorbike | Pos=(254, 557)
2026-05-10 21:40:23,747 - VehicleCounter - INFO - [Track] ID=38 | motorbike | Pos=(249, 266)
2026-05-10 21:40:23,747 - VehicleCounter - INFO - [Track] ID=68 | motorbike | Pos=(5, 298)
2026-05-10 21:40:23,747 - VehicleCounter - INFO - [Track] ID=65 | truck | Pos=(771, 534)
2026-05-10 21:40:24,168 - VehicleCounter - INFO - [Track] ID=42 | motorbike | Pos=(182, 295)
2026-05-10 21:40:24,169 - VehicleCounter - INFO - [Track] ID=35 | bus | Pos=(464, 391)
2026-05-10 21:40:24,169 - VehicleCounter - INFO - [Track] ID=45 | motorbike | Pos=(137, 298)
2026-05-10 21:40:24,169 - VehicleCounter - INFO - [Track] ID=51 | motorbike | Pos=(264, 302)
2026-05-10 21:40:24,169 - VehicleCounter - INFO - [Track] ID=53 | motorbike | Pos=(79, 289)
2026-05-10 21:40:24,169 - VehicleCounter - INFO - [Track] ID=54 | motorbike | Pos=(288, 377)
2026-05-10 21:40:24,169 - VehicleCounter - INFO - [Track] ID=56 | motorbike | Pos=(304, 418)
2026-05-10 21:40:24,170 - VehicleCounter - INFO - [Track] ID=57 | motorbike | Pos=(112, 380)
2026-05-10 21:40:24,170 - VehicleCounter - INFO - [Track] ID=64 | motorbike | Pos=(370, 391)
2026-05-10 21:40:24,170 - VehicleCounter - INFO - [Track] ID=66 | motorbike | Pos=(254, 532)
2026-05-10 21:40:24,170 - VehicleCounter - INFO - [Track] ID=68 | motorbike | Pos=(6, 292)
2026-05-10 21:40:24,170 - VehicleCounter - INFO - [Track] ID=65 | truck | Pos=(763, 524)
2026-05-10 21:40:24,171 - VehicleCounter - INFO - [Track] ID=38 | motorbike | Pos=(243, 264)
2026-05-10 21:40:24,598 - VehicleCounter - INFO - [Track] ID=42 | motorbike | Pos=(181, 292)
2026-05-10 21:40:24,598 - VehicleCounter - INFO - [Track] ID=35 | bus | Pos=(462, 388)
2026-05-10 21:40:24,598 - VehicleCounter - INFO - [Track] ID=45 | motorbike | Pos=(137, 295)
2026-05-10 21:40:24,599 - VehicleCounter - INFO - [Track] ID=51 | motorbike | Pos=(264, 300)
2026-05-10 21:40:24,599 - VehicleCounter - INFO - [Track] ID=53 | motorbike | Pos=(78, 285)
2026-05-10 21:40:24,599 - VehicleCounter - INFO - [Track] ID=54 | motorbike | Pos=(288, 374)
2026-05-10 21:40:24,599 - VehicleCounter - INFO - [Track] ID=56 | motorbike | Pos=(305, 413)
2026-05-10 21:40:24,599 - VehicleCounter - INFO - [Track] ID=57 | motorbike | Pos=(111, 377)
2026-05-10 21:40:24,599 - VehicleCounter - INFO - [Track] ID=64 | motorbike | Pos=(371, 386)
2026-05-10 21:40:24,600 - VehicleCounter - INFO - [Track] ID=66 | motorbike | Pos=(253, 520)
2026-05-10 21:40:24,600 - VehicleCounter - INFO - [Track] ID=68 | motorbike | Pos=(7, 290)
2026-05-10 21:40:24,600 - VehicleCounter - INFO - [Track] ID=65 | truck | Pos=(764, 522)
2026-05-10 21:40:24,600 - VehicleCounter - INFO - [Track] ID=38 | motorbike | Pos=(240, 261)
2026-05-10 21:40:24,600 - VehicleCounter - INFO - [Track] ID=70 | motorbike | Pos=(377, 621)
2026-05-10 21:40:25,181 - VehicleCounter - INFO - [Track] ID=42 | motorbike | Pos=(182, 288)
2026-05-10 21:40:25,181 - VehicleCounter - INFO - [Track] ID=35 | bus | Pos=(460, 386)
2026-05-10 21:40:25,182 - VehicleCounter - INFO - [Track] ID=45 | motorbike | Pos=(137, 292)
2026-05-10 21:40:25,182 - VehicleCounter - INFO - [Track] ID=51 | motorbike | Pos=(261, 297)
2026-05-10 21:40:25,182 - VehicleCounter - INFO - [Track] ID=53 | motorbike | Pos=(78, 283)
2026-05-10 21:40:25,182 - VehicleCounter - INFO - [Track] ID=54 | motorbike | Pos=(288, 370)
2026-05-10 21:40:25,182 - VehicleCounter - INFO - [Track] ID=56 | motorbike | Pos=(305, 410)
2026-05-10 21:40:25,182 - VehicleCounter - INFO - [Track] ID=57 | motorbike | Pos=(110, 372)
2026-05-10 21:40:25,183 - VehicleCounter - INFO - [Track] ID=64 | motorbike | Pos=(373, 383)
2026-05-10 21:40:25,183 - VehicleCounter - INFO - [Track] ID=66 | motorbike | Pos=(252, 510)
2026-05-10 21:40:25,183 - VehicleCounter - INFO - [Track] ID=68 | motorbike | Pos=(7, 287)
2026-05-10 21:40:25,183 - VehicleCounter - INFO - [Track] ID=65 | truck | Pos=(763, 520)
2026-05-10 21:40:25,183 - VehicleCounter - INFO - [Track] ID=38 | motorbike | Pos=(239, 261)
2026-05-10 21:40:25,183 - VehicleCounter - INFO - [Track] ID=70 | motorbike | Pos=(372, 612)
2026-05-10 21:40:25,183 - VehicleCounter - INFO - [Track] ID=40 | motorbike | Pos=(161, 247)
2026-05-10 21:40:25,183 - VehicleCounter - INFO - [Track] ID=71 | motorbike | Pos=(205, 251)
2026-05-10 21:40:25,184 - VehicleCounter - INFO - [Track] ID=72 | motorbike | Pos=(180, 622)
2026-05-10 21:40:25,583 - VehicleCounter - INFO - [Track] ID=42 | motorbike | Pos=(182, 286)
2026-05-10 21:40:25,583 - VehicleCounter - INFO - [Track] ID=35 | bus | Pos=(460, 386)
2026-05-10 21:40:25,583 - VehicleCounter - INFO - [Track] ID=45 | motorbike | Pos=(137, 290)
2026-05-10 21:40:25,585 - VehicleCounter - INFO - [Track] ID=51 | motorbike | Pos=(261, 295)
2026-05-10 21:40:25,585 - VehicleCounter - INFO - [Track] ID=53 | motorbike | Pos=(77, 282)
2026-05-10 21:40:25,585 - VehicleCounter - INFO - [Track] ID=54 | motorbike | Pos=(288, 368)
2026-05-10 21:40:25,585 - VehicleCounter - INFO - [Track] ID=56 | motorbike | Pos=(305, 407)
2026-05-10 21:40:25,585 - VehicleCounter - INFO - [Track] ID=57 | motorbike | Pos=(111, 373)
2026-05-10 21:40:25,585 - VehicleCounter - INFO - [Track] ID=64 | motorbike | Pos=(373, 383)
2026-05-10 21:40:25,585 - VehicleCounter - INFO - [Track] ID=66 | motorbike | Pos=(251, 506)
2026-05-10 21:40:25,586 - VehicleCounter - INFO - [Track] ID=68 | motorbike | Pos=(7, 286)
2026-05-10 21:40:25,586 - VehicleCounter - INFO - [Track] ID=65 | truck | Pos=(762, 520)
2026-05-10 21:40:25,586 - VehicleCounter - INFO - [Track] ID=38 | motorbike | Pos=(239, 260)
2026-05-10 21:40:25,586 - VehicleCounter - INFO - [Track] ID=70 | motorbike | Pos=(372, 609)
2026-05-10 21:40:25,586 - VehicleCounter - INFO - [Track] ID=40 | motorbike | Pos=(161, 247)
2026-05-10 21:40:25,586 - VehicleCounter - INFO - [Track] ID=71 | motorbike | Pos=(204, 250)
2026-05-10 21:40:25,586 - VehicleCounter - INFO - [Track] ID=72 | motorbike | Pos=(180, 618)
2026-05-10 21:40:25,868 - VehicleCounter - INFO - [Track] ID=42 | motorbike | Pos=(181, 284)
2026-05-10 21:40:25,869 - VehicleCounter - INFO - [Track] ID=35 | bus | Pos=(458, 385)
2026-05-10 21:40:25,869 - VehicleCounter - INFO - [Track] ID=45 | motorbike | Pos=(138, 288)
2026-05-10 21:40:25,870 - VehicleCounter - INFO - [Track] ID=51 | motorbike | Pos=(259, 294)
2026-05-10 21:40:25,870 - VehicleCounter - INFO - [Track] ID=53 | motorbike | Pos=(76, 282)
2026-05-10 21:40:25,870 - VehicleCounter - INFO - [Track] ID=54 | motorbike | Pos=(289, 364)
2026-05-10 21:40:25,870 - VehicleCounter - INFO - [Track] ID=56 | motorbike | Pos=(306, 403)
2026-05-10 21:40:25,887 - VehicleCounter - INFO - [Track] ID=57 | motorbike | Pos=(112, 369)
2026-05-10 21:40:25,888 - VehicleCounter - INFO - [Track] ID=64 | motorbike | Pos=(372, 376)
2026-05-10 21:40:25,888 - VehicleCounter - INFO - [Track] ID=66 | motorbike | Pos=(249, 494)
2026-05-10 21:40:25,890 - VehicleCounter - INFO - [Track] ID=68 | motorbike | Pos=(9, 284)
2026-05-10 21:40:25,890 - VehicleCounter - INFO - [Track] ID=65 | truck | Pos=(758, 518)
2026-05-10 21:40:25,891 - VehicleCounter - INFO - [Track] ID=38 | motorbike | Pos=(240, 259)
2026-05-10 21:40:25,891 - VehicleCounter - INFO - [Track] ID=70 | motorbike | Pos=(368, 602)
2026-05-10 21:40:25,897 - VehicleCounter - INFO - [Track] ID=40 | motorbike | Pos=(161, 245)
2026-05-10 21:40:25,897 - VehicleCounter - INFO - [Track] ID=71 | motorbike | Pos=(203, 251)
2026-05-10 21:40:25,898 - VehicleCounter - INFO - [Track] ID=72 | motorbike | Pos=(182, 608)
2026-05-10 21:40:25,898 - VehicleCounter - INFO - [Track] ID=73 | motorbike | Pos=(87, 341)
2026-05-10 21:40:25,901 - VehicleCounter - INFO - [Track] ID=74 | motorbike | Pos=(279, 260)
2026-05-10 21:40:26,225 - VehicleCounter - INFO - [Track] ID=42 | motorbike | Pos=(179, 281)
2026-05-10 21:40:26,226 - VehicleCounter - INFO - [Track] ID=35 | bus | Pos=(453, 382)
2026-05-10 21:40:26,226 - VehicleCounter - INFO - [Track] ID=45 | motorbike | Pos=(138, 286)
2026-05-10 21:40:26,226 - VehicleCounter - INFO - [Track] ID=51 | motorbike | Pos=(256, 290)
2026-05-10 21:40:26,226 - VehicleCounter - INFO - [Track] ID=54 | motorbike | Pos=(288, 361)
2026-05-10 21:40:26,227 - VehicleCounter - INFO - [Track] ID=56 | motorbike | Pos=(306, 397)
2026-05-10 21:40:26,227 - VehicleCounter - INFO - [Track] ID=57 | motorbike | Pos=(111, 363)
2026-05-10 21:40:26,227 - VehicleCounter - INFO - [Track] ID=66 | motorbike | Pos=(245, 481)
2026-05-10 21:40:26,227 - VehicleCounter - INFO - [Track] ID=68 | motorbike | Pos=(9, 281)
2026-05-10 21:40:26,227 - VehicleCounter - INFO - [Track] ID=65 | truck | Pos=(754, 515)
2026-05-10 21:40:26,227 - VehicleCounter - INFO - [Track] ID=38 | motorbike | Pos=(241, 257)
2026-05-10 21:40:26,227 - VehicleCounter - INFO - [Track] ID=70 | motorbike | Pos=(365, 594)
2026-05-10 21:40:26,228 - VehicleCounter - INFO - [Track] ID=71 | motorbike | Pos=(199, 249)
2026-05-10 21:40:26,228 - VehicleCounter - INFO - [Track] ID=72 | motorbike | Pos=(180, 599)
2026-05-10 21:40:26,228 - VehicleCounter - INFO - [Track] ID=73 | motorbike | Pos=(77, 337)
2026-05-10 21:40:26,228 - VehicleCounter - INFO - [Track] ID=75 | motorbike | Pos=(122, 221)
2026-05-10 21:40:26,228 - VehicleCounter - INFO - [Track] ID=43 | motorbike | Pos=(82, 250)
2026-05-10 21:40:26,636 - VehicleCounter - INFO - [Track] ID=42 | motorbike | Pos=(177, 280)
2026-05-10 21:40:26,636 - VehicleCounter - INFO - [Track] ID=35 | bus | Pos=(450, 379)
2026-05-10 21:40:26,636 - VehicleCounter - INFO - [Track] ID=45 | motorbike | Pos=(138, 284)
2026-05-10 21:40:26,637 - VehicleCounter - INFO - [Track] ID=51 | motorbike | Pos=(255, 287)
2026-05-10 21:40:26,637 - VehicleCounter - INFO - [Track] ID=54 | motorbike | Pos=(288, 358)
2026-05-10 21:40:26,637 - VehicleCounter - INFO - [Track] ID=56 | motorbike | Pos=(307, 394)
2026-05-10 21:40:26,637 - VehicleCounter - INFO - [Track] ID=57 | motorbike | Pos=(112, 359)
2026-05-10 21:40:26,638 - VehicleCounter - INFO - [Track] ID=66 | motorbike | Pos=(242, 472)
2026-05-10 21:40:26,638 - VehicleCounter - INFO - [Track] ID=68 | motorbike | Pos=(10, 278)
2026-05-10 21:40:26,638 - VehicleCounter - INFO - [Track] ID=65 | truck | Pos=(748, 513)
2026-05-10 21:40:26,639 - VehicleCounter - INFO - [Track] ID=38 | motorbike | Pos=(241, 255)
2026-05-10 21:40:26,639 - VehicleCounter - INFO - [Track] ID=70 | motorbike | Pos=(364, 588)
2026-05-10 21:40:26,639 - VehicleCounter - INFO - [Track] ID=71 | motorbike | Pos=(198, 246)
2026-05-10 21:40:26,639 - VehicleCounter - INFO - [Track] ID=72 | motorbike | Pos=(179, 591)
2026-05-10 21:40:26,639 - VehicleCounter - INFO - [Track] ID=73 | motorbike | Pos=(72, 335)
2026-05-10 21:40:26,639 - VehicleCounter - INFO - [Track] ID=53 | motorbike | Pos=(75, 281)
2026-05-10 21:40:27,053 - VehicleCounter - INFO - [Track] ID=42 | motorbike | Pos=(176, 278)
2026-05-10 21:40:27,053 - VehicleCounter - INFO - [Track] ID=35 | bus | Pos=(448, 376)
2026-05-10 21:40:27,053 - VehicleCounter - INFO - [Track] ID=45 | motorbike | Pos=(136, 281)
2026-05-10 21:40:27,053 - VehicleCounter - INFO - [Track] ID=51 | motorbike | Pos=(253, 285)
2026-05-10 21:40:27,053 - VehicleCounter - INFO - [Track] ID=54 | motorbike | Pos=(287, 355)
2026-05-10 21:40:27,053 - VehicleCounter - INFO - [Track] ID=56 | motorbike | Pos=(307, 390)
2026-05-10 21:40:27,053 - VehicleCounter - INFO - [Track] ID=57 | motorbike | Pos=(111, 355)
2026-05-10 21:40:27,053 - VehicleCounter - INFO - [Track] ID=66 | motorbike | Pos=(240, 462)
2026-05-10 21:40:27,054 - VehicleCounter - INFO - [Track] ID=68 | motorbike | Pos=(10, 274)
2026-05-10 21:40:27,054 - VehicleCounter - INFO - [Track] ID=65 | truck | Pos=(743, 510)
2026-05-10 21:40:27,054 - VehicleCounter - INFO - [Track] ID=70 | motorbike | Pos=(363, 583)
2026-05-10 21:40:27,054 - VehicleCounter - INFO - [Track] ID=71 | motorbike | Pos=(196, 247)
2026-05-10 21:40:27,055 - VehicleCounter - INFO - [Track] ID=72 | motorbike | Pos=(177, 584)
2026-05-10 21:40:27,055 - VehicleCounter - INFO - [Track] ID=73 | motorbike | Pos=(65, 331)
2026-05-10 21:40:27,055 - VehicleCounter - INFO - [Track] ID=53 | motorbike | Pos=(76, 276)
2026-05-10 21:40:27,055 - VehicleCounter - INFO - [Track] ID=76 | motorbike | Pos=(435, 620)
2026-05-10 21:40:27,055 - VehicleCounter - INFO - [Track] ID=75 | motorbike | Pos=(121, 218)
2026-05-10 21:40:27,055 - VehicleCounter - INFO - [Track] ID=77 | motorbike | Pos=(360, 321)
2026-05-10 21:40:27,289 - VehicleCounter - INFO - [Track] ID=42 | motorbike | Pos=(174, 276)
2026-05-10 21:40:27,289 - VehicleCounter - INFO - [Track] ID=35 | bus | Pos=(445, 375)
2026-05-10 21:40:27,289 - VehicleCounter - INFO - [Track] ID=45 | motorbike | Pos=(136, 279)
2026-05-10 21:40:27,289 - VehicleCounter - INFO - [Track] ID=51 | motorbike | Pos=(250, 283)
2026-05-10 21:40:27,290 - VehicleCounter - INFO - [Track] ID=54 | motorbike | Pos=(286, 351)
2026-05-10 21:40:27,290 - VehicleCounter - INFO - [Track] ID=56 | motorbike | Pos=(307, 386)
2026-05-10 21:40:27,290 - VehicleCounter - INFO - [Track] ID=57 | motorbike | Pos=(112, 351)
2026-05-10 21:40:27,290 - VehicleCounter - INFO - [Track] ID=66 | motorbike | Pos=(237, 454)
2026-05-10 21:40:27,290 - VehicleCounter - INFO - [Track] ID=68 | motorbike | Pos=(11, 272)
2026-05-10 21:40:27,290 - VehicleCounter - INFO - [Track] ID=65 | truck | Pos=(741, 509)
2026-05-10 21:40:27,290 - VehicleCounter - INFO - [Track] ID=70 | motorbike | Pos=(362, 578)
2026-05-10 21:40:27,291 - VehicleCounter - INFO - [Track] ID=71 | motorbike | Pos=(195, 247)
2026-05-10 21:40:27,291 - VehicleCounter - INFO - [Track] ID=72 | motorbike | Pos=(175, 577)
2026-05-10 21:40:27,291 - VehicleCounter - INFO - [Track] ID=73 | motorbike | Pos=(58, 329)
2026-05-10 21:40:27,291 - VehicleCounter - INFO - [Track] ID=53 | motorbike | Pos=(78, 274)
2026-05-10 21:40:27,291 - VehicleCounter - INFO - [Track] ID=76 | motorbike | Pos=(431, 613)
2026-05-10 21:40:27,291 - VehicleCounter - INFO - [Track] ID=77 | motorbike | Pos=(357, 319)
2026-05-10 21:40:27,291 - VehicleCounter - INFO - [Track] ID=75 | motorbike | Pos=(121, 217)
2026-05-10 21:40:27,700 - VehicleCounter - INFO - [Track] ID=42 | motorbike | Pos=(173, 275)
2026-05-10 21:40:27,700 - VehicleCounter - INFO - [Track] ID=35 | bus | Pos=(443, 372)
2026-05-10 21:40:27,701 - VehicleCounter - INFO - [Track] ID=45 | motorbike | Pos=(135, 278)
2026-05-10 21:40:27,701 - VehicleCounter - INFO - [Track] ID=51 | motorbike | Pos=(248, 281)
2026-05-10 21:40:27,701 - VehicleCounter - INFO - [Track] ID=54 | motorbike | Pos=(285, 348)
2026-05-10 21:40:27,701 - VehicleCounter - INFO - [Track] ID=56 | motorbike | Pos=(307, 382)
2026-05-10 21:40:27,701 - VehicleCounter - INFO - [Track] ID=57 | motorbike | Pos=(112, 348)
2026-05-10 21:40:27,701 - VehicleCounter - INFO - [Track] ID=66 | motorbike | Pos=(235, 447)
2026-05-10 21:40:27,701 - VehicleCounter - INFO - [Track] ID=68 | motorbike | Pos=(12, 270)
2026-05-10 21:40:27,701 - VehicleCounter - INFO - [Track] ID=65 | truck | Pos=(735, 507)
2026-05-10 21:40:27,701 - VehicleCounter - INFO - [Track] ID=70 | motorbike | Pos=(361, 571)
2026-05-10 21:40:27,701 - VehicleCounter - INFO - [Track] ID=71 | motorbike | Pos=(194, 246)
2026-05-10 21:40:27,701 - VehicleCounter - INFO - [Track] ID=72 | motorbike | Pos=(173, 570)
2026-05-10 21:40:27,703 - VehicleCounter - INFO - [Track] ID=73 | motorbike | Pos=(53, 326)
2026-05-10 21:40:27,703 - VehicleCounter - INFO - [Track] ID=53 | motorbike | Pos=(79, 272)
2026-05-10 21:40:27,703 - VehicleCounter - INFO - [Track] ID=76 | motorbike | Pos=(426, 607)
2026-05-10 21:40:27,703 - VehicleCounter - INFO - [Track] ID=77 | motorbike | Pos=(353, 316)
2026-05-10 21:40:27,703 - VehicleCounter - INFO - [Track] ID=75 | motorbike | Pos=(121, 216)
2026-05-10 21:40:27,703 - VehicleCounter - INFO - [Track] ID=74 | motorbike | Pos=(278, 263)
2026-05-10 21:40:28,108 - VehicleCounter - INFO - [Track] ID=42 | motorbike | Pos=(173, 273)
2026-05-10 21:40:28,108 - VehicleCounter - INFO - [Track] ID=35 | bus | Pos=(442, 373)
2026-05-10 21:40:28,108 - VehicleCounter - INFO - [Track] ID=45 | motorbike | Pos=(135, 277)
2026-05-10 21:40:28,108 - VehicleCounter - INFO - [Track] ID=51 | motorbike | Pos=(247, 279)
2026-05-10 21:40:28,109 - VehicleCounter - INFO - [Track] ID=54 | motorbike | Pos=(285, 347)
2026-05-10 21:40:28,109 - VehicleCounter - INFO - [Track] ID=56 | motorbike | Pos=(307, 381)
2026-05-10 21:40:28,109 - VehicleCounter - INFO - [Track] ID=57 | motorbike | Pos=(112, 346)
2026-05-10 21:40:28,109 - VehicleCounter - INFO - [Track] ID=66 | motorbike | Pos=(234, 443)
2026-05-10 21:40:28,109 - VehicleCounter - INFO - [Track] ID=68 | motorbike | Pos=(12, 269)
2026-05-10 21:40:28,109 - VehicleCounter - INFO - [Track] ID=65 | truck | Pos=(732, 506)
2026-05-10 21:40:28,109 - VehicleCounter - INFO - [Track] ID=70 | motorbike | Pos=(361, 568)
2026-05-10 21:40:28,109 - VehicleCounter - INFO - [Track] ID=71 | motorbike | Pos=(193, 245)
2026-05-10 21:40:28,109 - VehicleCounter - INFO - [Track] ID=72 | motorbike | Pos=(173, 567)
2026-05-10 21:40:28,109 - VehicleCounter - INFO - [Track] ID=73 | motorbike | Pos=(50, 324)
2026-05-10 21:40:28,109 - VehicleCounter - INFO - [Track] ID=53 | motorbike | Pos=(80, 271)
2026-05-10 21:40:28,110 - VehicleCounter - INFO - [Track] ID=76 | motorbike | Pos=(425, 605)
2026-05-10 21:40:28,110 - VehicleCounter - INFO - [Track] ID=77 | motorbike | Pos=(352, 314)
2026-05-10 21:40:28,110 - VehicleCounter - INFO - [Track] ID=74 | motorbike | Pos=(276, 262)
2026-05-10 21:40:28,516 - VehicleCounter - INFO - [Track] ID=42 | motorbike | Pos=(172, 272)
2026-05-10 21:40:28,517 - VehicleCounter - INFO - [Track] ID=35 | bus | Pos=(441, 371)
2026-05-10 21:40:28,517 - VehicleCounter - INFO - [Track] ID=45 | motorbike | Pos=(134, 276)
2026-05-10 21:40:28,517 - VehicleCounter - INFO - [Track] ID=51 | motorbike | Pos=(246, 277)
2026-05-10 21:40:28,517 - VehicleCounter - INFO - [Track] ID=54 | motorbike | Pos=(284, 345)
2026-05-10 21:40:28,518 - VehicleCounter - INFO - [Track] ID=56 | motorbike | Pos=(307, 379)
2026-05-10 21:40:28,518 - VehicleCounter - INFO - [Track] ID=57 | motorbike | Pos=(112, 344)
2026-05-10 21:40:28,518 - VehicleCounter - INFO - [Track] ID=66 | motorbike | Pos=(233, 439)
2026-05-10 21:40:28,518 - VehicleCounter - INFO - [Track] ID=68 | motorbike | Pos=(13, 268)
2026-05-10 21:40:28,518 - VehicleCounter - INFO - [Track] ID=65 | truck | Pos=(736, 505)
2026-05-10 21:40:28,518 - VehicleCounter - INFO - [Track] ID=70 | motorbike | Pos=(360, 566)
2026-05-10 21:40:28,519 - VehicleCounter - INFO - [Track] ID=72 | motorbike | Pos=(172, 564)
2026-05-10 21:40:28,519 - VehicleCounter - INFO - [Track] ID=73 | motorbike | Pos=(46, 322)
2026-05-10 21:40:28,519 - VehicleCounter - INFO - [Track] ID=53 | motorbike | Pos=(80, 269)
2026-05-10 21:40:28,519 - VehicleCounter - INFO - [Track] ID=76 | motorbike | Pos=(422, 601)
2026-05-10 21:40:28,519 - VehicleCounter - INFO - [Track] ID=77 | motorbike | Pos=(349, 312)
2026-05-10 21:40:28,755 - VehicleCounter - INFO - [Track] ID=42 | motorbike | Pos=(170, 268)
2026-05-10 21:40:28,755 - VehicleCounter - INFO - [Track] ID=35 | bus | Pos=(437, 370)
2026-05-10 21:40:28,755 - VehicleCounter - INFO - [Track] ID=45 | motorbike | Pos=(134, 271)
2026-05-10 21:40:28,755 - VehicleCounter - INFO - [Track] ID=51 | motorbike | Pos=(240, 272)
2026-05-10 21:40:28,756 - VehicleCounter - INFO - [Track] ID=54 | motorbike | Pos=(282, 339)
2026-05-10 21:40:28,756 - VehicleCounter - INFO - [Track] ID=56 | motorbike | Pos=(306, 372)
2026-05-10 21:40:28,756 - VehicleCounter - INFO - [Track] ID=57 | motorbike | Pos=(114, 337)
2026-05-10 21:40:28,756 - VehicleCounter - INFO - [Track] ID=66 | motorbike | Pos=(231, 426)
2026-05-10 21:40:28,756 - VehicleCounter - INFO - [Track] ID=68 | motorbike | Pos=(15, 264)
2026-05-10 21:40:28,756 - VehicleCounter - INFO - [Track] ID=65 | truck | Pos=(732, 502)
2026-05-10 21:40:28,756 - VehicleCounter - INFO - [Track] ID=70 | motorbike | Pos=(359, 556)
2026-05-10 21:40:28,756 - VehicleCounter - INFO - [Track] ID=72 | motorbike | Pos=(169, 549)
2026-05-10 21:40:28,757 - VehicleCounter - INFO - [Track] ID=73 | motorbike | Pos=(36, 318)
2026-05-10 21:40:28,757 - VehicleCounter - INFO - [Track] ID=53 | motorbike | Pos=(83, 262)
2026-05-10 21:40:28,757 - VehicleCounter - INFO - [Track] ID=76 | motorbike | Pos=(411, 590)
2026-05-10 21:40:28,757 - VehicleCounter - INFO - [Track] ID=77 | motorbike | Pos=(343, 308)
2026-05-10 21:40:28,757 - VehicleCounter - INFO - [Track] ID=78 | motorbike | Pos=(64, 612)
2026-05-10 21:40:28,757 - VehicleCounter - INFO - [Track] ID=71 | motorbike | Pos=(191, 242)
2026-05-10 21:40:29,172 - VehicleCounter - INFO - [Track] ID=42 | motorbike | Pos=(169, 265)
2026-05-10 21:40:29,173 - VehicleCounter - INFO - [Track] ID=35 | bus | Pos=(434, 369)
2026-05-10 21:40:29,173 - VehicleCounter - INFO - [Track] ID=45 | motorbike | Pos=(134, 269)
2026-05-10 21:40:29,173 - VehicleCounter - INFO - [Track] ID=51 | motorbike | Pos=(238, 269)
2026-05-10 21:40:29,173 - VehicleCounter - INFO - [Track] ID=54 | motorbike | Pos=(280, 337)
2026-05-10 21:40:29,173 - VehicleCounter - INFO - [Track] ID=56 | motorbike | Pos=(305, 368)
2026-05-10 21:40:29,174 - VehicleCounter - INFO - [Track] ID=57 | motorbike | Pos=(113, 334)
2026-05-10 21:40:29,174 - VehicleCounter - INFO - [Track] ID=66 | motorbike | Pos=(230, 421)
2026-05-10 21:40:29,174 - VehicleCounter - INFO - [Track] ID=68 | motorbike | Pos=(16, 262)
2026-05-10 21:40:29,174 - VehicleCounter - INFO - [Track] ID=65 | truck | Pos=(729, 500)
2026-05-10 21:40:29,174 - VehicleCounter - INFO - [Track] ID=70 | motorbike | Pos=(358, 549)
2026-05-10 21:40:29,174 - VehicleCounter - INFO - [Track] ID=72 | motorbike | Pos=(168, 538)
2026-05-10 21:40:29,174 - VehicleCounter - INFO - [Track] ID=73 | motorbike | Pos=(32, 315)
2026-05-10 21:40:29,174 - VehicleCounter - INFO - [Track] ID=53 | motorbike | Pos=(85, 260)
2026-05-10 21:40:29,174 - VehicleCounter - INFO - [Track] ID=76 | motorbike | Pos=(407, 587)
2026-05-10 21:40:29,175 - VehicleCounter - INFO - [Track] ID=77 | motorbike | Pos=(340, 307)
2026-05-10 21:40:29,175 - VehicleCounter - INFO - [Track] ID=78 | motorbike | Pos=(63, 606)
2026-05-10 21:40:29,176 - VehicleCounter - INFO - [Track] ID=79 | motorbike | Pos=(347, 607)
2026-05-10 21:40:29,176 - VehicleCounter - INFO - [Track] ID=71 | motorbike | Pos=(190, 241)
2026-05-10 21:40:29,586 - VehicleCounter - INFO - [Track] ID=42 | motorbike | Pos=(168, 265)
2026-05-10 21:40:29,586 - VehicleCounter - INFO - [Track] ID=35 | bus | Pos=(431, 367)
2026-05-10 21:40:29,586 - VehicleCounter - INFO - [Track] ID=45 | motorbike | Pos=(134, 268)
2026-05-10 21:40:29,586 - VehicleCounter - INFO - [Track] ID=51 | motorbike | Pos=(236, 268)
2026-05-10 21:40:29,586 - VehicleCounter - INFO - [Track] ID=54 | motorbike | Pos=(279, 334)
2026-05-10 21:40:29,586 - VehicleCounter - INFO - [Track] ID=56 | motorbike | Pos=(304, 364)
2026-05-10 21:40:29,586 - VehicleCounter - INFO - [Track] ID=57 | motorbike | Pos=(113, 332)
2026-05-10 21:40:29,586 - VehicleCounter - INFO - [Track] ID=66 | motorbike | Pos=(230, 415)
2026-05-10 21:40:29,588 - VehicleCounter - INFO - [Track] ID=68 | motorbike | Pos=(17, 258)
2026-05-10 21:40:29,588 - VehicleCounter - INFO - [Track] ID=70 | motorbike | Pos=(357, 538)
2026-05-10 21:40:29,588 - VehicleCounter - INFO - [Track] ID=72 | motorbike | Pos=(168, 527)
2026-05-10 21:40:29,588 - VehicleCounter - INFO - [Track] ID=73 | motorbike | Pos=(28, 312)
2026-05-10 21:40:29,588 - VehicleCounter - INFO - [Track] ID=53 | motorbike | Pos=(87, 258)
2026-05-10 21:40:29,588 - VehicleCounter - INFO - [Track] ID=76 | motorbike | Pos=(403, 582)
2026-05-10 21:40:29,588 - VehicleCounter - INFO - [Track] ID=77 | motorbike | Pos=(336, 305)
2026-05-10 21:40:29,589 - VehicleCounter - INFO - [Track] ID=78 | motorbike | Pos=(65, 598)
2026-05-10 21:40:29,589 - VehicleCounter - INFO - [Track] ID=79 | motorbike | Pos=(326, 613)
2026-05-10 21:40:29,589 - VehicleCounter - INFO - [Track] ID=65 | truck | Pos=(726, 499)
2026-05-10 21:40:29,818 - VehicleCounter - INFO - [Track] ID=42 | motorbike | Pos=(166, 262)
2026-05-10 21:40:29,819 - VehicleCounter - INFO - [Track] ID=35 | bus | Pos=(428, 365)
2026-05-10 21:40:29,819 - VehicleCounter - INFO - [Track] ID=45 | motorbike | Pos=(134, 267)
2026-05-10 21:40:29,819 - VehicleCounter - INFO - [Track] ID=51 | motorbike | Pos=(234, 266)
2026-05-10 21:40:29,819 - VehicleCounter - INFO - [Track] ID=54 | motorbike | Pos=(277, 332)
2026-05-10 21:40:29,819 - VehicleCounter - INFO - [Track] ID=56 | motorbike | Pos=(303, 362)
2026-05-10 21:40:29,819 - VehicleCounter - INFO - [Track] ID=57 | motorbike | Pos=(115, 328)
2026-05-10 21:40:29,820 - VehicleCounter - INFO - [Track] ID=66 | motorbike | Pos=(230, 410)
2026-05-10 21:40:29,820 - VehicleCounter - INFO - [Track] ID=70 | motorbike | Pos=(355, 529)
2026-05-10 21:40:29,820 - VehicleCounter - INFO - [Track] ID=72 | motorbike | Pos=(168, 518)
2026-05-10 21:40:29,820 - VehicleCounter - INFO - [Track] ID=73 | motorbike | Pos=(24, 309)
2026-05-10 21:40:29,820 - VehicleCounter - INFO - [Track] ID=53 | motorbike | Pos=(89, 256)
2026-05-10 21:40:29,820 - VehicleCounter - INFO - [Track] ID=76 | motorbike | Pos=(397, 578)
2026-05-10 21:40:29,820 - VehicleCounter - INFO - [Track] ID=77 | motorbike | Pos=(332, 304)
2026-05-10 21:40:29,820 - VehicleCounter - INFO - [Track] ID=78 | motorbike | Pos=(65, 591)
2026-05-10 21:40:29,820 - VehicleCounter - INFO - [Track] ID=79 | motorbike | Pos=(311, 606)
2026-05-10 21:40:29,820 - VehicleCounter - INFO - [Track] ID=65 | truck | Pos=(725, 496)
2026-05-10 21:40:30,233 - VehicleCounter - INFO - [Track] ID=42 | motorbike | Pos=(165, 262)
2026-05-10 21:40:30,233 - VehicleCounter - INFO - [Track] ID=35 | bus | Pos=(426, 364)
2026-05-10 21:40:30,233 - VehicleCounter - INFO - [Track] ID=45 | motorbike | Pos=(134, 266)
2026-05-10 21:40:30,233 - VehicleCounter - INFO - [Track] ID=51 | motorbike | Pos=(232, 265)
2026-05-10 21:40:30,233 - VehicleCounter - INFO - [Track] ID=54 | motorbike | Pos=(276, 330)
2026-05-10 21:40:30,234 - VehicleCounter - INFO - [Track] ID=56 | motorbike | Pos=(302, 360)
2026-05-10 21:40:30,234 - VehicleCounter - INFO - [Track] ID=57 | motorbike | Pos=(116, 326)
2026-05-10 21:40:30,235 - VehicleCounter - INFO - [Track] ID=66 | motorbike | Pos=(230, 405)
2026-05-10 21:40:30,235 - VehicleCounter - INFO - [Track] ID=70 | motorbike | Pos=(352, 522)
2026-05-10 21:40:30,235 - VehicleCounter - INFO - [Track] ID=72 | motorbike | Pos=(168, 510)
2026-05-10 21:40:30,235 - VehicleCounter - INFO - [Track] ID=73 | motorbike | Pos=(20, 308)
2026-05-10 21:40:30,235 - VehicleCounter - INFO - [Track] ID=53 | motorbike | Pos=(90, 255)
2026-05-10 21:40:30,235 - VehicleCounter - INFO - [Track] ID=76 | motorbike | Pos=(392, 575)
2026-05-10 21:40:30,235 - VehicleCounter - INFO - [Track] ID=77 | motorbike | Pos=(329, 302)
2026-05-10 21:40:30,235 - VehicleCounter - INFO - [Track] ID=78 | motorbike | Pos=(65, 586)
2026-05-10 21:40:30,235 - VehicleCounter - INFO - [Track] ID=79 | motorbike | Pos=(303, 600)
2026-05-10 21:40:30,235 - VehicleCounter - INFO - [Track] ID=65 | truck | Pos=(713, 494)
2026-05-10 21:40:30,235 - VehicleCounter - INFO - [Track] ID=68 | motorbike | Pos=(19, 256)
2026-05-10 21:40:30,655 - VehicleCounter - INFO - [Track] ID=42 | motorbike | Pos=(163, 259)
2026-05-10 21:40:30,655 - VehicleCounter - INFO - [Track] ID=35 | bus | Pos=(423, 361)
2026-05-10 21:40:30,656 - VehicleCounter - INFO - [Track] ID=45 | motorbike | Pos=(134, 264)
2026-05-10 21:40:30,656 - VehicleCounter - INFO - [Track] ID=51 | motorbike | Pos=(230, 264)
2026-05-10 21:40:30,656 - VehicleCounter - INFO - [Track] ID=54 | motorbike | Pos=(274, 326)
2026-05-10 21:40:30,656 - VehicleCounter - INFO - [Track] ID=56 | motorbike | Pos=(302, 356)
2026-05-10 21:40:30,656 - VehicleCounter - INFO - [Track] ID=57 | motorbike | Pos=(116, 323)
2026-05-10 21:40:30,656 - VehicleCounter - INFO - [Track] ID=66 | motorbike | Pos=(230, 400)
2026-05-10 21:40:30,657 - VehicleCounter - INFO - [Track] ID=70 | motorbike | Pos=(348, 514)
2026-05-10 21:40:30,657 - VehicleCounter - INFO - [Track] ID=72 | motorbike | Pos=(168, 499)
2026-05-10 21:40:30,657 - VehicleCounter - INFO - [Track] ID=73 | motorbike | Pos=(15, 305)
2026-05-10 21:40:30,657 - VehicleCounter - INFO - [Track] ID=53 | motorbike | Pos=(91, 255)
2026-05-10 21:40:30,657 - VehicleCounter - INFO - [Track] ID=76 | motorbike | Pos=(384, 569)
2026-05-10 21:40:30,657 - VehicleCounter - INFO - [Track] ID=77 | motorbike | Pos=(325, 300)
2026-05-10 21:40:30,657 - VehicleCounter - INFO - [Track] ID=78 | motorbike | Pos=(62, 578)
2026-05-10 21:40:30,657 - VehicleCounter - INFO - [Track] ID=79 | motorbike | Pos=(291, 591)
2026-05-10 21:40:30,658 - VehicleCounter - INFO - [Track] ID=65 | truck | Pos=(707, 493)
2026-05-10 21:40:30,658 - VehicleCounter - INFO - [Track] ID=68 | motorbike | Pos=(20, 255)
2026-05-10 21:40:31,077 - VehicleCounter - INFO - [Track] ID=42 | motorbike | Pos=(161, 258)
2026-05-10 21:40:31,077 - VehicleCounter - INFO - [Track] ID=35 | bus | Pos=(418, 360)
2026-05-10 21:40:31,077 - VehicleCounter - INFO - [Track] ID=45 | motorbike | Pos=(134, 260)
2026-05-10 21:40:31,077 - VehicleCounter - INFO - [Track] ID=51 | motorbike | Pos=(228, 262)
2026-05-10 21:40:31,077 - VehicleCounter - INFO - [Track] ID=54 | motorbike | Pos=(272, 323)
2026-05-10 21:40:31,077 - VehicleCounter - INFO - [Track] ID=56 | motorbike | Pos=(299, 353)
2026-05-10 21:40:31,077 - VehicleCounter - INFO - [Track] ID=57 | motorbike | Pos=(118, 320)
2026-05-10 21:40:31,077 - VehicleCounter - INFO - [Track] ID=66 | motorbike | Pos=(231, 394)
2026-05-10 21:40:31,079 - VehicleCounter - INFO - [Track] ID=70 | motorbike | Pos=(343, 502)
2026-05-10 21:40:31,079 - VehicleCounter - INFO - [Track] ID=72 | motorbike | Pos=(169, 487)
2026-05-10 21:40:31,079 - VehicleCounter - INFO - [Track] ID=73 | motorbike | Pos=(12, 303)
2026-05-10 21:40:31,079 - VehicleCounter - INFO - [Track] ID=53 | motorbike | Pos=(94, 255)
2026-05-10 21:40:31,079 - VehicleCounter - INFO - [Track] ID=76 | motorbike | Pos=(376, 565)
2026-05-10 21:40:31,079 - VehicleCounter - INFO - [Track] ID=77 | motorbike | Pos=(320, 296)
2026-05-10 21:40:31,079 - VehicleCounter - INFO - [Track] ID=78 | motorbike | Pos=(60, 571)
2026-05-10 21:40:31,079 - VehicleCounter - INFO - [Track] ID=79 | motorbike | Pos=(280, 583)
2026-05-10 21:40:31,080 - VehicleCounter - INFO - [Track] ID=65 | truck | Pos=(691, 491)
2026-05-10 21:40:31,315 - VehicleCounter - INFO - [Track] ID=42 | motorbike | Pos=(158, 255)
2026-05-10 21:40:31,315 - VehicleCounter - INFO - [Track] ID=35 | bus | Pos=(414, 356)
2026-05-10 21:40:31,315 - VehicleCounter - INFO - [Track] ID=45 | motorbike | Pos=(134, 257)
2026-05-10 21:40:31,315 - VehicleCounter - INFO - [Track] ID=51 | motorbike | Pos=(226, 260)
2026-05-10 21:40:31,316 - VehicleCounter - INFO - [Track] ID=54 | motorbike | Pos=(270, 319)
2026-05-10 21:40:31,316 - VehicleCounter - INFO - [Track] ID=56 | motorbike | Pos=(297, 349)
2026-05-10 21:40:31,316 - VehicleCounter - INFO - [Track] ID=57 | motorbike | Pos=(118, 316)
2026-05-10 21:40:31,316 - VehicleCounter - INFO - [Track] ID=66 | motorbike | Pos=(232, 387)
2026-05-10 21:40:31,316 - VehicleCounter - INFO - [Track] ID=70 | motorbike | Pos=(337, 490)
2026-05-10 21:40:31,316 - VehicleCounter - INFO - [Track] ID=72 | motorbike | Pos=(169, 475)
2026-05-10 21:40:31,316 - VehicleCounter - INFO - [Track] ID=73 | motorbike | Pos=(10, 300)
2026-05-10 21:40:31,317 - VehicleCounter - INFO - [Track] ID=53 | motorbike | Pos=(95, 253)
2026-05-10 21:40:31,317 - VehicleCounter - INFO - [Track] ID=76 | motorbike | Pos=(368, 559)
2026-05-10 21:40:31,317 - VehicleCounter - INFO - [Track] ID=77 | motorbike | Pos=(315, 294)
2026-05-10 21:40:31,317 - VehicleCounter - INFO - [Track] ID=78 | motorbike | Pos=(56, 562)
2026-05-10 21:40:31,317 - VehicleCounter - INFO - [Track] ID=79 | motorbike | Pos=(267, 575)
2026-05-10 21:40:31,318 - VehicleCounter - INFO - [Track] ID=80 | motorbike | Pos=(339, 614)
2026-05-10 21:40:31,318 - VehicleCounter - INFO - [Track] ID=68 | motorbike | Pos=(25, 250)
2026-05-10 21:40:31,741 - VehicleCounter - INFO - [Track] ID=42 | motorbike | Pos=(158, 254)
2026-05-10 21:40:31,741 - VehicleCounter - INFO - [Track] ID=35 | bus | Pos=(412, 354)
2026-05-10 21:40:31,741 - VehicleCounter - INFO - [Track] ID=45 | motorbike | Pos=(134, 257)
2026-05-10 21:40:31,742 - VehicleCounter - INFO - [Track] ID=51 | motorbike | Pos=(226, 258)
2026-05-10 21:40:31,742 - VehicleCounter - INFO - [Track] ID=54 | motorbike | Pos=(268, 317)
2026-05-10 21:40:31,742 - VehicleCounter - INFO - [Track] ID=56 | motorbike | Pos=(296, 347)
2026-05-10 21:40:31,742 - VehicleCounter - INFO - [Track] ID=57 | motorbike | Pos=(119, 314)
2026-05-10 21:40:31,742 - VehicleCounter - INFO - [Track] ID=66 | motorbike | Pos=(234, 384)
2026-05-10 21:40:31,742 - VehicleCounter - INFO - [Track] ID=70 | motorbike | Pos=(334, 485)
2026-05-10 21:40:31,742 - VehicleCounter - INFO - [Track] ID=72 | motorbike | Pos=(169, 470)
2026-05-10 21:40:31,743 - VehicleCounter - INFO - [Track] ID=73 | motorbike | Pos=(10, 298)
2026-05-10 21:40:31,743 - VehicleCounter - INFO - [Track] ID=53 | motorbike | Pos=(96, 253)
2026-05-10 21:40:31,743 - VehicleCounter - INFO - [Track] ID=76 | motorbike | Pos=(365, 556)
2026-05-10 21:40:31,743 - VehicleCounter - INFO - [Track] ID=77 | motorbike | Pos=(313, 293)
2026-05-10 21:40:31,743 - VehicleCounter - INFO - [Track] ID=78 | motorbike | Pos=(55, 559)
2026-05-10 21:40:31,743 - VehicleCounter - INFO - [Track] ID=79 | motorbike | Pos=(260, 571)
2026-05-10 21:40:31,743 - VehicleCounter - INFO - [Track] ID=80 | motorbike | Pos=(335, 611)
2026-05-10 21:40:31,743 - VehicleCounter - INFO - [Track] ID=68 | motorbike | Pos=(25, 249)
2026-05-10 21:40:31,744 - VehicleCounter - INFO - [Track] ID=65 | truck | Pos=(682, 489)
2026-05-10 21:40:32,163 - VehicleCounter - INFO - [Track] ID=42 | motorbike | Pos=(156, 252)
2026-05-10 21:40:32,163 - VehicleCounter - INFO - [Track] ID=35 | bus | Pos=(408, 352)
2026-05-10 21:40:32,163 - VehicleCounter - INFO - [Track] ID=45 | motorbike | Pos=(134, 256)
2026-05-10 21:40:32,163 - VehicleCounter - INFO - [Track] ID=51 | motorbike | Pos=(225, 256)
2026-05-10 21:40:32,163 - VehicleCounter - INFO - [Track] ID=54 | motorbike | Pos=(267, 315)
2026-05-10 21:40:32,163 - VehicleCounter - INFO - [Track] ID=56 | motorbike | Pos=(295, 343)
2026-05-10 21:40:32,164 - VehicleCounter - INFO - [Track] ID=57 | motorbike | Pos=(120, 311)
2026-05-10 21:40:32,164 - VehicleCounter - INFO - [Track] ID=66 | motorbike | Pos=(236, 379)
2026-05-10 21:40:32,164 - VehicleCounter - INFO - [Track] ID=70 | motorbike | Pos=(330, 478)
2026-05-10 21:40:32,164 - VehicleCounter - INFO - [Track] ID=72 | motorbike | Pos=(170, 461)
2026-05-10 21:40:32,164 - VehicleCounter - INFO - [Track] ID=73 | motorbike | Pos=(9, 296)
2026-05-10 21:40:32,164 - VehicleCounter - INFO - [Track] ID=53 | motorbike | Pos=(98, 251)
2026-05-10 21:40:32,165 - VehicleCounter - INFO - [Track] ID=76 | motorbike | Pos=(360, 547)
2026-05-10 21:40:32,165 - VehicleCounter - INFO - [Track] ID=77 | motorbike | Pos=(309, 292)
2026-05-10 21:40:32,165 - VehicleCounter - INFO - [Track] ID=78 | motorbike | Pos=(52, 550)
2026-05-10 21:40:32,165 - VehicleCounter - INFO - [Track] ID=79 | motorbike | Pos=(251, 565)
2026-05-10 21:40:32,165 - VehicleCounter - INFO - [Track] ID=80 | motorbike | Pos=(331, 603)
2026-05-10 21:40:32,165 - VehicleCounter - INFO - [Track] ID=68 | motorbike | Pos=(26, 247)
2026-05-10 21:40:32,165 - VehicleCounter - INFO - [Track] ID=81 | motorbike | Pos=(116, 615)
2026-05-10 21:40:32,424 - VehicleCounter - INFO - [Track] ID=42 | motorbike | Pos=(156, 250)
2026-05-10 21:40:32,426 - VehicleCounter - INFO - [Track] ID=35 | bus | Pos=(405, 351)
2026-05-10 21:40:32,426 - VehicleCounter - INFO - [Track] ID=51 | motorbike | Pos=(224, 255)
2026-05-10 21:40:32,426 - VehicleCounter - INFO - [Track] ID=54 | motorbike | Pos=(265, 314)
2026-05-10 21:40:32,427 - VehicleCounter - INFO - [Track] ID=56 | motorbike | Pos=(294, 341)
2026-05-10 21:40:32,427 - VehicleCounter - INFO - [Track] ID=57 | motorbike | Pos=(121, 309)
2026-05-10 21:40:32,430 - VehicleCounter - INFO - [Track] ID=66 | motorbike | Pos=(237, 375)
2026-05-10 21:40:32,443 - VehicleCounter - INFO - [Track] ID=70 | motorbike | Pos=(326, 473)
2026-05-10 21:40:32,443 - VehicleCounter - INFO - [Track] ID=72 | motorbike | Pos=(171, 455)
2026-05-10 21:40:32,444 - VehicleCounter - INFO - [Track] ID=73 | motorbike | Pos=(8, 294)
2026-05-10 21:40:32,444 - VehicleCounter - INFO - [Track] ID=53 | motorbike | Pos=(99, 249)
2026-05-10 21:40:32,444 - VehicleCounter - INFO - [Track] ID=76 | motorbike | Pos=(358, 540)
2026-05-10 21:40:32,445 - VehicleCounter - INFO - [Track] ID=77 | motorbike | Pos=(306, 291)
2026-05-10 21:40:32,447 - VehicleCounter - INFO - [Track] ID=78 | motorbike | Pos=(51, 542)
2026-05-10 21:40:32,447 - VehicleCounter - INFO - [Track] ID=79 | motorbike | Pos=(245, 562)
2026-05-10 21:40:32,450 - VehicleCounter - INFO - [Track] ID=80 | motorbike | Pos=(327, 598)
2026-05-10 21:40:32,451 - VehicleCounter - INFO - [Track] ID=68 | motorbike | Pos=(27, 246)
2026-05-10 21:40:32,451 - VehicleCounter - INFO - [Track] ID=81 | motorbike | Pos=(113, 610)
2026-05-10 21:40:32,817 - VehicleCounter - INFO - [Track] ID=42 | motorbike | Pos=(154, 248)
2026-05-10 21:40:32,817 - VehicleCounter - INFO - [Track] ID=35 | bus | Pos=(401, 349)
2026-05-10 21:40:32,817 - VehicleCounter - INFO - [Track] ID=51 | motorbike | Pos=(223, 252)
2026-05-10 21:40:32,817 - VehicleCounter - INFO - [Track] ID=54 | motorbike | Pos=(263, 311)
2026-05-10 21:40:32,817 - VehicleCounter - INFO - [Track] ID=56 | motorbike | Pos=(293, 337)
2026-05-10 21:40:32,818 - VehicleCounter - INFO - [Track] ID=57 | motorbike | Pos=(121, 306)
2026-05-10 21:40:32,818 - VehicleCounter - INFO - [Track] ID=66 | motorbike | Pos=(239, 370)
2026-05-10 21:40:32,818 - VehicleCounter - INFO - [Track] ID=70 | motorbike | Pos=(321, 464)
2026-05-10 21:40:32,818 - VehicleCounter - INFO - [Track] ID=72 | motorbike | Pos=(170, 445)
2026-05-10 21:40:32,818 - VehicleCounter - INFO - [Track] ID=73 | motorbike | Pos=(8, 292)
2026-05-10 21:40:32,818 - VehicleCounter - INFO - [Track] ID=53 | motorbike | Pos=(101, 247)
2026-05-10 21:40:32,818 - VehicleCounter - INFO - [Track] ID=76 | motorbike | Pos=(355, 531)
2026-05-10 21:40:32,819 - VehicleCounter - INFO - [Track] ID=78 | motorbike | Pos=(49, 528)
2026-05-10 21:40:32,819 - VehicleCounter - INFO - [Track] ID=79 | motorbike | Pos=(235, 550)
2026-05-10 21:40:32,819 - VehicleCounter - INFO - [Track] ID=80 | motorbike | Pos=(324, 592)
2026-05-10 21:40:32,819 - VehicleCounter - INFO - [Track] ID=68 | motorbike | Pos=(29, 244)
2026-05-10 21:40:32,819 - VehicleCounter - INFO - [Track] ID=81 | motorbike | Pos=(106, 603)
2026-05-10 21:40:32,819 - VehicleCounter - INFO - [Track] ID=83 | motorbike | Pos=(10, 578)
2026-05-10 21:40:32,819 - VehicleCounter - INFO - [Track] ID=65 | truck | Pos=(661, 483)
2026-05-10 21:40:33,233 - VehicleCounter - INFO - [Track] ID=42 | motorbike | Pos=(153, 247)
2026-05-10 21:40:33,233 - VehicleCounter - INFO - [Track] ID=35 | bus | Pos=(398, 347)
2026-05-10 21:40:33,233 - VehicleCounter - INFO - [Track] ID=51 | motorbike | Pos=(221, 251)
2026-05-10 21:40:33,233 - VehicleCounter - INFO - [Track] ID=54 | motorbike | Pos=(261, 308)
2026-05-10 21:40:33,233 - VehicleCounter - INFO - [Track] ID=56 | motorbike | Pos=(291, 334)
2026-05-10 21:40:33,235 - VehicleCounter - INFO - [Track] ID=57 | motorbike | Pos=(122, 304)
2026-05-10 21:40:33,235 - VehicleCounter - INFO - [Track] ID=66 | motorbike | Pos=(241, 365)
2026-05-10 21:40:33,235 - VehicleCounter - INFO - [Track] ID=70 | motorbike | Pos=(317, 457)
2026-05-10 21:40:33,235 - VehicleCounter - INFO - [Track] ID=72 | motorbike | Pos=(170, 437)
2026-05-10 21:40:33,235 - VehicleCounter - INFO - [Track] ID=73 | motorbike | Pos=(7, 287)
2026-05-10 21:40:33,235 - VehicleCounter - INFO - [Track] ID=53 | motorbike | Pos=(102, 245)
2026-05-10 21:40:33,235 - VehicleCounter - INFO - [Track] ID=76 | motorbike | Pos=(352, 522)
2026-05-10 21:40:33,235 - VehicleCounter - INFO - [Track] ID=78 | motorbike | Pos=(49, 516)
2026-05-10 21:40:33,235 - VehicleCounter - INFO - [Track] ID=79 | motorbike | Pos=(227, 537)
2026-05-10 21:40:33,235 - VehicleCounter - INFO - [Track] ID=80 | motorbike | Pos=(320, 586)
2026-05-10 21:40:33,235 - VehicleCounter - INFO - [Track] ID=68 | motorbike | Pos=(30, 243)
2026-05-10 21:40:33,236 - VehicleCounter - INFO - [Track] ID=81 | motorbike | Pos=(99, 595)
2026-05-10 21:40:33,236 - VehicleCounter - INFO - [Track] ID=83 | motorbike | Pos=(12, 570)
2026-05-10 21:40:33,236 - VehicleCounter - INFO - [Track] ID=65 | truck | Pos=(655, 480)
2026-05-10 21:40:33,822 - VehicleCounter - INFO - [Track] ID=42 | motorbike | Pos=(152, 245)
2026-05-10 21:40:33,822 - VehicleCounter - INFO - [Track] ID=35 | bus | Pos=(394, 345)
2026-05-10 21:40:33,822 - VehicleCounter - INFO - [Track] ID=51 | motorbike | Pos=(220, 248)
2026-05-10 21:40:33,822 - VehicleCounter - INFO - [Track] ID=54 | motorbike | Pos=(259, 306)
2026-05-10 21:40:33,822 - VehicleCounter - INFO - [Track] ID=56 | motorbike | Pos=(290, 331)
2026-05-10 21:40:33,822 - VehicleCounter - INFO - [Track] ID=57 | motorbike | Pos=(122, 302)
2026-05-10 21:40:33,822 - VehicleCounter - INFO - [Track] ID=66 | motorbike | Pos=(242, 361)
2026-05-10 21:40:33,822 - VehicleCounter - INFO - [Track] ID=70 | motorbike | Pos=(311, 451)
2026-05-10 21:40:33,822 - VehicleCounter - INFO - [Track] ID=72 | motorbike | Pos=(169, 430)
2026-05-10 21:40:33,823 - VehicleCounter - INFO - [Track] ID=53 | motorbike | Pos=(103, 243)
2026-05-10 21:40:33,823 - VehicleCounter - INFO - [Track] ID=76 | motorbike | Pos=(350, 515)
2026-05-10 21:40:33,823 - VehicleCounter - INFO - [Track] ID=78 | motorbike | Pos=(50, 505)
2026-05-10 21:40:33,823 - VehicleCounter - INFO - [Track] ID=79 | motorbike | Pos=(219, 525)
2026-05-10 21:40:33,823 - VehicleCounter - INFO - [Track] ID=80 | motorbike | Pos=(316, 581)
2026-05-10 21:40:33,823 - VehicleCounter - INFO - [Track] ID=68 | motorbike | Pos=(32, 240)
2026-05-10 21:40:33,823 - VehicleCounter - INFO - [Track] ID=81 | motorbike | Pos=(95, 589)
2026-05-10 21:40:33,823 - VehicleCounter - INFO - [Track] ID=83 | motorbike | Pos=(14, 557)
2026-05-10 21:40:33,823 - VehicleCounter - INFO - [Track] ID=65 | truck | Pos=(649, 478)
2026-05-10 21:40:33,824 - VehicleCounter - INFO - [Track] ID=45 | motorbike | Pos=(130, 248)
2026-05-10 21:40:33,824 - VehicleCounter - INFO - [Track] ID=71 | motorbike | Pos=(184, 230)
2026-05-10 21:40:34,241 - VehicleCounter - INFO - [Track] ID=42 | motorbike | Pos=(152, 243)
2026-05-10 21:40:34,241 - VehicleCounter - INFO - [Track] ID=35 | bus | Pos=(391, 342)
2026-05-10 21:40:34,241 - VehicleCounter - INFO - [Track] ID=51 | motorbike | Pos=(219, 246)
2026-05-10 21:40:34,241 - VehicleCounter - INFO - [Track] ID=54 | motorbike | Pos=(258, 304)
2026-05-10 21:40:34,241 - VehicleCounter - INFO - [Track] ID=56 | motorbike | Pos=(289, 328)
2026-05-10 21:40:34,242 - VehicleCounter - INFO - [Track] ID=57 | motorbike | Pos=(122, 299)
2026-05-10 21:40:34,242 - VehicleCounter - INFO - [Track] ID=66 | motorbike | Pos=(243, 357)
2026-05-10 21:40:34,242 - VehicleCounter - INFO - [Track] ID=70 | motorbike | Pos=(307, 445)
2026-05-10 21:40:34,242 - VehicleCounter - INFO - [Track] ID=72 | motorbike | Pos=(169, 425)
2026-05-10 21:40:34,242 - VehicleCounter - INFO - [Track] ID=53 | motorbike | Pos=(104, 242)
2026-05-10 21:40:34,242 - VehicleCounter - INFO - [Track] ID=76 | motorbike | Pos=(348, 508)
2026-05-10 21:40:34,242 - VehicleCounter - INFO - [Track] ID=78 | motorbike | Pos=(50, 497)
2026-05-10 21:40:34,242 - VehicleCounter - INFO - [Track] ID=79 | motorbike | Pos=(214, 516)
2026-05-10 21:40:34,242 - VehicleCounter - INFO - [Track] ID=80 | motorbike | Pos=(313, 576)
2026-05-10 21:40:34,242 - VehicleCounter - INFO - [Track] ID=68 | motorbike | Pos=(32, 239)
2026-05-10 21:40:34,243 - VehicleCounter - INFO - [Track] ID=81 | motorbike | Pos=(92, 584)
2026-05-10 21:40:34,243 - VehicleCounter - INFO - [Track] ID=83 | motorbike | Pos=(14, 551)
2026-05-10 21:40:34,243 - VehicleCounter - INFO - [Track] ID=65 | truck | Pos=(641, 476)
2026-05-10 21:40:34,243 - VehicleCounter - INFO - [Track] ID=45 | motorbike | Pos=(130, 247)
2026-05-10 21:40:34,243 - VehicleCounter - INFO - [Track] ID=84 | motorbike | Pos=(85, 220)
2026-05-10 21:40:34,243 - VehicleCounter - INFO - [Track] ID=85 | motorbike | Pos=(20, 594)
2026-05-10 21:40:34,659 - VehicleCounter - INFO - [Track] ID=42 | motorbike | Pos=(151, 241)
2026-05-10 21:40:34,660 - VehicleCounter - INFO - [Track] ID=35 | bus | Pos=(389, 340)
2026-05-10 21:40:34,660 - VehicleCounter - INFO - [Track] ID=51 | motorbike | Pos=(219, 245)
2026-05-10 21:40:34,660 - VehicleCounter - INFO - [Track] ID=54 | motorbike | Pos=(256, 302)
2026-05-10 21:40:34,660 - VehicleCounter - INFO - [Track] ID=56 | motorbike | Pos=(288, 326)
2026-05-10 21:40:34,660 - VehicleCounter - INFO - [Track] ID=57 | motorbike | Pos=(122, 298)
2026-05-10 21:40:34,660 - VehicleCounter - INFO - [Track] ID=66 | motorbike | Pos=(244, 354)
2026-05-10 21:40:34,661 - VehicleCounter - INFO - [Track] ID=70 | motorbike | Pos=(304, 441)
2026-05-10 21:40:34,661 - VehicleCounter - INFO - [Track] ID=72 | motorbike | Pos=(168, 420)
2026-05-10 21:40:34,661 - VehicleCounter - INFO - [Track] ID=53 | motorbike | Pos=(105, 241)
2026-05-10 21:40:34,661 - VehicleCounter - INFO - [Track] ID=76 | motorbike | Pos=(347, 502)
2026-05-10 21:40:34,662 - VehicleCounter - INFO - [Track] ID=78 | motorbike | Pos=(51, 490)
2026-05-10 21:40:34,662 - VehicleCounter - INFO - [Track] ID=79 | motorbike | Pos=(210, 509)
2026-05-10 21:40:34,662 - VehicleCounter - INFO - [Track] ID=80 | motorbike | Pos=(311, 571)
2026-05-10 21:40:34,662 - VehicleCounter - INFO - [Track] ID=68 | motorbike | Pos=(33, 237)
2026-05-10 21:40:34,662 - VehicleCounter - INFO - [Track] ID=81 | motorbike | Pos=(90, 580)
2026-05-10 21:40:34,662 - VehicleCounter - INFO - [Track] ID=83 | motorbike | Pos=(16, 533)
2026-05-10 21:40:34,662 - VehicleCounter - INFO - [Track] ID=45 | motorbike | Pos=(129, 247)
2026-05-10 21:40:34,663 - VehicleCounter - INFO - [Track] ID=85 | motorbike | Pos=(18, 590)
2026-05-10 21:40:34,663 - VehicleCounter - INFO - [Track] ID=73 | motorbike | Pos=(6, 284)
2026-05-10 21:40:34,925 - VehicleCounter - INFO - [Track] ID=42 | motorbike | Pos=(151, 241)
2026-05-10 21:40:34,926 - VehicleCounter - INFO - [Track] ID=35 | bus | Pos=(387, 339)
2026-05-10 21:40:34,926 - VehicleCounter - INFO - [Track] ID=51 | motorbike | Pos=(219, 245)
2026-05-10 21:40:34,927 - VehicleCounter - INFO - [Track] ID=54 | motorbike | Pos=(255, 300)
2026-05-10 21:40:34,927 - VehicleCounter - INFO - [Track] ID=56 | motorbike | Pos=(287, 325)
2026-05-10 21:40:34,927 - VehicleCounter - INFO - [Track] ID=57 | motorbike | Pos=(122, 296)
2026-05-10 21:40:34,927 - VehicleCounter - INFO - [Track] ID=66 | motorbike | Pos=(245, 352)
2026-05-10 21:40:34,930 - VehicleCounter - INFO - [Track] ID=70 | motorbike | Pos=(301, 437)
2026-05-10 21:40:34,931 - VehicleCounter - INFO - [Track] ID=72 | motorbike | Pos=(168, 416)
2026-05-10 21:40:34,931 - VehicleCounter - INFO - [Track] ID=53 | motorbike | Pos=(105, 240)
2026-05-10 21:40:34,941 - VehicleCounter - INFO - [Track] ID=76 | motorbike | Pos=(346, 497)
2026-05-10 21:40:34,944 - VehicleCounter - INFO - [Track] ID=78 | motorbike | Pos=(52, 484)
2026-05-10 21:40:34,945 - VehicleCounter - INFO - [Track] ID=79 | motorbike | Pos=(206, 503)
2026-05-10 21:40:34,945 - VehicleCounter - INFO - [Track] ID=80 | motorbike | Pos=(309, 568)
2026-05-10 21:40:34,947 - VehicleCounter - INFO - [Track] ID=68 | motorbike | Pos=(34, 236)
2026-05-10 21:40:34,947 - VehicleCounter - INFO - [Track] ID=81 | motorbike | Pos=(89, 576)
2026-05-10 21:40:34,948 - VehicleCounter - INFO - [Track] ID=83 | motorbike | Pos=(19, 529)
2026-05-10 21:40:34,949 - VehicleCounter - INFO - [Track] ID=85 | motorbike | Pos=(17, 588)
2026-05-10 21:40:34,950 - VehicleCounter - INFO - [Track] ID=86 | motorbike | Pos=(318, 316)
2026-05-10 21:40:34,951 - VehicleCounter - INFO - [Track] ID=73 | motorbike | Pos=(6, 282)
2026-05-10 21:40:34,953 - VehicleCounter - INFO - [Track] ID=71 | motorbike | Pos=(181, 227)
2026-05-10 21:40:34,954 - VehicleCounter - INFO - [Track] ID=65 | bus | Pos=(627, 476)
2026-05-10 21:40:35,322 - VehicleCounter - INFO - [Track] ID=42 | motorbike | Pos=(150, 239)
2026-05-10 21:40:35,322 - VehicleCounter - INFO - [Track] ID=35 | bus | Pos=(382, 335)
2026-05-10 21:40:35,322 - VehicleCounter - INFO - [Track] ID=51 | motorbike | Pos=(219, 243)
2026-05-10 21:40:35,322 - VehicleCounter - INFO - [Track] ID=54 | motorbike | Pos=(252, 295)
2026-05-10 21:40:35,323 - VehicleCounter - INFO - [Track] ID=56 | motorbike | Pos=(285, 322)
2026-05-10 21:40:35,323 - VehicleCounter - INFO - [Track] ID=57 | motorbike | Pos=(119, 292)
2026-05-10 21:40:35,323 - VehicleCounter - INFO - [Track] ID=66 | motorbike | Pos=(246, 347)
2026-05-10 21:40:35,323 - VehicleCounter - INFO - [Track] ID=70 | motorbike | Pos=(295, 429)
2026-05-10 21:40:35,323 - VehicleCounter - INFO - [Track] ID=72 | motorbike | Pos=(166, 409)
2026-05-10 21:40:35,323 - VehicleCounter - INFO - [Track] ID=53 | motorbike | Pos=(106, 237)
2026-05-10 21:40:35,323 - VehicleCounter - INFO - [Track] ID=76 | motorbike | Pos=(344, 486)
2026-05-10 21:40:35,323 - VehicleCounter - INFO - [Track] ID=78 | motorbike | Pos=(55, 472)
2026-05-10 21:40:35,323 - VehicleCounter - INFO - [Track] ID=79 | motorbike | Pos=(199, 490)
2026-05-10 21:40:35,324 - VehicleCounter - INFO - [Track] ID=80 | motorbike | Pos=(305, 562)
2026-05-10 21:40:35,324 - VehicleCounter - INFO - [Track] ID=81 | motorbike | Pos=(83, 569)
2026-05-10 21:40:35,324 - VehicleCounter - INFO - [Track] ID=83 | motorbike | Pos=(26, 514)
2026-05-10 21:40:35,324 - VehicleCounter - INFO - [Track] ID=85 | motorbike | Pos=(18, 576)
2026-05-10 21:40:35,324 - VehicleCounter - INFO - [Track] ID=86 | motorbike | Pos=(314, 313)
2026-05-10 21:40:35,324 - VehicleCounter - INFO - [Track] ID=73 | motorbike | Pos=(6, 277)
2026-05-10 21:40:35,325 - VehicleCounter - INFO - [Track] ID=87 | motorbike | Pos=(116, 601)
2026-05-10 21:40:35,325 - VehicleCounter - INFO - [Track] ID=68 | motorbike | Pos=(35, 234)
2026-05-10 21:40:35,735 - VehicleCounter - INFO - [Track] ID=42 | motorbike | Pos=(149, 238)
2026-05-10 21:40:35,735 - VehicleCounter - INFO - [Track] ID=35 | bus | Pos=(380, 334)
2026-05-10 21:40:35,735 - VehicleCounter - INFO - [Track] ID=51 | motorbike | Pos=(219, 242)
2026-05-10 21:40:35,736 - VehicleCounter - INFO - [Track] ID=56 | motorbike | Pos=(284, 320)
2026-05-10 21:40:35,736 - VehicleCounter - INFO - [Track] ID=57 | motorbike | Pos=(119, 291)
2026-05-10 21:40:35,736 - VehicleCounter - INFO - [Track] ID=66 | motorbike | Pos=(247, 344)
2026-05-10 21:40:35,736 - VehicleCounter - INFO - [Track] ID=70 | motorbike | Pos=(293, 426)
2026-05-10 21:40:35,736 - VehicleCounter - INFO - [Track] ID=72 | motorbike | Pos=(166, 405)
2026-05-10 21:40:35,736 - VehicleCounter - INFO - [Track] ID=53 | motorbike | Pos=(107, 235)
2026-05-10 21:40:35,736 - VehicleCounter - INFO - [Track] ID=76 | motorbike | Pos=(344, 482)
2026-05-10 21:40:35,737 - VehicleCounter - INFO - [Track] ID=78 | motorbike | Pos=(57, 465)
2026-05-10 21:40:35,737 - VehicleCounter - INFO - [Track] ID=79 | motorbike | Pos=(197, 485)
2026-05-10 21:40:35,737 - VehicleCounter - INFO - [Track] ID=80 | motorbike | Pos=(303, 559)
2026-05-10 21:40:35,737 - VehicleCounter - INFO - [Track] ID=81 | motorbike | Pos=(80, 566)
2026-05-10 21:40:35,737 - VehicleCounter - INFO - [Track] ID=83 | motorbike | Pos=(30, 508)
2026-05-10 21:40:35,737 - VehicleCounter - INFO - [Track] ID=85 | motorbike | Pos=(17, 573)
2026-05-10 21:40:35,737 - VehicleCounter - INFO - [Track] ID=86 | motorbike | Pos=(312, 312)
2026-05-10 21:40:35,737 - VehicleCounter - INFO - [Track] ID=73 | motorbike | Pos=(7, 277)
2026-05-10 21:40:35,737 - VehicleCounter - INFO - [Track] ID=87 | motorbike | Pos=(116, 596)
2026-05-10 21:40:35,737 - VehicleCounter - INFO - [Track] ID=68 | motorbike | Pos=(36, 233)
2026-05-10 21:40:35,737 - VehicleCounter - INFO - [Track] ID=65 | bus | Pos=(614, 473)
2026-05-10 21:40:35,738 - VehicleCounter - INFO - [Track] ID=45 | motorbike | Pos=(129, 241)
2026-05-10 21:40:36,162 - VehicleCounter - INFO - [Track] ID=42 | motorbike | Pos=(148, 237)
2026-05-10 21:40:36,162 - VehicleCounter - INFO - [Track] ID=35 | bus | Pos=(375, 331)
2026-05-10 21:40:36,163 - VehicleCounter - INFO - [Track] ID=51 | motorbike | Pos=(218, 240)
2026-05-10 21:40:36,164 - VehicleCounter - INFO - [Track] ID=56 | motorbike | Pos=(282, 319)
2026-05-10 21:40:36,164 - VehicleCounter - INFO - [Track] ID=57 | motorbike | Pos=(116, 289)
2026-05-10 21:40:36,164 - VehicleCounter - INFO - [Track] ID=66 | motorbike | Pos=(247, 339)
2026-05-10 21:40:36,164 - VehicleCounter - INFO - [Track] ID=70 | motorbike | Pos=(286, 419)
2026-05-10 21:40:36,164 - VehicleCounter - INFO - [Track] ID=72 | motorbike | Pos=(164, 399)
2026-05-10 21:40:36,164 - VehicleCounter - INFO - [Track] ID=53 | motorbike | Pos=(107, 234)
2026-05-10 21:40:36,165 - VehicleCounter - INFO - [Track] ID=76 | motorbike | Pos=(342, 472)
2026-05-10 21:40:36,165 - VehicleCounter - INFO - [Track] ID=78 | motorbike | Pos=(59, 453)
2026-05-10 21:40:36,165 - VehicleCounter - INFO - [Track] ID=79 | motorbike | Pos=(191, 472)
2026-05-10 21:40:36,165 - VehicleCounter - INFO - [Track] ID=80 | motorbike | Pos=(300, 546)
2026-05-10 21:40:36,165 - VehicleCounter - INFO - [Track] ID=81 | motorbike | Pos=(80, 557)
2026-05-10 21:40:36,165 - VehicleCounter - INFO - [Track] ID=83 | motorbike | Pos=(37, 497)
2026-05-10 21:40:36,165 - VehicleCounter - INFO - [Track] ID=85 | motorbike | Pos=(17, 562)
2026-05-10 21:40:36,165 - VehicleCounter - INFO - [Track] ID=86 | motorbike | Pos=(307, 308)
2026-05-10 21:40:36,165 - VehicleCounter - INFO - [Track] ID=73 | motorbike | Pos=(7, 273)
2026-05-10 21:40:36,165 - VehicleCounter - INFO - [Track] ID=87 | motorbike | Pos=(118, 587)
2026-05-10 21:40:36,165 - VehicleCounter - INFO - [Track] ID=68 | motorbike | Pos=(36, 232)
2026-05-10 21:40:36,165 - VehicleCounter - INFO - [Track] ID=65 | bus | Pos=(605, 471)
2026-05-10 21:40:36,166 - VehicleCounter - INFO - [Track] ID=45 | motorbike | Pos=(129, 240)
2026-05-10 21:40:36,518 - VehicleCounter - INFO - [Track] ID=42 | motorbike | Pos=(148, 236)
2026-05-10 21:40:36,518 - VehicleCounter - INFO - [Track] ID=35 | bus | Pos=(374, 329)
2026-05-10 21:40:36,518 - VehicleCounter - INFO - [Track] ID=51 | motorbike | Pos=(218, 238)
2026-05-10 21:40:36,543 - VehicleCounter - INFO - [Track] ID=56 | motorbike | Pos=(282, 316)
2026-05-10 21:40:36,543 - VehicleCounter - INFO - [Track] ID=57 | motorbike | Pos=(116, 287)
2026-05-10 21:40:36,546 - VehicleCounter - INFO - [Track] ID=66 | motorbike | Pos=(248, 336)
2026-05-10 21:40:36,546 - VehicleCounter - INFO - [Track] ID=70 | motorbike | Pos=(281, 414)
2026-05-10 21:40:36,548 - VehicleCounter - INFO - [Track] ID=72 | motorbike | Pos=(164, 394)
2026-05-10 21:40:36,552 - VehicleCounter - INFO - [Track] ID=76 | motorbike | Pos=(342, 466)
2026-05-10 21:40:36,552 - VehicleCounter - INFO - [Track] ID=78 | motorbike | Pos=(64, 447)
2026-05-10 21:40:36,553 - VehicleCounter - INFO - [Track] ID=79 | motorbike | Pos=(189, 464)
2026-05-10 21:40:36,553 - VehicleCounter - INFO - [Track] ID=80 | motorbike | Pos=(299, 539)
2026-05-10 21:40:36,553 - VehicleCounter - INFO - [Track] ID=81 | motorbike | Pos=(81, 546)
2026-05-10 21:40:36,554 - VehicleCounter - INFO - [Track] ID=83 | motorbike | Pos=(41, 487)
2026-05-10 21:40:36,554 - VehicleCounter - INFO - [Track] ID=85 | motorbike | Pos=(17, 551)
2026-05-10 21:40:36,554 - VehicleCounter - INFO - [Track] ID=86 | motorbike | Pos=(305, 306)
2026-05-10 21:40:36,555 - VehicleCounter - INFO - [Track] ID=73 | motorbike | Pos=(8, 271)
2026-05-10 21:40:36,555 - VehicleCounter - INFO - [Track] ID=87 | motorbike | Pos=(116, 583)
2026-05-10 21:40:36,555 - VehicleCounter - INFO - [Track] ID=68 | motorbike | Pos=(37, 231)
2026-05-10 21:40:36,559 - VehicleCounter - INFO - [Track] ID=65 | bus | Pos=(599, 469)
2026-05-10 21:40:36,559 - VehicleCounter - INFO - [Track] ID=88 | motorbike | Pos=(378, 619)
2026-05-10 21:40:36,560 - VehicleCounter - INFO - [Track] ID=53 | motorbike | Pos=(110, 234)
2026-05-10 21:40:36,845 - VehicleCounter - INFO - [Track] ID=42 | motorbike | Pos=(147, 235)
2026-05-10 21:40:36,847 - VehicleCounter - INFO - [Track] ID=35 | bus | Pos=(370, 329)
2026-05-10 21:40:36,847 - VehicleCounter - INFO - [Track] ID=51 | motorbike | Pos=(218, 236)
2026-05-10 21:40:36,847 - VehicleCounter - INFO - [Track] ID=56 | motorbike | Pos=(281, 312)
2026-05-10 21:40:36,847 - VehicleCounter - INFO - [Track] ID=57 | motorbike | Pos=(114, 285)
2026-05-10 21:40:36,847 - VehicleCounter - INFO - [Track] ID=66 | motorbike | Pos=(247, 334)
2026-05-10 21:40:36,848 - VehicleCounter - INFO - [Track] ID=70 | motorbike | Pos=(278, 409)
2026-05-10 21:40:36,848 - VehicleCounter - INFO - [Track] ID=72 | motorbike | Pos=(163, 389)
2026-05-10 21:40:36,849 - VehicleCounter - INFO - [Track] ID=76 | motorbike | Pos=(342, 459)
2026-05-10 21:40:36,849 - VehicleCounter - INFO - [Track] ID=79 | motorbike | Pos=(187, 457)
2026-05-10 21:40:36,849 - VehicleCounter - INFO - [Track] ID=80 | motorbike | Pos=(297, 531)
2026-05-10 21:40:36,849 - VehicleCounter - INFO - [Track] ID=81 | motorbike | Pos=(81, 530)
2026-05-10 21:40:36,849 - VehicleCounter - INFO - [Track] ID=83 | motorbike | Pos=(47, 476)
2026-05-10 21:40:36,849 - VehicleCounter - INFO - [Track] ID=85 | motorbike | Pos=(17, 539)
2026-05-10 21:40:36,850 - VehicleCounter - INFO - [Track] ID=73 | motorbike | Pos=(8, 270)
2026-05-10 21:40:36,850 - VehicleCounter - INFO - [Track] ID=87 | motorbike | Pos=(119, 576)
2026-05-10 21:40:36,850 - VehicleCounter - INFO - [Track] ID=68 | motorbike | Pos=(37, 230)
2026-05-10 21:40:36,850 - VehicleCounter - INFO - [Track] ID=65 | bus | Pos=(597, 465)
2026-05-10 21:40:36,850 - VehicleCounter - INFO - [Track] ID=88 | motorbike | Pos=(355, 609)
2026-05-10 21:40:36,850 - VehicleCounter - INFO - [Track] ID=89 | motorbike | Pos=(62, 593)
2026-05-10 21:40:36,850 - VehicleCounter - INFO - [Track] ID=90 | motorbike | Pos=(510, 612)
2026-05-10 21:40:37,289 - VehicleCounter - INFO - [Track] ID=42 | motorbike | Pos=(147, 235)
2026-05-10 21:40:37,289 - VehicleCounter - INFO - [Track] ID=35 | bus | Pos=(368, 328)
2026-05-10 21:40:37,289 - VehicleCounter - INFO - [Track] ID=51 | motorbike | Pos=(218, 235)
2026-05-10 21:40:37,289 - VehicleCounter - INFO - [Track] ID=56 | motorbike | Pos=(280, 310)
2026-05-10 21:40:37,289 - VehicleCounter - INFO - [Track] ID=57 | motorbike | Pos=(114, 284)
2026-05-10 21:40:37,290 - VehicleCounter - INFO - [Track] ID=66 | motorbike | Pos=(247, 331)
2026-05-10 21:40:37,290 - VehicleCounter - INFO - [Track] ID=70 | motorbike | Pos=(276, 407)
2026-05-10 21:40:37,290 - VehicleCounter - INFO - [Track] ID=72 | motorbike | Pos=(163, 385)
2026-05-10 21:40:37,290 - VehicleCounter - INFO - [Track] ID=76 | motorbike | Pos=(342, 457)
2026-05-10 21:40:37,290 - VehicleCounter - INFO - [Track] ID=79 | motorbike | Pos=(185, 452)
2026-05-10 21:40:37,290 - VehicleCounter - INFO - [Track] ID=80 | motorbike | Pos=(296, 524)
2026-05-10 21:40:37,291 - VehicleCounter - INFO - [Track] ID=81 | motorbike | Pos=(82, 527)
2026-05-10 21:40:37,291 - VehicleCounter - INFO - [Track] ID=83 | motorbike | Pos=(50, 472)
2026-05-10 21:40:37,291 - VehicleCounter - INFO - [Track] ID=85 | motorbike | Pos=(18, 531)
2026-05-10 21:40:37,291 - VehicleCounter - INFO - [Track] ID=73 | motorbike | Pos=(8, 268)
2026-05-10 21:40:37,291 - VehicleCounter - INFO - [Track] ID=87 | motorbike | Pos=(118, 572)
2026-05-10 21:40:37,291 - VehicleCounter - INFO - [Track] ID=65 | bus | Pos=(595, 463)
2026-05-10 21:40:37,291 - VehicleCounter - INFO - [Track] ID=88 | motorbike | Pos=(337, 603)
2026-05-10 21:40:37,291 - VehicleCounter - INFO - [Track] ID=89 | motorbike | Pos=(56, 589)
2026-05-10 21:40:37,291 - VehicleCounter - INFO - [Track] ID=90 | motorbike | Pos=(503, 606)
2026-05-10 21:40:37,291 - VehicleCounter - INFO - [Track] ID=54 | motorbike | Pos=(241, 284)
2026-05-10 21:40:37,707 - VehicleCounter - INFO - [Track] ID=42 | motorbike | Pos=(147, 233)
2026-05-10 21:40:37,707 - VehicleCounter - INFO - [Track] ID=35 | bus | Pos=(364, 325)
2026-05-10 21:40:37,707 - VehicleCounter - INFO - [Track] ID=56 | motorbike | Pos=(279, 308)
2026-05-10 21:40:37,708 - VehicleCounter - INFO - [Track] ID=57 | motorbike | Pos=(113, 282)
2026-05-10 21:40:37,708 - VehicleCounter - INFO - [Track] ID=66 | motorbike | Pos=(247, 328)
2026-05-10 21:40:37,708 - VehicleCounter - INFO - [Track] ID=70 | motorbike | Pos=(272, 403)
2026-05-10 21:40:37,709 - VehicleCounter - INFO - [Track] ID=72 | motorbike | Pos=(163, 380)
2026-05-10 21:40:37,709 - VehicleCounter - INFO - [Track] ID=76 | motorbike | Pos=(341, 450)
2026-05-10 21:40:37,709 - VehicleCounter - INFO - [Track] ID=79 | motorbike | Pos=(184, 443)
2026-05-10 21:40:37,709 - VehicleCounter - INFO - [Track] ID=80 | motorbike | Pos=(296, 515)
2026-05-10 21:40:37,709 - VehicleCounter - INFO - [Track] ID=81 | motorbike | Pos=(84, 521)
2026-05-10 21:40:37,709 - VehicleCounter - INFO - [Track] ID=85 | motorbike | Pos=(22, 519)
2026-05-10 21:40:37,710 - VehicleCounter - INFO - [Track] ID=73 | motorbike | Pos=(9, 266)
2026-05-10 21:40:37,710 - VehicleCounter - INFO - [Track] ID=87 | motorbike | Pos=(118, 566)
2026-05-10 21:40:37,710 - VehicleCounter - INFO - [Track] ID=65 | bus | Pos=(589, 459)
2026-05-10 21:40:37,710 - VehicleCounter - INFO - [Track] ID=88 | motorbike | Pos=(315, 595)
2026-05-10 21:40:37,710 - VehicleCounter - INFO - [Track] ID=89 | motorbike | Pos=(47, 582)
2026-05-10 21:40:37,710 - VehicleCounter - INFO - [Track] ID=90 | motorbike | Pos=(488, 597)
2026-05-10 21:40:37,710 - VehicleCounter - INFO - [Track] ID=77 | motorbike | Pos=(259, 270)
2026-05-10 21:40:37,711 - VehicleCounter - INFO - [Track] ID=54 | motorbike | Pos=(239, 283)
2026-05-10 21:40:37,711 - VehicleCounter - INFO - [Track] ID=83 | motorbike | Pos=(55, 459)
2026-05-10 21:40:38,121 - VehicleCounter - INFO - [Track] ID=42 | motorbike | Pos=(148, 230)
2026-05-10 21:40:38,121 - VehicleCounter - INFO - [Track] ID=35 | bus | Pos=(360, 322)
2026-05-10 21:40:38,121 - VehicleCounter - INFO - [Track] ID=56 | motorbike | Pos=(278, 308)
2026-05-10 21:40:38,121 - VehicleCounter - INFO - [Track] ID=57 | motorbike | Pos=(112, 277)
2026-05-10 21:40:38,122 - VehicleCounter - INFO - [Track] ID=66 | motorbike | Pos=(246, 324)
2026-05-10 21:40:38,122 - VehicleCounter - INFO - [Track] ID=70 | motorbike | Pos=(268, 396)
2026-05-10 21:40:38,122 - VehicleCounter - INFO - [Track] ID=72 | motorbike | Pos=(163, 374)
2026-05-10 21:40:38,122 - VehicleCounter - INFO - [Track] ID=76 | motorbike | Pos=(340, 442)
2026-05-10 21:40:38,122 - VehicleCounter - INFO - [Track] ID=79 | motorbike | Pos=(183, 433)
2026-05-10 21:40:38,122 - VehicleCounter - INFO - [Track] ID=80 | motorbike | Pos=(295, 498)
2026-05-10 21:40:38,122 - VehicleCounter - INFO - [Track] ID=81 | motorbike | Pos=(86, 509)
2026-05-10 21:40:38,124 - VehicleCounter - INFO - [Track] ID=85 | motorbike | Pos=(27, 491)
2026-05-10 21:40:38,124 - VehicleCounter - INFO - [Track] ID=73 | motorbike | Pos=(10, 263)
2026-05-10 21:40:38,124 - VehicleCounter - INFO - [Track] ID=87 | motorbike | Pos=(118, 556)
2026-05-10 21:40:38,124 - VehicleCounter - INFO - [Track] ID=65 | bus | Pos=(582, 455)
2026-05-10 21:40:38,124 - VehicleCounter - INFO - [Track] ID=88 | motorbike | Pos=(285, 584)
2026-05-10 21:40:38,124 - VehicleCounter - INFO - [Track] ID=89 | motorbike | Pos=(35, 570)
2026-05-10 21:40:38,125 - VehicleCounter - INFO - [Track] ID=90 | motorbike | Pos=(473, 587)
2026-05-10 21:40:38,125 - VehicleCounter - INFO - [Track] ID=54 | motorbike | Pos=(236, 282)
2026-05-10 21:40:38,125 - VehicleCounter - INFO - [Track] ID=83 | motorbike | Pos=(62, 451)
2026-05-10 21:40:38,357 - VehicleCounter - INFO - [Track] ID=35 | bus | Pos=(359, 321)
2026-05-10 21:40:38,357 - VehicleCounter - INFO - [Track] ID=56 | motorbike | Pos=(278, 306)
2026-05-10 21:40:38,357 - VehicleCounter - INFO - [Track] ID=57 | motorbike | Pos=(112, 278)
2026-05-10 21:40:38,357 - VehicleCounter - INFO - [Track] ID=66 | motorbike | Pos=(246, 323)
2026-05-10 21:40:38,358 - VehicleCounter - INFO - [Track] ID=70 | motorbike | Pos=(265, 394)
2026-05-10 21:40:38,358 - VehicleCounter - INFO - [Track] ID=72 | motorbike | Pos=(163, 371)
2026-05-10 21:40:38,358 - VehicleCounter - INFO - [Track] ID=76 | motorbike | Pos=(339, 437)
2026-05-10 21:40:38,358 - VehicleCounter - INFO - [Track] ID=79 | motorbike | Pos=(183, 429)
2026-05-10 21:40:38,358 - VehicleCounter - INFO - [Track] ID=80 | motorbike | Pos=(295, 497)
2026-05-10 21:40:38,359 - VehicleCounter - INFO - [Track] ID=81 | motorbike | Pos=(87, 504)
2026-05-10 21:40:38,359 - VehicleCounter - INFO - [Track] ID=85 | motorbike | Pos=(31, 482)
2026-05-10 21:40:38,360 - VehicleCounter - INFO - [Track] ID=73 | motorbike | Pos=(11, 262)
2026-05-10 21:40:38,360 - VehicleCounter - INFO - [Track] ID=87 | motorbike | Pos=(120, 549)
2026-05-10 21:40:38,360 - VehicleCounter - INFO - [Track] ID=65 | bus | Pos=(580, 454)
2026-05-10 21:40:38,360 - VehicleCounter - INFO - [Track] ID=88 | motorbike | Pos=(274, 581)
2026-05-10 21:40:38,360 - VehicleCounter - INFO - [Track] ID=89 | motorbike | Pos=(31, 566)
2026-05-10 21:40:38,360 - VehicleCounter - INFO - [Track] ID=90 | motorbike | Pos=(467, 585)
2026-05-10 21:40:38,360 - VehicleCounter - INFO - [Track] ID=54 | motorbike | Pos=(234, 284)
2026-05-10 21:40:38,360 - VehicleCounter - INFO - [Track] ID=83 | motorbike | Pos=(66, 443)
2026-05-10 21:40:38,773 - VehicleCounter - INFO - [Track] ID=35 | bus | Pos=(356, 319)
2026-05-10 21:40:38,773 - VehicleCounter - INFO - [Track] ID=56 | motorbike | Pos=(277, 304)
2026-05-10 21:40:38,774 - VehicleCounter - INFO - [Track] ID=57 | motorbike | Pos=(111, 278)
2026-05-10 21:40:38,774 - VehicleCounter - INFO - [Track] ID=66 | motorbike | Pos=(244, 319)
2026-05-10 21:40:38,774 - VehicleCounter - INFO - [Track] ID=70 | motorbike | Pos=(263, 391)
2026-05-10 21:40:38,774 - VehicleCounter - INFO - [Track] ID=72 | motorbike | Pos=(162, 367)
2026-05-10 21:40:38,774 - VehicleCounter - INFO - [Track] ID=76 | motorbike | Pos=(338, 433)
2026-05-10 21:40:38,774 - VehicleCounter - INFO - [Track] ID=79 | motorbike | Pos=(183, 423)
2026-05-10 21:40:38,774 - VehicleCounter - INFO - [Track] ID=80 | motorbike | Pos=(295, 494)
2026-05-10 21:40:38,774 - VehicleCounter - INFO - [Track] ID=81 | motorbike | Pos=(88, 497)
2026-05-10 21:40:38,774 - VehicleCounter - INFO - [Track] ID=85 | motorbike | Pos=(35, 477)
2026-05-10 21:40:38,775 - VehicleCounter - INFO - [Track] ID=73 | motorbike | Pos=(11, 262)
2026-05-10 21:40:38,775 - VehicleCounter - INFO - [Track] ID=87 | motorbike | Pos=(120, 538)
2026-05-10 21:40:38,775 - VehicleCounter - INFO - [Track] ID=65 | bus | Pos=(573, 450)
2026-05-10 21:40:38,776 - VehicleCounter - INFO - [Track] ID=88 | motorbike | Pos=(263, 574)
2026-05-10 21:40:38,776 - VehicleCounter - INFO - [Track] ID=89 | motorbike | Pos=(26, 559)
2026-05-10 21:40:38,776 - VehicleCounter - INFO - [Track] ID=90 | motorbike | Pos=(458, 580)
2026-05-10 21:40:38,776 - VehicleCounter - INFO - [Track] ID=54 | motorbike | Pos=(232, 281)
2026-05-10 21:40:38,776 - VehicleCounter - INFO - [Track] ID=83 | motorbike | Pos=(68, 439)
2026-05-10 21:40:39,186 - VehicleCounter - INFO - [Track] ID=35 | bus | Pos=(351, 318)
2026-05-10 21:40:39,186 - VehicleCounter - INFO - [Track] ID=56 | motorbike | Pos=(275, 301)
2026-05-10 21:40:39,186 - VehicleCounter - INFO - [Track] ID=57 | motorbike | Pos=(111, 274)
2026-05-10 21:40:39,187 - VehicleCounter - INFO - [Track] ID=66 | motorbike | Pos=(242, 314)
2026-05-10 21:40:39,187 - VehicleCounter - INFO - [Track] ID=70 | motorbike | Pos=(260, 386)
2026-05-10 21:40:39,187 - VehicleCounter - INFO - [Track] ID=72 | motorbike | Pos=(161, 361)
2026-05-10 21:40:39,187 - VehicleCounter - INFO - [Track] ID=76 | motorbike | Pos=(335, 426)
2026-05-10 21:40:39,187 - VehicleCounter - INFO - [Track] ID=79 | motorbike | Pos=(182, 413)
2026-05-10 21:40:39,187 - VehicleCounter - INFO - [Track] ID=80 | motorbike | Pos=(295, 484)
2026-05-10 21:40:39,188 - VehicleCounter - INFO - [Track] ID=81 | motorbike | Pos=(92, 486)
2026-05-10 21:40:39,188 - VehicleCounter - INFO - [Track] ID=85 | motorbike | Pos=(43, 478)
2026-05-10 21:40:39,188 - VehicleCounter - INFO - [Track] ID=73 | motorbike | Pos=(12, 258)
2026-05-10 21:40:39,188 - VehicleCounter - INFO - [Track] ID=87 | motorbike | Pos=(120, 524)
2026-05-10 21:40:39,188 - VehicleCounter - INFO - [Track] ID=65 | bus | Pos=(565, 446)
2026-05-10 21:40:39,188 - VehicleCounter - INFO - [Track] ID=88 | motorbike | Pos=(251, 569)
2026-05-10 21:40:39,188 - VehicleCounter - INFO - [Track] ID=89 | motorbike | Pos=(21, 546)
2026-05-10 21:40:39,189 - VehicleCounter - INFO - [Track] ID=90 | motorbike | Pos=(445, 572)
2026-05-10 21:40:39,189 - VehicleCounter - INFO - [Track] ID=83 | motorbike | Pos=(74, 429)
2026-05-10 21:40:39,423 - VehicleCounter - INFO - [Track] ID=35 | bus | Pos=(348, 317)
2026-05-10 21:40:39,423 - VehicleCounter - INFO - [Track] ID=56 | motorbike | Pos=(275, 300)
2026-05-10 21:40:39,423 - VehicleCounter - INFO - [Track] ID=57 | motorbike | Pos=(112, 273)
2026-05-10 21:40:39,423 - VehicleCounter - INFO - [Track] ID=66 | motorbike | Pos=(240, 313)
2026-05-10 21:40:39,423 - VehicleCounter - INFO - [Track] ID=70 | motorbike | Pos=(258, 384)
2026-05-10 21:40:39,424 - VehicleCounter - INFO - [Track] ID=72 | motorbike | Pos=(161, 357)
2026-05-10 21:40:39,424 - VehicleCounter - INFO - [Track] ID=76 | motorbike | Pos=(334, 422)
2026-05-10 21:40:39,424 - VehicleCounter - INFO - [Track] ID=79 | motorbike | Pos=(182, 410)
2026-05-10 21:40:39,424 - VehicleCounter - INFO - [Track] ID=80 | motorbike | Pos=(295, 479)
2026-05-10 21:40:39,424 - VehicleCounter - INFO - [Track] ID=81 | motorbike | Pos=(94, 480)
2026-05-10 21:40:39,424 - VehicleCounter - INFO - [Track] ID=85 | motorbike | Pos=(46, 475)
2026-05-10 21:40:39,424 - VehicleCounter - INFO - [Track] ID=73 | motorbike | Pos=(12, 256)
2026-05-10 21:40:39,424 - VehicleCounter - INFO - [Track] ID=87 | motorbike | Pos=(121, 517)
2026-05-10 21:40:39,425 - VehicleCounter - INFO - [Track] ID=65 | bus | Pos=(563, 445)
2026-05-10 21:40:39,425 - VehicleCounter - INFO - [Track] ID=88 | motorbike | Pos=(246, 562)
2026-05-10 21:40:39,425 - VehicleCounter - INFO - [Track] ID=89 | motorbike | Pos=(20, 536)
2026-05-10 21:40:39,425 - VehicleCounter - INFO - [Track] ID=90 | motorbike | Pos=(439, 569)
2026-05-10 21:40:39,425 - VehicleCounter - INFO - [Track] ID=83 | motorbike | Pos=(78, 426)
2026-05-10 21:40:39,839 - VehicleCounter - INFO - [Track] ID=35 | bus | Pos=(346, 315)
2026-05-10 21:40:39,839 - VehicleCounter - INFO - [Track] ID=56 | motorbike | Pos=(274, 297)
2026-05-10 21:40:39,839 - VehicleCounter - INFO - [Track] ID=57 | motorbike | Pos=(112, 271)
2026-05-10 21:40:39,840 - VehicleCounter - INFO - [Track] ID=66 | motorbike | Pos=(238, 310)
2026-05-10 21:40:39,840 - VehicleCounter - INFO - [Track] ID=70 | motorbike | Pos=(256, 380)
2026-05-10 21:40:39,840 - VehicleCounter - INFO - [Track] ID=72 | motorbike | Pos=(161, 352)
2026-05-10 21:40:39,841 - VehicleCounter - INFO - [Track] ID=76 | motorbike | Pos=(331, 418)
2026-05-10 21:40:39,841 - VehicleCounter - INFO - [Track] ID=79 | motorbike | Pos=(180, 405)
2026-05-10 21:40:39,841 - VehicleCounter - INFO - [Track] ID=80 | motorbike | Pos=(296, 473)
2026-05-10 21:40:39,841 - VehicleCounter - INFO - [Track] ID=85 | motorbike | Pos=(51, 467)
2026-05-10 21:40:39,841 - VehicleCounter - INFO - [Track] ID=73 | motorbike | Pos=(13, 255)
2026-05-10 21:40:39,841 - VehicleCounter - INFO - [Track] ID=87 | motorbike | Pos=(123, 506)
2026-05-10 21:40:39,841 - VehicleCounter - INFO - [Track] ID=65 | bus | Pos=(561, 442)
2026-05-10 21:40:39,841 - VehicleCounter - INFO - [Track] ID=88 | motorbike | Pos=(238, 558)
2026-05-10 21:40:39,842 - VehicleCounter - INFO - [Track] ID=89 | motorbike | Pos=(19, 523)
2026-05-10 21:40:39,842 - VehicleCounter - INFO - [Track] ID=90 | motorbike | Pos=(429, 563)
2026-05-10 21:40:39,842 - VehicleCounter - INFO - [Track] ID=83 | motorbike | Pos=(84, 419)
2026-05-10 21:40:39,842 - VehicleCounter - INFO - [Track] ID=91 | motorbike | Pos=(68, 385)
2026-05-10 21:40:40,261 - VehicleCounter - INFO - [Track] ID=35 | bus | Pos=(343, 312)
2026-05-10 21:40:40,261 - VehicleCounter - INFO - [Track] ID=56 | motorbike | Pos=(274, 296)
2026-05-10 21:40:40,262 - VehicleCounter - INFO - [Track] ID=57 | motorbike | Pos=(112, 269)
2026-05-10 21:40:40,262 - VehicleCounter - INFO - [Track] ID=66 | motorbike | Pos=(236, 307)
2026-05-10 21:40:40,262 - VehicleCounter - INFO - [Track] ID=70 | motorbike | Pos=(255, 375)
2026-05-10 21:40:40,262 - VehicleCounter - INFO - [Track] ID=72 | motorbike | Pos=(161, 348)
2026-05-10 21:40:40,262 - VehicleCounter - INFO - [Track] ID=76 | motorbike | Pos=(330, 413)
2026-05-10 21:40:40,262 - VehicleCounter - INFO - [Track] ID=79 | motorbike | Pos=(179, 399)
2026-05-10 21:40:40,262 - VehicleCounter - INFO - [Track] ID=80 | motorbike | Pos=(296, 465)
2026-05-10 21:40:40,263 - VehicleCounter - INFO - [Track] ID=85 | motorbike | Pos=(57, 458)
2026-05-10 21:40:40,263 - VehicleCounter - INFO - [Track] ID=73 | motorbike | Pos=(13, 254)
2026-05-10 21:40:40,263 - VehicleCounter - INFO - [Track] ID=87 | motorbike | Pos=(126, 495)
2026-05-10 21:40:40,263 - VehicleCounter - INFO - [Track] ID=65 | bus | Pos=(555, 439)
2026-05-10 21:40:40,263 - VehicleCounter - INFO - [Track] ID=88 | motorbike | Pos=(240, 558)
2026-05-10 21:40:40,263 - VehicleCounter - INFO - [Track] ID=89 | motorbike | Pos=(18, 509)
2026-05-10 21:40:40,263 - VehicleCounter - INFO - [Track] ID=90 | motorbike | Pos=(418, 559)
2026-05-10 21:40:40,263 - VehicleCounter - INFO - [Track] ID=83 | motorbike | Pos=(87, 413)
2026-05-10 21:40:40,264 - VehicleCounter - INFO - [Track] ID=91 | motorbike | Pos=(70, 379)
2026-05-10 21:40:40,264 - VehicleCounter - INFO - [Track] ID=92 | motorbike | Pos=(214, 532)
2026-05-10 21:40:40,660 - VehicleCounter - INFO - [Track] ID=35 | bus | Pos=(340, 311)
2026-05-10 21:40:40,660 - VehicleCounter - INFO - [Track] ID=56 | motorbike | Pos=(273, 292)
2026-05-10 21:40:40,662 - VehicleCounter - INFO - [Track] ID=57 | motorbike | Pos=(113, 267)
2026-05-10 21:40:40,662 - VehicleCounter - INFO - [Track] ID=66 | motorbike | Pos=(234, 305)
2026-05-10 21:40:40,662 - VehicleCounter - INFO - [Track] ID=70 | motorbike | Pos=(254, 373)
2026-05-10 21:40:40,662 - VehicleCounter - INFO - [Track] ID=72 | motorbike | Pos=(162, 344)
2026-05-10 21:40:40,662 - VehicleCounter - INFO - [Track] ID=76 | motorbike | Pos=(329, 409)
2026-05-10 21:40:40,663 - VehicleCounter - INFO - [Track] ID=79 | motorbike | Pos=(178, 395)
2026-05-10 21:40:40,663 - VehicleCounter - INFO - [Track] ID=80 | motorbike | Pos=(297, 460)
2026-05-10 21:40:40,663 - VehicleCounter - INFO - [Track] ID=85 | motorbike | Pos=(59, 452)
2026-05-10 21:40:40,663 - VehicleCounter - INFO - [Track] ID=73 | motorbike | Pos=(14, 252)
2026-05-10 21:40:40,664 - VehicleCounter - INFO - [Track] ID=87 | motorbike | Pos=(127, 484)
2026-05-10 21:40:40,664 - VehicleCounter - INFO - [Track] ID=65 | bus | Pos=(552, 438)
2026-05-10 21:40:40,664 - VehicleCounter - INFO - [Track] ID=88 | motorbike | Pos=(238, 546)
2026-05-10 21:40:40,664 - VehicleCounter - INFO - [Track] ID=89 | motorbike | Pos=(18, 500)
2026-05-10 21:40:40,664 - VehicleCounter - INFO - [Track] ID=90 | motorbike | Pos=(409, 553)
2026-05-10 21:40:40,664 - VehicleCounter - INFO - [Track] ID=83 | motorbike | Pos=(89, 408)
2026-05-10 21:40:40,665 - VehicleCounter - INFO - [Track] ID=91 | motorbike | Pos=(72, 374)
2026-05-10 21:40:40,665 - VehicleCounter - INFO - [Track] ID=92 | motorbike | Pos=(208, 521)
2026-05-10 21:40:40,900 - VehicleCounter - INFO - [Track] ID=35 | bus | Pos=(335, 309)
2026-05-10 21:40:40,900 - VehicleCounter - INFO - [Track] ID=56 | motorbike | Pos=(271, 289)
2026-05-10 21:40:40,900 - VehicleCounter - INFO - [Track] ID=57 | motorbike | Pos=(116, 266)
2026-05-10 21:40:40,900 - VehicleCounter - INFO - [Track] ID=66 | motorbike | Pos=(230, 302)
2026-05-10 21:40:40,900 - VehicleCounter - INFO - [Track] ID=70 | motorbike | Pos=(252, 369)
2026-05-10 21:40:40,900 - VehicleCounter - INFO - [Track] ID=72 | motorbike | Pos=(162, 340)
2026-05-10 21:40:40,900 - VehicleCounter - INFO - [Track] ID=76 | motorbike | Pos=(327, 404)
2026-05-10 21:40:40,900 - VehicleCounter - INFO - [Track] ID=79 | motorbike | Pos=(176, 389)
2026-05-10 21:40:40,900 - VehicleCounter - INFO - [Track] ID=80 | motorbike | Pos=(299, 453)
2026-05-10 21:40:40,900 - VehicleCounter - INFO - [Track] ID=85 | motorbike | Pos=(65, 443)
2026-05-10 21:40:40,902 - VehicleCounter - INFO - [Track] ID=73 | motorbike | Pos=(15, 251)
2026-05-10 21:40:40,902 - VehicleCounter - INFO - [Track] ID=87 | motorbike | Pos=(130, 476)
2026-05-10 21:40:40,902 - VehicleCounter - INFO - [Track] ID=65 | bus | Pos=(548, 436)
2026-05-10 21:40:40,902 - VehicleCounter - INFO - [Track] ID=88 | motorbike | Pos=(235, 532)
2026-05-10 21:40:40,902 - VehicleCounter - INFO - [Track] ID=89 | motorbike | Pos=(22, 488)
2026-05-10 21:40:40,902 - VehicleCounter - INFO - [Track] ID=90 | motorbike | Pos=(399, 544)
2026-05-10 21:40:40,903 - VehicleCounter - INFO - [Track] ID=83 | motorbike | Pos=(93, 403)
2026-05-10 21:40:40,903 - VehicleCounter - INFO - [Track] ID=91 | motorbike | Pos=(75, 368)
2026-05-10 21:40:40,903 - VehicleCounter - INFO - [Track] ID=92 | motorbike | Pos=(199, 510)
2026-05-10 21:40:40,903 - VehicleCounter - INFO - [Track] ID=93 | motorbike | Pos=(6, 418)
2026-05-10 21:40:41,319 - VehicleCounter - INFO - [Track] ID=35 | bus | Pos=(334, 309)
2026-05-10 21:40:41,320 - VehicleCounter - INFO - [Track] ID=56 | motorbike | Pos=(269, 290)
2026-05-10 21:40:41,320 - VehicleCounter - INFO - [Track] ID=57 | motorbike | Pos=(116, 264)
2026-05-10 21:40:41,320 - VehicleCounter - INFO - [Track] ID=66 | motorbike | Pos=(229, 301)
2026-05-10 21:40:41,320 - VehicleCounter - INFO - [Track] ID=70 | motorbike | Pos=(251, 367)
2026-05-10 21:40:41,320 - VehicleCounter - INFO - [Track] ID=72 | motorbike | Pos=(164, 336)
2026-05-10 21:40:41,321 - VehicleCounter - INFO - [Track] ID=76 | motorbike | Pos=(327, 401)
2026-05-10 21:40:41,321 - VehicleCounter - INFO - [Track] ID=79 | motorbike | Pos=(174, 385)
2026-05-10 21:40:41,321 - VehicleCounter - INFO - [Track] ID=80 | motorbike | Pos=(299, 450)
2026-05-10 21:40:41,322 - VehicleCounter - INFO - [Track] ID=85 | motorbike | Pos=(67, 439)
2026-05-10 21:40:41,322 - VehicleCounter - INFO - [Track] ID=73 | motorbike | Pos=(15, 251)
2026-05-10 21:40:41,322 - VehicleCounter - INFO - [Track] ID=87 | motorbike | Pos=(130, 471)
2026-05-10 21:40:41,322 - VehicleCounter - INFO - [Track] ID=65 | bus | Pos=(546, 435)
2026-05-10 21:40:41,322 - VehicleCounter - INFO - [Track] ID=88 | motorbike | Pos=(235, 523)
2026-05-10 21:40:41,322 - VehicleCounter - INFO - [Track] ID=89 | motorbike | Pos=(24, 480)
2026-05-10 21:40:41,322 - VehicleCounter - INFO - [Track] ID=90 | motorbike | Pos=(393, 538)
2026-05-10 21:40:41,323 - VehicleCounter - INFO - [Track] ID=83 | motorbike | Pos=(95, 399)
2026-05-10 21:40:41,323 - VehicleCounter - INFO - [Track] ID=91 | motorbike | Pos=(74, 367)
2026-05-10 21:40:41,323 - VehicleCounter - INFO - [Track] ID=92 | motorbike | Pos=(194, 503)
2026-05-10 21:40:41,323 - VehicleCounter - INFO - [Track] ID=93 | motorbike | Pos=(8, 411)
2026-05-10 21:40:41,323 - VehicleCounter - INFO - [Track] ID=94 | motorbike | Pos=(144, 432)
2026-05-10 21:40:41,897 - VehicleCounter - INFO - [Track] ID=35 | bus | Pos=(330, 308)
2026-05-10 21:40:41,897 - VehicleCounter - INFO - [Track] ID=57 | motorbike | Pos=(118, 263)
2026-05-10 21:40:41,898 - VehicleCounter - INFO - [Track] ID=66 | motorbike | Pos=(227, 298)
2026-05-10 21:40:41,898 - VehicleCounter - INFO - [Track] ID=70 | motorbike | Pos=(249, 364)
2026-05-10 21:40:41,898 - VehicleCounter - INFO - [Track] ID=72 | motorbike | Pos=(166, 335)
2026-05-10 21:40:41,898 - VehicleCounter - INFO - [Track] ID=76 | motorbike | Pos=(325, 398)
2026-05-10 21:40:41,898 - VehicleCounter - INFO - [Track] ID=79 | motorbike | Pos=(173, 380)
2026-05-10 21:40:41,899 - VehicleCounter - INFO - [Track] ID=80 | motorbike | Pos=(301, 445)
2026-05-10 21:40:41,899 - VehicleCounter - INFO - [Track] ID=85 | motorbike | Pos=(70, 434)
2026-05-10 21:40:41,899 - VehicleCounter - INFO - [Track] ID=73 | motorbike | Pos=(16, 249)
2026-05-10 21:40:41,899 - VehicleCounter - INFO - [Track] ID=87 | motorbike | Pos=(133, 466)
2026-05-10 21:40:41,899 - VehicleCounter - INFO - [Track] ID=65 | bus | Pos=(544, 435)
2026-05-10 21:40:41,899 - VehicleCounter - INFO - [Track] ID=88 | motorbike | Pos=(234, 516)
2026-05-10 21:40:41,900 - VehicleCounter - INFO - [Track] ID=89 | motorbike | Pos=(28, 472)
2026-05-10 21:40:41,900 - VehicleCounter - INFO - [Track] ID=90 | motorbike | Pos=(385, 530)
2026-05-10 21:40:41,900 - VehicleCounter - INFO - [Track] ID=83 | motorbike | Pos=(98, 396)
2026-05-10 21:40:41,900 - VehicleCounter - INFO - [Track] ID=91 | motorbike | Pos=(76, 365)
2026-05-10 21:40:41,900 - VehicleCounter - INFO - [Track] ID=92 | motorbike | Pos=(186, 495)
2026-05-10 21:40:41,900 - VehicleCounter - INFO - [Track] ID=93 | motorbike | Pos=(9, 402)
2026-05-10 21:40:41,901 - VehicleCounter - INFO - [Track] ID=94 | motorbike | Pos=(151, 427)
2026-05-10 21:40:42,315 - VehicleCounter - INFO - [Track] ID=35 | bus | Pos=(327, 305)
2026-05-10 21:40:42,315 - VehicleCounter - INFO - [Track] ID=57 | motorbike | Pos=(119, 260)
2026-05-10 21:40:42,316 - VehicleCounter - INFO - [Track] ID=66 | motorbike | Pos=(224, 295)
2026-05-10 21:40:42,316 - VehicleCounter - INFO - [Track] ID=70 | motorbike | Pos=(246, 361)
2026-05-10 21:40:42,316 - VehicleCounter - INFO - [Track] ID=72 | motorbike | Pos=(167, 328)
2026-05-10 21:40:42,317 - VehicleCounter - INFO - [Track] ID=76 | motorbike | Pos=(324, 393)
2026-05-10 21:40:42,317 - VehicleCounter - INFO - [Track] ID=79 | motorbike | Pos=(170, 375)
2026-05-10 21:40:42,317 - VehicleCounter - INFO - [Track] ID=80 | motorbike | Pos=(303, 439)
2026-05-10 21:40:42,317 - VehicleCounter - INFO - [Track] ID=85 | motorbike | Pos=(74, 427)
2026-05-10 21:40:42,317 - VehicleCounter - INFO - [Track] ID=87 | motorbike | Pos=(137, 456)
2026-05-10 21:40:42,317 - VehicleCounter - INFO - [Track] ID=65 | bus | Pos=(543, 433)
2026-05-10 21:40:42,317 - VehicleCounter - INFO - [Track] ID=88 | motorbike | Pos=(232, 503)
2026-05-10 21:40:42,317 - VehicleCounter - INFO - [Track] ID=89 | motorbike | Pos=(33, 462)
2026-05-10 21:40:42,317 - VehicleCounter - INFO - [Track] ID=90 | motorbike | Pos=(373, 521)
2026-05-10 21:40:42,318 - VehicleCounter - INFO - [Track] ID=83 | motorbike | Pos=(100, 391)
2026-05-10 21:40:42,318 - VehicleCounter - INFO - [Track] ID=91 | motorbike | Pos=(78, 357)
2026-05-10 21:40:42,318 - VehicleCounter - INFO - [Track] ID=92 | motorbike | Pos=(173, 484)
2026-05-10 21:40:42,318 - VehicleCounter - INFO - [Track] ID=93 | motorbike | Pos=(12, 394)
2026-05-10 21:40:42,729 - VehicleCounter - INFO - [Track] ID=35 | bus | Pos=(324, 303)
2026-05-10 21:40:42,729 - VehicleCounter - INFO - [Track] ID=57 | motorbike | Pos=(121, 260)
2026-05-10 21:40:42,729 - VehicleCounter - INFO - [Track] ID=66 | motorbike | Pos=(220, 291)
2026-05-10 21:40:42,729 - VehicleCounter - INFO - [Track] ID=70 | motorbike | Pos=(243, 357)
2026-05-10 21:40:42,730 - VehicleCounter - INFO - [Track] ID=72 | motorbike | Pos=(170, 324)
2026-05-10 21:40:42,730 - VehicleCounter - INFO - [Track] ID=76 | motorbike | Pos=(323, 388)
2026-05-10 21:40:42,730 - VehicleCounter - INFO - [Track] ID=80 | motorbike | Pos=(305, 433)
2026-05-10 21:40:42,730 - VehicleCounter - INFO - [Track] ID=85 | motorbike | Pos=(77, 420)
2026-05-10 21:40:42,730 - VehicleCounter - INFO - [Track] ID=87 | motorbike | Pos=(138, 448)
2026-05-10 21:40:42,730 - VehicleCounter - INFO - [Track] ID=65 | bus | Pos=(542, 430)
2026-05-10 21:40:42,731 - VehicleCounter - INFO - [Track] ID=88 | motorbike | Pos=(232, 491)
2026-05-10 21:40:42,731 - VehicleCounter - INFO - [Track] ID=89 | motorbike | Pos=(38, 451)
2026-05-10 21:40:42,731 - VehicleCounter - INFO - [Track] ID=90 | motorbike | Pos=(364, 513)
2026-05-10 21:40:42,731 - VehicleCounter - INFO - [Track] ID=83 | motorbike | Pos=(103, 385)
2026-05-10 21:40:42,731 - VehicleCounter - INFO - [Track] ID=91 | motorbike | Pos=(80, 352)
2026-05-10 21:40:42,731 - VehicleCounter - INFO - [Track] ID=92 | motorbike | Pos=(162, 473)
2026-05-10 21:40:42,731 - VehicleCounter - INFO - [Track] ID=93 | motorbike | Pos=(14, 386)
2026-05-10 21:40:42,731 - VehicleCounter - INFO - [Track] ID=95 | motorbike | Pos=(554, 620)
2026-05-10 21:40:42,966 - VehicleCounter - INFO - [Track] ID=35 | bus | Pos=(321, 302)
2026-05-10 21:40:42,966 - VehicleCounter - INFO - [Track] ID=57 | motorbike | Pos=(122, 258)
2026-05-10 21:40:42,966 - VehicleCounter - INFO - [Track] ID=66 | motorbike | Pos=(219, 290)
2026-05-10 21:40:42,966 - VehicleCounter - INFO - [Track] ID=70 | motorbike | Pos=(241, 355)
2026-05-10 21:40:42,967 - VehicleCounter - INFO - [Track] ID=72 | motorbike | Pos=(170, 324)
2026-05-10 21:40:42,967 - VehicleCounter - INFO - [Track] ID=76 | motorbike | Pos=(323, 387)
2026-05-10 21:40:42,967 - VehicleCounter - INFO - [Track] ID=80 | motorbike | Pos=(306, 430)
2026-05-10 21:40:42,967 - VehicleCounter - INFO - [Track] ID=85 | motorbike | Pos=(79, 417)
2026-05-10 21:40:42,967 - VehicleCounter - INFO - [Track] ID=87 | motorbike | Pos=(137, 442)
2026-05-10 21:40:42,967 - VehicleCounter - INFO - [Track] ID=65 | bus | Pos=(541, 428)
2026-05-10 21:40:42,967 - VehicleCounter - INFO - [Track] ID=88 | motorbike | Pos=(232, 486)
2026-05-10 21:40:42,967 - VehicleCounter - INFO - [Track] ID=89 | motorbike | Pos=(39, 446)
2026-05-10 21:40:42,967 - VehicleCounter - INFO - [Track] ID=90 | motorbike | Pos=(359, 508)
2026-05-10 21:40:42,967 - VehicleCounter - INFO - [Track] ID=83 | motorbike | Pos=(104, 382)
2026-05-10 21:40:42,967 - VehicleCounter - INFO - [Track] ID=91 | motorbike | Pos=(80, 349)
2026-05-10 21:40:42,967 - VehicleCounter - INFO - [Track] ID=92 | motorbike | Pos=(156, 467)
2026-05-10 21:40:42,968 - VehicleCounter - INFO - [Track] ID=93 | motorbike | Pos=(16, 384)
2026-05-10 21:40:42,968 - VehicleCounter - INFO - [Track] ID=95 | motorbike | Pos=(543, 612)
2026-05-10 21:40:42,968 - VehicleCounter - INFO - [Track] ID=96 | motorbike | Pos=(170, 407)
2026-05-10 21:40:43,387 - VehicleCounter - INFO - [Track] ID=35 | bus | Pos=(316, 301)
2026-05-10 21:40:43,387 - VehicleCounter - INFO - [Track] ID=66 | motorbike | Pos=(216, 289)
2026-05-10 21:40:43,388 - VehicleCounter - INFO - [Track] ID=70 | motorbike | Pos=(237, 352)
2026-05-10 21:40:43,388 - VehicleCounter - INFO - [Track] ID=72 | motorbike | Pos=(172, 321)
2026-05-10 21:40:43,388 - VehicleCounter - INFO - [Track] ID=80 | motorbike | Pos=(308, 425)
2026-05-10 21:40:43,388 - VehicleCounter - INFO - [Track] ID=85 | motorbike | Pos=(81, 409)
2026-05-10 21:40:43,388 - VehicleCounter - INFO - [Track] ID=65 | bus | Pos=(542, 425)
2026-05-10 21:40:43,388 - VehicleCounter - INFO - [Track] ID=88 | motorbike | Pos=(230, 474)
2026-05-10 21:40:43,388 - VehicleCounter - INFO - [Track] ID=89 | motorbike | Pos=(42, 437)
2026-05-10 21:40:43,390 - VehicleCounter - INFO - [Track] ID=90 | motorbike | Pos=(349, 499)
2026-05-10 21:40:43,390 - VehicleCounter - INFO - [Track] ID=83 | motorbike | Pos=(106, 377)
2026-05-10 21:40:43,390 - VehicleCounter - INFO - [Track] ID=91 | motorbike | Pos=(81, 345)
2026-05-10 21:40:43,390 - VehicleCounter - INFO - [Track] ID=92 | motorbike | Pos=(143, 454)
2026-05-10 21:40:43,390 - VehicleCounter - INFO - [Track] ID=93 | motorbike | Pos=(21, 375)
2026-05-10 21:40:43,390 - VehicleCounter - INFO - [Track] ID=95 | motorbike | Pos=(506, 600)
2026-05-10 21:40:43,390 - VehicleCounter - INFO - [Track] ID=96 | motorbike | Pos=(173, 410)
2026-05-10 21:40:43,804 - VehicleCounter - INFO - [Track] ID=35 | bus | Pos=(313, 301)
2026-05-10 21:40:43,804 - VehicleCounter - INFO - [Track] ID=66 | motorbike | Pos=(213, 286)
2026-05-10 21:40:43,804 - VehicleCounter - INFO - [Track] ID=70 | motorbike | Pos=(235, 349)
2026-05-10 21:40:43,804 - VehicleCounter - INFO - [Track] ID=72 | motorbike | Pos=(173, 319)
2026-05-10 21:40:43,804 - VehicleCounter - INFO - [Track] ID=80 | motorbike | Pos=(309, 420)
2026-05-10 21:40:43,805 - VehicleCounter - INFO - [Track] ID=85 | motorbike | Pos=(83, 406)
2026-05-10 21:40:43,805 - VehicleCounter - INFO - [Track] ID=65 | bus | Pos=(541, 426)
2026-05-10 21:40:43,805 - VehicleCounter - INFO - [Track] ID=88 | motorbike | Pos=(230, 464)
2026-05-10 21:40:43,805 - VehicleCounter - INFO - [Track] ID=89 | motorbike | Pos=(44, 429)
2026-05-10 21:40:43,805 - VehicleCounter - INFO - [Track] ID=90 | motorbike | Pos=(344, 491)
2026-05-10 21:40:43,805 - VehicleCounter - INFO - [Track] ID=83 | motorbike | Pos=(108, 373)
2026-05-10 21:40:43,806 - VehicleCounter - INFO - [Track] ID=91 | motorbike | Pos=(81, 341)
2026-05-10 21:40:43,806 - VehicleCounter - INFO - [Track] ID=92 | motorbike | Pos=(137, 446)
2026-05-10 21:40:43,806 - VehicleCounter - INFO - [Track] ID=93 | motorbike | Pos=(25, 368)
2026-05-10 21:40:43,806 - VehicleCounter - INFO - [Track] ID=95 | motorbike | Pos=(480, 592)
2026-05-10 21:40:43,806 - VehicleCounter - INFO - [Track] ID=96 | motorbike | Pos=(177, 405)
2026-05-10 21:40:43,806 - VehicleCounter - INFO - [Track] ID=97 | motorbike | Pos=(399, 618)
2026-05-10 21:40:43,806 - VehicleCounter - INFO - [Track] ID=98 | motorbike | Pos=(5, 364)
2026-05-10 21:40:43,806 - VehicleCounter - INFO - [Track] ID=79 | motorbike | Pos=(156, 356)
2026-05-10 21:40:44,244 - VehicleCounter - INFO - [Track] ID=35 | bus | Pos=(312, 300)
2026-05-10 21:40:44,244 - VehicleCounter - INFO - [Track] ID=66 | motorbike | Pos=(212, 285)
2026-05-10 21:40:44,244 - VehicleCounter - INFO - [Track] ID=70 | motorbike | Pos=(233, 347)
2026-05-10 21:40:44,244 - VehicleCounter - INFO - [Track] ID=72 | motorbike | Pos=(173, 317)
2026-05-10 21:40:44,245 - VehicleCounter - INFO - [Track] ID=80 | motorbike | Pos=(309, 418)
2026-05-10 21:40:44,245 - VehicleCounter - INFO - [Track] ID=85 | motorbike | Pos=(84, 403)
2026-05-10 21:40:44,245 - VehicleCounter - INFO - [Track] ID=65 | bus | Pos=(541, 425)
2026-05-10 21:40:44,245 - VehicleCounter - INFO - [Track] ID=88 | motorbike | Pos=(230, 460)
2026-05-10 21:40:44,246 - VehicleCounter - INFO - [Track] ID=89 | motorbike | Pos=(44, 425)
2026-05-10 21:40:44,246 - VehicleCounter - INFO - [Track] ID=90 | motorbike | Pos=(341, 487)
2026-05-10 21:40:44,246 - VehicleCounter - INFO - [Track] ID=83 | motorbike | Pos=(108, 371)
2026-05-10 21:40:44,246 - VehicleCounter - INFO - [Track] ID=91 | motorbike | Pos=(80, 340)
2026-05-10 21:40:44,246 - VehicleCounter - INFO - [Track] ID=92 | motorbike | Pos=(133, 444)
2026-05-10 21:40:44,246 - VehicleCounter - INFO - [Track] ID=93 | motorbike | Pos=(26, 365)
2026-05-10 21:40:44,247 - VehicleCounter - INFO - [Track] ID=95 | motorbike | Pos=(472, 590)
2026-05-10 21:40:44,247 - VehicleCounter - INFO - [Track] ID=96 | motorbike | Pos=(179, 403)
2026-05-10 21:40:44,247 - VehicleCounter - INFO - [Track] ID=97 | motorbike | Pos=(393, 611)
2026-05-10 21:40:44,247 - VehicleCounter - INFO - [Track] ID=98 | motorbike | Pos=(5, 363)
2026-05-10 21:40:44,247 - VehicleCounter - INFO - [Track] ID=79 | motorbike | Pos=(156, 353)
2026-05-10 21:40:44,480 - VehicleCounter - INFO - [Track] ID=35 | bus | Pos=(311, 299)
2026-05-10 21:40:44,481 - VehicleCounter - INFO - [Track] ID=66 | motorbike | Pos=(211, 285)
2026-05-10 21:40:44,481 - VehicleCounter - INFO - [Track] ID=70 | motorbike | Pos=(232, 346)
2026-05-10 21:40:44,481 - VehicleCounter - INFO - [Track] ID=72 | motorbike | Pos=(173, 315)
2026-05-10 21:40:44,482 - VehicleCounter - INFO - [Track] ID=80 | motorbike | Pos=(309, 414)
2026-05-10 21:40:44,482 - VehicleCounter - INFO - [Track] ID=85 | motorbike | Pos=(84, 402)
2026-05-10 21:40:44,482 - VehicleCounter - INFO - [Track] ID=65 | bus | Pos=(542, 426)
2026-05-10 21:40:44,482 - VehicleCounter - INFO - [Track] ID=88 | motorbike | Pos=(229, 455)
2026-05-10 21:40:44,482 - VehicleCounter - INFO - [Track] ID=89 | motorbike | Pos=(44, 422)
2026-05-10 21:40:44,482 - VehicleCounter - INFO - [Track] ID=90 | motorbike | Pos=(340, 483)
2026-05-10 21:40:44,483 - VehicleCounter - INFO - [Track] ID=83 | motorbike | Pos=(108, 369)
2026-05-10 21:40:44,483 - VehicleCounter - INFO - [Track] ID=91 | motorbike | Pos=(80, 339)
2026-05-10 21:40:44,483 - VehicleCounter - INFO - [Track] ID=92 | motorbike | Pos=(130, 442)
2026-05-10 21:40:44,483 - VehicleCounter - INFO - [Track] ID=93 | motorbike | Pos=(28, 362)
2026-05-10 21:40:44,483 - VehicleCounter - INFO - [Track] ID=95 | motorbike | Pos=(463, 584)
2026-05-10 21:40:44,483 - VehicleCounter - INFO - [Track] ID=96 | motorbike | Pos=(180, 401)
2026-05-10 21:40:44,483 - VehicleCounter - INFO - [Track] ID=97 | motorbike | Pos=(386, 608)
2026-05-10 21:40:44,483 - VehicleCounter - INFO - [Track] ID=98 | motorbike | Pos=(5, 360)
2026-05-10 21:40:44,484 - VehicleCounter - INFO - [Track] ID=79 | motorbike | Pos=(154, 350)
2026-05-10 21:40:44,887 - VehicleCounter - INFO - [Track] ID=35 | bus | Pos=(304, 295)
2026-05-10 21:40:44,887 - VehicleCounter - INFO - [Track] ID=66 | motorbike | Pos=(207, 279)
2026-05-10 21:40:44,887 - VehicleCounter - INFO - [Track] ID=70 | motorbike | Pos=(225, 339)
2026-05-10 21:40:44,887 - VehicleCounter - INFO - [Track] ID=72 | motorbike | Pos=(174, 310)
2026-05-10 21:40:44,887 - VehicleCounter - INFO - [Track] ID=80 | motorbike | Pos=(309, 401)
2026-05-10 21:40:44,887 - VehicleCounter - INFO - [Track] ID=85 | motorbike | Pos=(87, 390)
2026-05-10 21:40:44,887 - VehicleCounter - INFO - [Track] ID=65 | bus | Pos=(540, 427)
2026-05-10 21:40:44,888 - VehicleCounter - INFO - [Track] ID=88 | motorbike | Pos=(227, 439)
2026-05-10 21:40:44,888 - VehicleCounter - INFO - [Track] ID=89 | motorbike | Pos=(45, 407)
2026-05-10 21:40:44,888 - VehicleCounter - INFO - [Track] ID=90 | motorbike | Pos=(333, 468)
2026-05-10 21:40:44,888 - VehicleCounter - INFO - [Track] ID=83 | motorbike | Pos=(112, 353)
2026-05-10 21:40:44,888 - VehicleCounter - INFO - [Track] ID=91 | motorbike | Pos=(79, 333)
2026-05-10 21:40:44,888 - VehicleCounter - INFO - [Track] ID=92 | motorbike | Pos=(115, 427)
2026-05-10 21:40:44,888 - VehicleCounter - INFO - [Track] ID=93 | motorbike | Pos=(32, 349)
2026-05-10 21:40:44,888 - VehicleCounter - INFO - [Track] ID=95 | motorbike | Pos=(423, 569)
2026-05-10 21:40:44,889 - VehicleCounter - INFO - [Track] ID=96 | motorbike | Pos=(184, 392)
2026-05-10 21:40:44,889 - VehicleCounter - INFO - [Track] ID=97 | motorbike | Pos=(358, 591)
2026-05-10 21:40:44,889 - VehicleCounter - INFO - [Track] ID=98 | motorbike | Pos=(9, 346)
2026-05-10 21:40:44,889 - VehicleCounter - INFO - [Track] ID=79 | motorbike | Pos=(150, 344)
2026-05-10 21:40:44,889 - VehicleCounter - INFO - [Track] ID=87 | motorbike | Pos=(148, 412)
2026-05-10 21:40:44,889 - VehicleCounter - INFO - [Track] ID=100 | motorbike | Pos=(292, 606)
2026-05-10 21:40:45,306 - VehicleCounter - INFO - [Track] ID=35 | bus | Pos=(301, 291)
2026-05-10 21:40:45,307 - VehicleCounter - INFO - [Track] ID=66 | motorbike | Pos=(206, 278)
2026-05-10 21:40:45,307 - VehicleCounter - INFO - [Track] ID=70 | motorbike | Pos=(222, 337)
2026-05-10 21:40:45,307 - VehicleCounter - INFO - [Track] ID=72 | motorbike | Pos=(174, 307)
2026-05-10 21:40:45,308 - VehicleCounter - INFO - [Track] ID=80 | motorbike | Pos=(309, 397)
2026-05-10 21:40:45,308 - VehicleCounter - INFO - [Track] ID=85 | motorbike | Pos=(88, 383)
2026-05-10 21:40:45,308 - VehicleCounter - INFO - [Track] ID=65 | bus | Pos=(540, 427)
2026-05-10 21:40:45,308 - VehicleCounter - INFO - [Track] ID=88 | motorbike | Pos=(226, 431)
2026-05-10 21:40:45,308 - VehicleCounter - INFO - [Track] ID=89 | motorbike | Pos=(44, 401)
2026-05-10 21:40:45,309 - VehicleCounter - INFO - [Track] ID=90 | motorbike | Pos=(331, 461)
2026-05-10 21:40:45,309 - VehicleCounter - INFO - [Track] ID=83 | motorbike | Pos=(114, 349)
2026-05-10 21:40:45,309 - VehicleCounter - INFO - [Track] ID=91 | motorbike | Pos=(79, 330)
2026-05-10 21:40:45,309 - VehicleCounter - INFO - [Track] ID=92 | motorbike | Pos=(108, 422)
2026-05-10 21:40:45,309 - VehicleCounter - INFO - [Track] ID=93 | motorbike | Pos=(36, 340)
2026-05-10 21:40:45,309 - VehicleCounter - INFO - [Track] ID=95 | motorbike | Pos=(406, 561)
2026-05-10 21:40:45,309 - VehicleCounter - INFO - [Track] ID=96 | motorbike | Pos=(186, 387)
2026-05-10 21:40:45,310 - VehicleCounter - INFO - [Track] ID=97 | motorbike | Pos=(345, 583)
2026-05-10 21:40:45,310 - VehicleCounter - INFO - [Track] ID=98 | motorbike | Pos=(10, 341)
2026-05-10 21:40:45,310 - VehicleCounter - INFO - [Track] ID=79 | motorbike | Pos=(149, 339)
2026-05-10 21:40:45,310 - VehicleCounter - INFO - [Track] ID=87 | motorbike | Pos=(148, 408)
2026-05-10 21:40:45,310 - VehicleCounter - INFO - [Track] ID=100 | motorbike | Pos=(277, 597)
2026-05-10 21:40:45,310 - VehicleCounter - INFO - [Track] ID=101 | motorbike | Pos=(536, 615)
2026-05-10 21:40:45,739 - VehicleCounter - INFO - [Track] ID=35 | bus | Pos=(297, 289)
2026-05-10 21:40:45,739 - VehicleCounter - INFO - [Track] ID=66 | motorbike | Pos=(203, 277)
2026-05-10 21:40:45,739 - VehicleCounter - INFO - [Track] ID=70 | motorbike | Pos=(219, 335)
2026-05-10 21:40:45,739 - VehicleCounter - INFO - [Track] ID=72 | motorbike | Pos=(174, 305)
2026-05-10 21:40:45,739 - VehicleCounter - INFO - [Track] ID=80 | motorbike | Pos=(308, 391)
2026-05-10 21:40:45,739 - VehicleCounter - INFO - [Track] ID=65 | bus | Pos=(540, 426)
2026-05-10 21:40:45,739 - VehicleCounter - INFO - [Track] ID=88 | motorbike | Pos=(225, 424)
2026-05-10 21:40:45,741 - VehicleCounter - INFO - [Track] ID=89 | motorbike | Pos=(43, 396)
2026-05-10 21:40:45,741 - VehicleCounter - INFO - [Track] ID=90 | motorbike | Pos=(331, 454)
2026-05-10 21:40:45,741 - VehicleCounter - INFO - [Track] ID=83 | motorbike | Pos=(114, 348)
2026-05-10 21:40:45,741 - VehicleCounter - INFO - [Track] ID=91 | motorbike | Pos=(78, 328)
2026-05-10 21:40:45,741 - VehicleCounter - INFO - [Track] ID=92 | motorbike | Pos=(102, 414)
2026-05-10 21:40:45,741 - VehicleCounter - INFO - [Track] ID=93 | motorbike | Pos=(37, 336)
2026-05-10 21:40:45,742 - VehicleCounter - INFO - [Track] ID=95 | motorbike | Pos=(390, 553)
2026-05-10 21:40:45,742 - VehicleCounter - INFO - [Track] ID=96 | motorbike | Pos=(186, 382)
2026-05-10 21:40:45,742 - VehicleCounter - INFO - [Track] ID=97 | motorbike | Pos=(331, 576)
2026-05-10 21:40:45,742 - VehicleCounter - INFO - [Track] ID=98 | motorbike | Pos=(11, 336)
2026-05-10 21:40:45,743 - VehicleCounter - INFO - [Track] ID=79 | motorbike | Pos=(147, 335)
2026-05-10 21:40:45,743 - VehicleCounter - INFO - [Track] ID=87 | motorbike | Pos=(148, 403)
2026-05-10 21:40:45,743 - VehicleCounter - INFO - [Track] ID=100 | motorbike | Pos=(264, 587)
2026-05-10 21:40:45,743 - VehicleCounter - INFO - [Track] ID=101 | motorbike | Pos=(510, 603)
2026-05-10 21:40:45,987 - VehicleCounter - INFO - [Track] ID=35 | bus | Pos=(295, 288)
2026-05-10 21:40:45,988 - VehicleCounter - INFO - [Track] ID=66 | motorbike | Pos=(201, 275)
2026-05-10 21:40:45,988 - VehicleCounter - INFO - [Track] ID=70 | motorbike | Pos=(216, 333)
2026-05-10 21:40:45,989 - VehicleCounter - INFO - [Track] ID=72 | motorbike | Pos=(174, 303)
2026-05-10 21:40:45,989 - VehicleCounter - INFO - [Track] ID=80 | motorbike | Pos=(307, 388)
2026-05-10 21:40:45,989 - VehicleCounter - INFO - [Track] ID=65 | bus | Pos=(539, 426)
2026-05-10 21:40:45,989 - VehicleCounter - INFO - [Track] ID=88 | motorbike | Pos=(225, 418)
2026-05-10 21:40:45,989 - VehicleCounter - INFO - [Track] ID=89 | motorbike | Pos=(43, 390)
2026-05-10 21:40:45,989 - VehicleCounter - INFO - [Track] ID=90 | motorbike | Pos=(331, 449)
2026-05-10 21:40:45,989 - VehicleCounter - INFO - [Track] ID=83 | motorbike | Pos=(115, 347)
2026-05-10 21:40:45,989 - VehicleCounter - INFO - [Track] ID=91 | motorbike | Pos=(77, 326)
2026-05-10 21:40:45,989 - VehicleCounter - INFO - [Track] ID=92 | motorbike | Pos=(97, 406)
2026-05-10 21:40:45,989 - VehicleCounter - INFO - [Track] ID=93 | motorbike | Pos=(37, 331)
2026-05-10 21:40:45,990 - VehicleCounter - INFO - [Track] ID=95 | motorbike | Pos=(380, 543)
2026-05-10 21:40:45,990 - VehicleCounter - INFO - [Track] ID=96 | motorbike | Pos=(187, 379)
2026-05-10 21:40:45,990 - VehicleCounter - INFO - [Track] ID=97 | motorbike | Pos=(322, 570)
2026-05-10 21:40:45,991 - VehicleCounter - INFO - [Track] ID=98 | motorbike | Pos=(14, 332)
2026-05-10 21:40:45,991 - VehicleCounter - INFO - [Track] ID=79 | motorbike | Pos=(145, 334)
2026-05-10 21:40:45,991 - VehicleCounter - INFO - [Track] ID=87 | motorbike | Pos=(148, 399)
2026-05-10 21:40:45,991 - VehicleCounter - INFO - [Track] ID=100 | motorbike | Pos=(254, 580)
2026-05-10 21:40:45,991 - VehicleCounter - INFO - [Track] ID=101 | motorbike | Pos=(489, 597)
2026-05-10 21:43:17,762 - VehicleCounter - INFO - Starting Vehicle Counter & Traffic Analytics System...
2026-05-10 21:43:27,127 - VehicleCounter - INFO - Loaded video source: E:/EAUT/Python/final_test/test/cam4.mp4
2026-05-10 21:43:35,563 - VehicleCounter - INFO - Loading model from E:/EAUT/Python/final_test/model/lastest.pt...
2026-05-10 21:43:35,744 - VehicleCounter - INFO - Model loaded successfully.
2026-05-10 21:45:07,501 - VehicleCounter - INFO - Starting Vehicle Counter & Traffic Analytics System...
2026-05-10 21:45:42,283 - VehicleCounter - INFO - Loaded video source: E:/EAUT/Python/final_test/test/cam4.mp4
2026-05-10 21:45:50,927 - VehicleCounter - INFO - Loading model from E:/EAUT/Python/final_test/model/lastest.pt...
2026-05-10 21:45:51,099 - VehicleCounter - INFO - Model loaded successfully.
2026-05-10 21:48:28,803 - VehicleCounter - INFO - End of video stream reached.
2026-05-10 22:25:00,285 - VehicleCounter - INFO - Starting Vehicle Counter & Traffic Analytics System...
2026-05-10 22:25:20,908 - VehicleCounter - INFO - Starting Vehicle Counter & Traffic Analytics System...
2026-05-10 22:25:28,775 - VehicleCounter - INFO - Loaded video source: E:/EAUT/Python/final_test/test/cam4.mp4
2026-05-10 22:25:37,935 - VehicleCounter - INFO - Loading model from E:/EAUT/Python/final_test/model/lastest.pt...
2026-05-10 22:25:39,333 - VehicleCounter - INFO - Model loaded successfully.
2026-05-10 22:55:27,256 - VehicleCounter - INFO - Starting Vehicle Counter & Traffic Analytics System...
2026-05-10 22:55:27,301 - VehicleCounter - ERROR - Failed to start application: arguments did not match any overloaded call:
  QSpacerItem(w: int, h: int, hPolicy: QSizePolicy.Policy = QSizePolicy.Minimum, vPolicy: QSizePolicy.Policy = QSizePolicy.Minimum): argument 1 has unexpected type 'Policy'
  QSpacerItem(a0: QSpacerItem): argument 1 has unexpected type 'Policy'
2026-05-10 22:56:48,505 - VehicleCounter - INFO - Starting Vehicle Counter & Traffic Analytics System...
2026-05-10 22:56:48,538 - VehicleCounter - ERROR - Failed to start application: arguments did not match any overloaded call:
  QSpacerItem(w: int, h: int, hPolicy: QSizePolicy.Policy = QSizePolicy.Minimum, vPolicy: QSizePolicy.Policy = QSizePolicy.Minimum): argument 1 has unexpected type 'Policy'
  QSpacerItem(a0: QSpacerItem): argument 1 has unexpected type 'Policy'
2026-05-10 22:58:25,436 - VehicleCounter - INFO - Starting Vehicle Counter & Traffic Analytics System...
2026-05-10 22:58:25,469 - VehicleCounter - ERROR - Failed to start application: arguments did not match any overloaded call:
  QSpacerItem(w: int, h: int, hPolicy: QSizePolicy.Policy = QSizePolicy.Minimum, vPolicy: QSizePolicy.Policy = QSizePolicy.Minimum): argument 1 has unexpected type 'Policy'
  QSpacerItem(a0: QSpacerItem): argument 1 has unexpected type 'Policy'
2026-05-10 23:02:46,425 - VehicleCounter - INFO - Starting Vehicle Counter & Traffic Analytics System...
2026-05-10 23:02:46,458 - VehicleCounter - ERROR - Failed to start application: arguments did not match any overloaded call:
  QSpacerItem(w: int, h: int, hPolicy: QSizePolicy.Policy = QSizePolicy.Minimum, vPolicy: QSizePolicy.Policy = QSizePolicy.Minimum): argument 1 has unexpected type 'Policy'
  QSpacerItem(a0: QSpacerItem): argument 1 has unexpected type 'Policy'
2026-05-10 23:04:16,473 - VehicleCounter - INFO - Starting Vehicle Counter & Traffic Analytics System...
2026-05-10 23:07:58,533 - VehicleCounter - INFO - Starting Vehicle Counter & Traffic Analytics System...
2026-05-10 23:08:02,869 - VehicleCounter - INFO - Loaded video source: E:/EAUT/Python/final_test/test/cam4.mp4
2026-05-10 23:18:06,181 - VehicleCounter - INFO - Starting Vehicle Counter & Traffic Analytics System...
2026-05-10 23:19:12,713 - VehicleCounter - INFO - Starting Vehicle Counter & Traffic Analytics System...
2026-05-10 23:19:33,884 - VehicleCounter - INFO - Loaded video source: E:/EAUT/Python/final_test/test/cam4.mp4
2026-05-10 23:19:45,051 - VehicleCounter - INFO - Loading model from E:/EAUT/Python/final_test/model/lastest.pt...
2026-05-10 23:19:46,322 - VehicleCounter - INFO - Model loaded successfully.
2026-05-10 23:23:12,874 - VehicleCounter - INFO - Starting Vehicle Counter & Traffic Analytics System...
2026-05-10 23:24:32,709 - VehicleCounter - INFO - Starting Vehicle Counter & Traffic Analytics System...
2026-05-10 23:24:32,745 - VehicleCounter - ERROR - Failed to start application: 'StatsDialog' object has no attribute 'btn_close'
2026-05-10 23:26:31,065 - VehicleCounter - INFO - Starting Vehicle Counter & Traffic Analytics System...
2026-05-10 23:26:31,101 - VehicleCounter - ERROR - Failed to start application: 'StatsDialog' object has no attribute 'btn_close'
2026-05-10 23:27:19,477 - VehicleCounter - INFO - Starting Vehicle Counter & Traffic Analytics System...
2026-05-10 23:27:57,502 - VehicleCounter - INFO - Starting Vehicle Counter & Traffic Analytics System...
2026-05-10 23:28:01,563 - VehicleCounter - INFO - Loaded video source: E:/EAUT/Python/final_test/test/cam4.mp4
2026-05-10 23:28:08,128 - VehicleCounter - INFO - Loading model from E:/EAUT/Python/final_test/model/lastest.pt...
2026-05-10 23:28:08,302 - VehicleCounter - INFO - Model loaded successfully.
2026-05-10 23:33:04,601 - VehicleCounter - INFO - Starting Vehicle Counter & Traffic Analytics System...
2026-05-10 23:33:10,256 - VehicleCounter - INFO - Loaded video source: E:/EAUT/Python/final_test/test/cam4.mp4
2026-05-10 23:33:18,541 - VehicleCounter - INFO - Loading model from E:/EAUT/Python/final_test/model/lastest.pt...
2026-05-10 23:33:18,718 - VehicleCounter - INFO - Model loaded successfully.
2026-05-10 23:38:15,779 - VehicleCounter - INFO - Starting Vehicle Counter & Traffic Analytics System...
2026-05-10 23:38:25,703 - VehicleCounter - INFO - Loaded video source: E:/EAUT/Python/final_test/test/cam4.mp4
2026-05-10 23:38:32,985 - VehicleCounter - INFO - Loading model from E:/EAUT/Python/final_test/model/lastest.pt...
2026-05-10 23:38:33,137 - VehicleCounter - INFO - Model loaded successfully.
2026-05-10 23:43:11,702 - VehicleCounter - INFO - Starting Vehicle Counter & Traffic Analytics System...
2026-05-10 23:43:16,462 - VehicleCounter - INFO - Loaded video source: E:/EAUT/Python/final_test/test/cam4.mp4
2026-05-10 23:43:22,460 - VehicleCounter - INFO - Loading model from E:/EAUT/Python/final_test/model/lastest.pt...
2026-05-10 23:43:22,631 - VehicleCounter - INFO - Model loaded successfully.
2026-05-10 23:45:13,758 - VehicleCounter - INFO - Starting Vehicle Counter & Traffic Analytics System...
2026-05-10 23:45:21,736 - VehicleCounter - INFO - Loaded video source: E:/EAUT/Python/final_test/test/cam4.mp4
2026-05-10 23:45:31,131 - VehicleCounter - INFO - Loading model from E:/EAUT/Python/final_test/model/lastest.pt...
2026-05-10 23:45:31,289 - VehicleCounter - INFO - Model loaded successfully.
2026-05-10 23:46:16,572 - VehicleCounter - INFO - Starting Vehicle Counter & Traffic Analytics System...
2026-05-10 23:46:20,389 - VehicleCounter - INFO - Loaded video source: E:/EAUT/Python/final_test/test/cam4.mp4
2026-05-10 23:46:26,222 - VehicleCounter - INFO - Loading model from E:/EAUT/Python/final_test/model/lastest.pt...
2026-05-10 23:46:26,377 - VehicleCounter - INFO - Model loaded successfully.
2026-05-10 23:47:12,863 - VehicleCounter - INFO - Starting Vehicle Counter & Traffic Analytics System...
2026-05-10 23:47:15,659 - VehicleCounter - INFO - Loaded video source: E:/EAUT/Python/final_test/test/cam4.mp4
2026-05-10 23:47:20,023 - VehicleCounter - INFO - Loading model from E:/EAUT/Python/final_test/model/lastest.pt...
2026-05-10 23:47:20,177 - VehicleCounter - INFO - Model loaded successfully.
2026-05-10 23:48:15,870 - VehicleCounter - INFO - Starting Vehicle Counter & Traffic Analytics System...
2026-05-10 23:48:19,112 - VehicleCounter - INFO - Loaded video source: E:/EAUT/Python/final_test/test/cam4.mp4
2026-05-10 23:48:23,382 - VehicleCounter - INFO - Loading model from E:/EAUT/Python/final_test/model/lastest.pt...
2026-05-10 23:48:23,536 - VehicleCounter - INFO - Model loaded successfully.
2026-05-10 23:54:14,865 - VehicleCounter - INFO - Starting Vehicle Counter & Traffic Analytics System...
2026-05-10 23:54:20,788 - VehicleCounter - INFO - Loaded video source: E:/EAUT/Python/final_test/test/cam4.mp4
2026-05-10 23:54:25,374 - VehicleCounter - INFO - Loading model from E:/EAUT/Python/final_test/model/lastest.pt...
2026-05-10 23:54:25,535 - VehicleCounter - INFO - Model loaded successfully.
2026-05-11 00:05:35,809 - VehicleCounter - INFO - Starting Vehicle Counter & Traffic Analytics System...
2026-05-11 00:05:39,440 - VehicleCounter - INFO - Loaded video source: E:/EAUT/Python/final_test/test/cam4.mp4
2026-05-11 00:05:50,175 - VehicleCounter - INFO - Loading model from E:/EAUT/Python/final_test/model/lastest.pt...
2026-05-11 00:05:50,330 - VehicleCounter - INFO - Model loaded successfully.
2026-05-11 00:08:15,082 - VehicleCounter - INFO - End of video stream reached.
2026-05-11 00:08:25,386 - VehicleCounter - INFO - Loaded video source: E:/EAUT/Python/final_test/test/cam1.mp4
2026-05-11 00:08:33,567 - VehicleCounter - INFO - Loading model from E:/EAUT/Python/final_test/model/lastest.pt...
2026-05-11 00:08:33,892 - VehicleCounter - INFO - Model loaded successfully.
2026-05-11 00:08:58,519 - VehicleCounter - INFO - Loading model from E:/EAUT/Python/final_test/model/lastest.pt...
2026-05-11 00:08:58,669 - VehicleCounter - INFO - Model loaded successfully.
2026-05-11 00:10:11,059 - VehicleCounter - INFO - Loaded video source: E:/EAUT/Python/final_test/test/cam2.mp4
2026-05-11 00:10:22,035 - VehicleCounter - INFO - Loading model from E:/EAUT/Python/final_test/model/lastest.pt...
2026-05-11 00:10:22,182 - VehicleCounter - INFO - Model loaded successfully.
2026-05-11 09:58:17,978 - VehicleCounter - INFO - Starting Vehicle Counter & Traffic Analytics System...
2026-05-11 09:58:22,523 - VehicleCounter - INFO - Loaded video source: E:/EAUT/Python/final_test/test/cam4.mp4
2026-05-11 09:58:30,731 - VehicleCounter - INFO - Loading model from E:/EAUT/Python/final_test/model/lastest.pt...
2026-05-11 09:58:33,018 - VehicleCounter - INFO - Model loaded successfully.
2026-05-11 10:01:06,017 - VehicleCounter - INFO - Starting Vehicle Counter & Traffic Analytics System...
2026-05-11 10:01:11,359 - VehicleCounter - INFO - Loaded video source: E:/EAUT/Python/final_test/test/cam4.mp4
2026-05-11 10:01:17,791 - VehicleCounter - INFO - Loading model from E:/EAUT/Python/final_test/model/lastest.pt...
2026-05-11 10:01:18,113 - VehicleCounter - INFO - Model loaded successfully.
2026-05-11 10:01:43,700 - VehicleCounter - INFO - Loaded video source: E:/EAUT/Python/final_test/test/cam2.mp4
2026-05-11 10:01:50,329 - VehicleCounter - INFO - Loading model from E:/EAUT/Python/final_test/model/lastest.pt...
2026-05-11 10:01:50,577 - VehicleCounter - INFO - Model loaded successfully.
2026-05-11 10:02:42,263 - VehicleCounter - INFO - Starting Vehicle Counter & Traffic Analytics System...
2026-05-11 10:02:46,637 - VehicleCounter - INFO - Loaded video source: E:/EAUT/Python/final_test/test/cam4.mp4
2026-05-11 10:03:11,339 - VehicleCounter - INFO - Loading model from E:/EAUT/Python/final_test/model/lastest.pt...
2026-05-11 10:03:11,602 - VehicleCounter - INFO - Model loaded successfully.
2026-05-11 10:04:29,720 - VehicleCounter - INFO - Starting Vehicle Counter & Traffic Analytics System...
2026-05-11 10:04:34,259 - VehicleCounter - INFO - Loaded video source: E:/EAUT/Python/final_test/test/cam3.mp4
2026-05-11 10:04:41,359 - VehicleCounter - INFO - Loading model from E:/EAUT/Python/final_test/model/lastest.pt...
2026-05-11 10:04:41,677 - VehicleCounter - INFO - Model loaded successfully.
2026-05-11 10:07:44,607 - VehicleCounter - INFO - Starting Vehicle Counter & Traffic Analytics System...
2026-05-11 10:07:53,027 - VehicleCounter - INFO - Loaded video source: E:/EAUT/Python/final_test/test/cam4.mp4
2026-05-11 10:07:57,231 - VehicleCounter - INFO - Loading model from E:/EAUT/Python/final_test/model/lastest.pt...
2026-05-11 10:07:57,565 - VehicleCounter - INFO - Model loaded successfully.
2026-05-11 10:11:05,873 - VehicleCounter - INFO - Loaded video source: E:/EAUT/Python/final_test/test/cam4.mp4
2026-05-11 10:11:22,265 - VehicleCounter - INFO - Starting Vehicle Counter & Traffic Analytics System...
2026-05-11 10:11:27,306 - VehicleCounter - INFO - Loaded video source: E:/EAUT/Python/final_test/test/cam4.mp4
2026-05-11 10:12:04,325 - VehicleCounter - INFO - Starting Vehicle Counter & Traffic Analytics System...
2026-05-11 10:12:14,873 - VehicleCounter - INFO - Loaded video source: E:/EAUT/Python/final_test/test/cam4.mp4
2026-05-11 10:12:22,844 - VehicleCounter - INFO - Loading model from E:/EAUT/Python/final_test/model/lastest.pt...
2026-05-11 10:12:23,144 - VehicleCounter - INFO - Model loaded successfully.
2026-05-11 10:13:02,978 - VehicleCounter - INFO - Starting Vehicle Counter & Traffic Analytics System...
2026-05-11 10:13:09,254 - VehicleCounter - INFO - Loaded video source: E:/EAUT/Python/final_test/test/cam4.mp4
2026-05-11 10:13:15,101 - VehicleCounter - INFO - Loading model from E:/EAUT/Python/final_test/model/lastest.pt...
2026-05-11 10:13:15,388 - VehicleCounter - INFO - Model loaded successfully.
2026-05-11 10:15:51,635 - VehicleCounter - INFO - End of video stream reached.
2026-05-11 10:18:22,857 - VehicleCounter - INFO - Starting Vehicle Counter & Traffic Analytics System...
2026-05-11 10:18:40,487 - VehicleCounter - INFO - Loaded video source: E:/EAUT/Python/final_test/test/cam1.mp4
2026-05-11 10:18:49,217 - VehicleCounter - INFO - Loading model from E:/EAUT/Python/final_test/model/lastest.pt...
2026-05-11 10:18:50,605 - VehicleCounter - INFO - Model loaded successfully.
